path,class_name,source_type,output_name,group_id
C:\Users\enzoo\PycharmProjects\orbitshield-CV\orbitshield-acv\dataset\raw\rocket\0001720.jpg,rocket,real,real_0001720.jpg,real::rocket::0001720
C:\Users\enzoo\PycharmProjects\orbitshield-CV\orbitshield-acv\dataset\raw\rocket\0006269.jpg,rocket,real,real_0006269.jpg,real::rocket::0006269
C:\Users\enzoo\PycharmProjects\orbitshield-CV\orbitshield-acv\dataset\raw\rocket\0102552.jpg,rocket,real,real_0102552.jpg,real::rocket::0102552
C:\Users\enzoo\PycharmProjects\orbitshield-CV\orbitshield-acv\dataset\raw\rocket\0102743.jpg,rocket,real,real_0102743.jpg,real::rocket::0102743
C:\Users\enzoo\PycharmProjects\orbitshield-CV\orbitshield-acv\dataset\raw\rocket\0202264.jpg,rocket,real,real_0202264.jpg,real::rocket::0202264
C:\Users\enzoo\PycharmProjects\orbitshield-CV\orbitshield-acv\dataset\raw\rocket\0203241.jpg,rocket,real,real_0203241.jpg,real::rocket::0203241
C:\Users\enzoo\PycharmProjects\orbitshield-CV\orbitshield-acv\dataset\raw\rocket\0301769.jpg,rocket,real,real_0301769.jpg,real::rocket::0301769
C:\Users\enzoo\PycharmProjects\orbitshield-CV\orbitshield-acv\dataset\raw\rocket\0301775.jpg,rocket,real,real_0301775.jpg,real::rocket::0301775
C:\Users\enzoo\PycharmProjects\orbitshield-CV\orbitshield-acv\dataset\raw\rocket\0600899.jpg,rocket,real,real_0600899.jpg,real::rocket::0600899
C:\Users\enzoo\PycharmProjects\orbitshield-CV\orbitshield-acv\dataset\raw\rocket\0701542.jpg,rocket,real,real_0701542.jpg,real::rocket::0701542
C:\Users\enzoo\PycharmProjects\orbitshield-CV\orbitshield-acv\dataset\raw\rocket\0701556.jpg,rocket,real,real_0701556.jpg,real::rocket::0701556
C:\Users\enzoo\PycharmProjects\orbitshield-CV\orbitshield-acv\dataset\raw\rocket\0701557.jpg,rocket,real,real_0701557.jpg,real::rocket::0701557
C:\Users\enzoo\PycharmProjects\orbitshield-CV\orbitshield-acv\dataset\raw\rocket\0701576.jpg,rocket,real,real_0701576.jpg,real::rocket::0701576
C:\Users\enzoo\PycharmProjects\orbitshield-CV\orbitshield-acv\dataset\raw\rocket\0701578.jpg,rocket,real,real_0701578.jpg,real::rocket::0701578
C:\Users\enzoo\PycharmProjects\orbitshield-CV\orbitshield-acv\dataset\raw\rocket\0701581.jpg,rocket,real,real_0701581.jpg,real::rocket::0701581
C:\Users\enzoo\PycharmProjects\orbitshield-CV\orbitshield-acv\dataset\raw\rocket\0701583.jpg,rocket,real,real_0701583.jpg,real::rocket::0701583
C:\Users\enzoo\PycharmProjects\orbitshield-CV\orbitshield-acv\dataset\raw\rocket\0701594.jpg,rocket,real,real_0701594.jpg,real::rocket::0701594
C:\Users\enzoo\PycharmProjects\orbitshield-CV\orbitshield-acv\dataset\raw\rocket\0701595.jpg,rocket,real,real_0701595.jpg,real::rocket::0701595
C:\Users\enzoo\PycharmProjects\orbitshield-CV\orbitshield-acv\dataset\raw\rocket\0701609.jpg,rocket,real,real_0701609.jpg,real::rocket::0701609
C:\Users\enzoo\PycharmProjects\orbitshield-CV\orbitshield-acv\dataset\raw\rocket\0701617.jpg,rocket,real,real_0701617.jpg,real::rocket::0701617
C:\Users\enzoo\PycharmProjects\orbitshield-CV\orbitshield-acv\dataset\raw\rocket\0701619.jpg,rocket,real,real_0701619.jpg,real::rocket::0701619
C:\Users\enzoo\PycharmProjects\orbitshield-CV\orbitshield-acv\dataset\raw\rocket\0701621.jpg,rocket,real,real_0701621.jpg,real::rocket::0701621
C:\Users\enzoo\PycharmProjects\orbitshield-CV\orbitshield-acv\dataset\raw\rocket\0701622.jpg,rocket,real,real_0701622.jpg,real::rocket::0701622
C:\Users\enzoo\PycharmProjects\orbitshield-CV\orbitshield-acv\dataset\raw\rocket\0701659.jpg,rocket,real,real_0701659.jpg,real::rocket::0701659
C:\Users\enzoo\PycharmProjects\orbitshield-CV\orbitshield-acv\dataset\raw\rocket\0701718.jpg,rocket,real,real_0701718.jpg,real::rocket::0701718
C:\Users\enzoo\PycharmProjects\orbitshield-CV\orbitshield-acv\dataset\raw\rocket\6517782.jpg,rocket,real,real_6517782.jpg,real::rocket::6517782
C:\Users\enzoo\PycharmProjects\orbitshield-CV\orbitshield-acv\dataset\raw\rocket\6757466.jpg,rocket,real,real_6757466.jpg,real::rocket::6757466
C:\Users\enzoo\PycharmProjects\orbitshield-CV\orbitshield-acv\dataset\raw\rocket\7781099.jpg,rocket,real,real_7781099.jpg,real::rocket::7781099
C:\Users\enzoo\PycharmProjects\orbitshield-CV\orbitshield-acv\dataset\raw\rocket\7993743.jpg,rocket,real,real_7993743.jpg,real::rocket::7993743
C:\Users\enzoo\PycharmProjects\orbitshield-CV\orbitshield-acv\dataset\raw\rocket\8896263.jpg,rocket,real,real_8896263.jpg,real::rocket::8896263
C:\Users\enzoo\PycharmProjects\orbitshield-CV\orbitshield-acv\dataset\raw\rocket\8904412.jpg,rocket,real,real_8904412.jpg,real::rocket::8904412
C:\Users\enzoo\PycharmProjects\orbitshield-CV\orbitshield-acv\dataset\raw\rocket\9022340.jpg,rocket,real,real_9022340.jpg,real::rocket::9022340
C:\Users\enzoo\PycharmProjects\orbitshield-CV\orbitshield-acv\dataset\raw\rocket\9022341.jpg,rocket,real,real_9022341.jpg,real::rocket::9022341
C:\Users\enzoo\PycharmProjects\orbitshield-CV\orbitshield-acv\dataset\raw\rocket\9022354.jpg,rocket,real,real_9022354.jpg,real::rocket::9022354
C:\Users\enzoo\PycharmProjects\orbitshield-CV\orbitshield-acv\dataset\raw\rocket\9131097.jpg,rocket,real,real_9131097.jpg,real::rocket::9131097
C:\Users\enzoo\PycharmProjects\orbitshield-CV\orbitshield-acv\dataset\raw\rocket\9139567.jpg,rocket,real,real_9139567.jpg,real::rocket::9139567
C:\Users\enzoo\PycharmProjects\orbitshield-CV\orbitshield-acv\dataset\raw\rocket\9139569.jpg,rocket,real,real_9139569.jpg,real::rocket::9139569
C:\Users\enzoo\PycharmProjects\orbitshield-CV\orbitshield-acv\dataset\raw\rocket\9139573.jpg,rocket,real,real_9139573.jpg,real::rocket::9139573
C:\Users\enzoo\PycharmProjects\orbitshield-CV\orbitshield-acv\dataset\raw\rocket\9139575.jpg,rocket,real,real_9139575.jpg,real::rocket::9139575
C:\Users\enzoo\PycharmProjects\orbitshield-CV\orbitshield-acv\dataset\raw\rocket\9139577.jpg,rocket,real,real_9139577.jpg,real::rocket::9139577
C:\Users\enzoo\PycharmProjects\orbitshield-CV\orbitshield-acv\dataset\raw\rocket\9141922.jpg,rocket,real,real_9141922.jpg,real::rocket::9141922
C:\Users\enzoo\PycharmProjects\orbitshield-CV\orbitshield-acv\dataset\raw\rocket\9141929.jpg,rocket,real,real_9141929.jpg,real::rocket::9141929
C:\Users\enzoo\PycharmProjects\orbitshield-CV\orbitshield-acv\dataset\raw\rocket\9141931.jpg,rocket,real,real_9141931.jpg,real::rocket::9141931
C:\Users\enzoo\PycharmProjects\orbitshield-CV\orbitshield-acv\dataset\raw\rocket\9141932.jpg,rocket,real,real_9141932.jpg,real::rocket::9141932
C:\Users\enzoo\PycharmProjects\orbitshield-CV\orbitshield-acv\dataset\raw\rocket\9304431.jpg,rocket,real,real_9304431.jpg,real::rocket::9304431
C:\Users\enzoo\PycharmProjects\orbitshield-CV\orbitshield-acv\dataset\raw\rocket\9310099.jpg,rocket,real,real_9310099.jpg,real::rocket::9310099
C:\Users\enzoo\PycharmProjects\orbitshield-CV\orbitshield-acv\dataset\raw\rocket\9500884.jpg,rocket,real,real_9500884.jpg,real::rocket::9500884
C:\Users\enzoo\PycharmProjects\orbitshield-CV\orbitshield-acv\dataset\raw\rocket\9507955.jpg,rocket,real,real_9507955.jpg,real::rocket::9507955
C:\Users\enzoo\PycharmProjects\orbitshield-CV\orbitshield-acv\dataset\raw\rocket\9508847.jpg,rocket,real,real_9508847.jpg,real::rocket::9508847
C:\Users\enzoo\PycharmProjects\orbitshield-CV\orbitshield-acv\dataset\raw\rocket\9610538.jpg,rocket,real,real_9610538.jpg,real::rocket::9610538
C:\Users\enzoo\PycharmProjects\orbitshield-CV\orbitshield-acv\dataset\raw\rocket\9711197.jpg,rocket,real,real_9711197.jpg,real::rocket::9711197
C:\Users\enzoo\PycharmProjects\orbitshield-CV\orbitshield-acv\dataset\raw\rocket\9801756.jpg,rocket,real,real_9801756.jpg,real::rocket::9801756
C:\Users\enzoo\PycharmProjects\orbitshield-CV\orbitshield-acv\dataset\raw\rocket\9803868.jpg,rocket,real,real_9803868.jpg,real::rocket::9803868
C:\Users\enzoo\PycharmProjects\orbitshield-CV\orbitshield-acv\dataset\raw\rocket\9905002.jpg,rocket,real,real_9905002.jpg,real::rocket::9905002
C:\Users\enzoo\PycharmProjects\orbitshield-CV\orbitshield-acv\dataset\raw\rocket\b59_00556.jpg,rocket,real,real_b59_00556.jpg,real::rocket::b59_00556
C:\Users\enzoo\PycharmProjects\orbitshield-CV\orbitshield-acv\dataset\raw\rocket\ec04_0091_39.jpg,rocket,real,real_ec04_0091_39.jpg,real::rocket::ec04_0091_39
C:\Users\enzoo\PycharmProjects\orbitshield-CV\orbitshield-acv\dataset\raw\rocket\ec04_0091_49.jpg,rocket,real,real_ec04_0091_49.jpg,real::rocket::ec04_0091_49
C:\Users\enzoo\PycharmProjects\orbitshield-CV\orbitshield-acv\dataset\raw\rocket\ec04_0092_43.jpg,rocket,real,real_ec04_0092_43.jpg,real::rocket::ec04_0092_43
C:\Users\enzoo\PycharmProjects\orbitshield-CV\orbitshield-acv\dataset\raw\rocket\g61_00030.jpg,rocket,real,real_g61_00030.jpg,real::rocket::g61_00030
C:\Users\enzoo\PycharmProjects\orbitshield-CV\orbitshield-acv\dataset\raw\rocket\grc_1979_c_02339.jpg,rocket,real,real_grc_1979_c_02339.jpg,real::rocket::grc_1979_c_02339
C:\Users\enzoo\PycharmProjects\orbitshield-CV\orbitshield-acv\dataset\raw\rocket\gsfc_20171208_archive_e001212.jpg,rocket,real,real_gsfc_20171208_archive_e001212.jpg,real::rocket::gsfc_20171208_archive_e001212
C:\Users\enzoo\PycharmProjects\orbitshield-CV\orbitshield-acv\dataset\raw\rocket\gsfc_20171208_archive_e001213.jpg,rocket,real,real_gsfc_20171208_archive_e001213.jpg,real::rocket::gsfc_20171208_archive_e001213
C:\Users\enzoo\PycharmProjects\orbitshield-CV\orbitshield-acv\dataset\raw\rocket\ksc_07pd_0775.jpg,rocket,real,real_ksc_07pd_0775.jpg,real::rocket::ksc_07pd_0775
C:\Users\enzoo\PycharmProjects\orbitshield-CV\orbitshield-acv\dataset\raw\rocket\ksc_20180621_ph_geb01_0002.jpg,rocket,real,real_ksc_20180621_ph_geb01_0002.jpg,real::rocket::ksc_20180621_ph_geb01_0002
C:\Users\enzoo\PycharmProjects\orbitshield-CV\orbitshield-acv\dataset\raw\rocket\ksc_20180621_ph_geb01_0018.jpg,rocket,real,real_ksc_20180621_ph_geb01_0018.jpg,real::rocket::ksc_20180621_ph_geb01_0018
C:\Users\enzoo\PycharmProjects\orbitshield-CV\orbitshield-acv\dataset\raw\rocket\ksc_20180621_ph_geb01_0033.jpg,rocket,real,real_ksc_20180621_ph_geb01_0033.jpg,real::rocket::ksc_20180621_ph_geb01_0033
C:\Users\enzoo\PycharmProjects\orbitshield-CV\orbitshield-acv\dataset\raw\rocket\ksc_20180621_ph_geb01_0080.jpg,rocket,real,real_ksc_20180621_ph_geb01_0080.jpg,real::rocket::ksc_20180621_ph_geb01_0080
C:\Users\enzoo\PycharmProjects\orbitshield-CV\orbitshield-acv\dataset\raw\rocket\ksc_20180621_ph_geb01_0094.jpg,rocket,real,real_ksc_20180621_ph_geb01_0094.jpg,real::rocket::ksc_20180621_ph_geb01_0094
C:\Users\enzoo\PycharmProjects\orbitshield-CV\orbitshield-acv\dataset\raw\rocket\ksc_20180621_ph_geb01_0125.jpg,rocket,real,real_ksc_20180621_ph_geb01_0125.jpg,real::rocket::ksc_20180621_ph_geb01_0125
C:\Users\enzoo\PycharmProjects\orbitshield-CV\orbitshield-acv\dataset\raw\rocket\ksc_20180621_ph_geb01_0165.jpg,rocket,real,real_ksc_20180621_ph_geb01_0165.jpg,real::rocket::ksc_20180621_ph_geb01_0165
C:\Users\enzoo\PycharmProjects\orbitshield-CV\orbitshield-acv\dataset\raw\rocket\ksc_20180621_ph_geb01_0194.jpg,rocket,real,real_ksc_20180621_ph_geb01_0194.jpg,real::rocket::ksc_20180621_ph_geb01_0194
C:\Users\enzoo\PycharmProjects\orbitshield-CV\orbitshield-acv\dataset\raw\rocket\ksc_20190404_ph_csh01_0001.jpg,rocket,real,real_ksc_20190404_ph_csh01_0001.jpg,real::rocket::ksc_20190404_ph_csh01_0001
C:\Users\enzoo\PycharmProjects\orbitshield-CV\orbitshield-acv\dataset\raw\rocket\ksc_20200729_ph_fmx01_0002.jpg,rocket,real,real_ksc_20200729_ph_fmx01_0002.jpg,real::rocket::ksc_20200729_ph_fmx01_0002
C:\Users\enzoo\PycharmProjects\orbitshield-CV\orbitshield-acv\dataset\raw\rocket\ksc_20200729_ph_fmx01_0006.jpg,rocket,real,real_ksc_20200729_ph_fmx01_0006.jpg,real::rocket::ksc_20200729_ph_fmx01_0006
C:\Users\enzoo\PycharmProjects\orbitshield-CV\orbitshield-acv\dataset\raw\rocket\ksc_20200729_ph_fmx01_0017.jpg,rocket,real,real_ksc_20200729_ph_fmx01_0017.jpg,real::rocket::ksc_20200729_ph_fmx01_0017
C:\Users\enzoo\PycharmProjects\orbitshield-CV\orbitshield-acv\dataset\raw\rocket\ksc_20200729_ph_fmx01_0022.jpg,rocket,real,real_ksc_20200729_ph_fmx01_0022.jpg,real::rocket::ksc_20200729_ph_fmx01_0022
C:\Users\enzoo\PycharmProjects\orbitshield-CV\orbitshield-acv\dataset\raw\rocket\ksc_20200729_ph_fmx01_0028.jpg,rocket,real,real_ksc_20200729_ph_fmx01_0028.jpg,real::rocket::ksc_20200729_ph_fmx01_0028
C:\Users\enzoo\PycharmProjects\orbitshield-CV\orbitshield-acv\dataset\raw\rocket\ksc_20200729_ph_fmx01_0038.jpg,rocket,real,real_ksc_20200729_ph_fmx01_0038.jpg,real::rocket::ksc_20200729_ph_fmx01_0038
C:\Users\enzoo\PycharmProjects\orbitshield-CV\orbitshield-acv\dataset\raw\rocket\ksc_20200729_ph_ilw03_0008.jpg,rocket,real,real_ksc_20200729_ph_ilw03_0008.jpg,real::rocket::ksc_20200729_ph_ilw03_0008
C:\Users\enzoo\PycharmProjects\orbitshield-CV\orbitshield-acv\dataset\raw\rocket\ksc_20200730_ph_gmw01_0007.jpg,rocket,real,real_ksc_20200730_ph_gmw01_0007.jpg,real::rocket::ksc_20200730_ph_gmw01_0007
C:\Users\enzoo\PycharmProjects\orbitshield-CV\orbitshield-acv\dataset\raw\rocket\ksc_20200730_ph_nas01_0001.jpg,rocket,real,real_ksc_20200730_ph_nas01_0001.jpg,real::rocket::ksc_20200730_ph_nas01_0001
C:\Users\enzoo\PycharmProjects\orbitshield-CV\orbitshield-acv\dataset\raw\rocket\ksc_20200730_ph_nas01_0002.jpg,rocket,real,real_ksc_20200730_ph_nas01_0002.jpg,real::rocket::ksc_20200730_ph_nas01_0002
C:\Users\enzoo\PycharmProjects\orbitshield-CV\orbitshield-acv\dataset\raw\rocket\ksc_20200730_ph_nas01_0003.jpg,rocket,real,real_ksc_20200730_ph_nas01_0003.jpg,real::rocket::ksc_20200730_ph_nas01_0003
C:\Users\enzoo\PycharmProjects\orbitshield-CV\orbitshield-acv\dataset\raw\rocket\ksc_20200730_ph_nas01_0004.jpg,rocket,real,real_ksc_20200730_ph_nas01_0004.jpg,real::rocket::ksc_20200730_ph_nas01_0004
C:\Users\enzoo\PycharmProjects\orbitshield-CV\orbitshield-acv\dataset\raw\rocket\ksc_20200730_ph_tey01_0001.jpg,rocket,real,real_ksc_20200730_ph_tey01_0001.jpg,real::rocket::ksc_20200730_ph_tey01_0001
C:\Users\enzoo\PycharmProjects\orbitshield-CV\orbitshield-acv\dataset\raw\rocket\ksc_20200730_ph_tey01_0002.jpg,rocket,real,real_ksc_20200730_ph_tey01_0002.jpg,real::rocket::ksc_20200730_ph_tey01_0002
C:\Users\enzoo\PycharmProjects\orbitshield-CV\orbitshield-acv\dataset\raw\rocket\ksc_20200730_ph_tey01_0003.jpg,rocket,real,real_ksc_20200730_ph_tey01_0003.jpg,real::rocket::ksc_20200730_ph_tey01_0003
C:\Users\enzoo\PycharmProjects\orbitshield-CV\orbitshield-acv\dataset\raw\rocket\ksc_20200730_ph_tey01_0004.jpg,rocket,real,real_ksc_20200730_ph_tey01_0004.jpg,real::rocket::ksc_20200730_ph_tey01_0004
C:\Users\enzoo\PycharmProjects\orbitshield-CV\orbitshield-acv\dataset\raw\rocket\ksc_20200730_ph_tey01_0005.jpg,rocket,real,real_ksc_20200730_ph_tey01_0005.jpg,real::rocket::ksc_20200730_ph_tey01_0005
C:\Users\enzoo\PycharmProjects\orbitshield-CV\orbitshield-acv\dataset\raw\rocket\ksc_20200730_ph_tey01_0006.jpg,rocket,real,real_ksc_20200730_ph_tey01_0006.jpg,real::rocket::ksc_20200730_ph_tey01_0006
C:\Users\enzoo\PycharmProjects\orbitshield-CV\orbitshield-acv\dataset\raw\rocket\ksc_20200730_ph_tey01_0007.jpg,rocket,real,real_ksc_20200730_ph_tey01_0007.jpg,real::rocket::ksc_20200730_ph_tey01_0007
C:\Users\enzoo\PycharmProjects\orbitshield-CV\orbitshield-acv\dataset\raw\rocket\ksc_20200730_ph_tey01_0008.jpg,rocket,real,real_ksc_20200730_ph_tey01_0008.jpg,real::rocket::ksc_20200730_ph_tey01_0008
C:\Users\enzoo\PycharmProjects\orbitshield-CV\orbitshield-acv\dataset\raw\rocket\ksc_20200730_ph_tey01_0009.jpg,rocket,real,real_ksc_20200730_ph_tey01_0009.jpg,real::rocket::ksc_20200730_ph_tey01_0009
C:\Users\enzoo\PycharmProjects\orbitshield-CV\orbitshield-acv\dataset\raw\rocket\ksc_20200730_ph_tey01_0010.jpg,rocket,real,real_ksc_20200730_ph_tey01_0010.jpg,real::rocket::ksc_20200730_ph_tey01_0010
C:\Users\enzoo\PycharmProjects\orbitshield-CV\orbitshield-acv\dataset\raw\rocket\ksc_20200730_ph_tey01_0011.jpg,rocket,real,real_ksc_20200730_ph_tey01_0011.jpg,real::rocket::ksc_20200730_ph_tey01_0011
C:\Users\enzoo\PycharmProjects\orbitshield-CV\orbitshield-acv\dataset\raw\rocket\ksc_20200730_ph_tey01_0012.jpg,rocket,real,real_ksc_20200730_ph_tey01_0012.jpg,real::rocket::ksc_20200730_ph_tey01_0012
C:\Users\enzoo\PycharmProjects\orbitshield-CV\orbitshield-acv\dataset\raw\rocket\ksc_20200730_ph_tey01_0013.jpg,rocket,real,real_ksc_20200730_ph_tey01_0013.jpg,real::rocket::ksc_20200730_ph_tey01_0013
C:\Users\enzoo\PycharmProjects\orbitshield-CV\orbitshield-acv\dataset\raw\rocket\ksc_20200730_ph_tey01_0014.jpg,rocket,real,real_ksc_20200730_ph_tey01_0014.jpg,real::rocket::ksc_20200730_ph_tey01_0014
C:\Users\enzoo\PycharmProjects\orbitshield-CV\orbitshield-acv\dataset\raw\rocket\ksc_20200730_ph_tey01_0015.jpg,rocket,real,real_ksc_20200730_ph_tey01_0015.jpg,real::rocket::ksc_20200730_ph_tey01_0015
C:\Users\enzoo\PycharmProjects\orbitshield-CV\orbitshield-acv\dataset\raw\rocket\ksc_20200730_ph_tey01_0016.jpg,rocket,real,real_ksc_20200730_ph_tey01_0016.jpg,real::rocket::ksc_20200730_ph_tey01_0016
C:\Users\enzoo\PycharmProjects\orbitshield-CV\orbitshield-acv\dataset\raw\rocket\ksc_20200730_ph_tey01_0017.jpg,rocket,real,real_ksc_20200730_ph_tey01_0017.jpg,real::rocket::ksc_20200730_ph_tey01_0017
C:\Users\enzoo\PycharmProjects\orbitshield-CV\orbitshield-acv\dataset\raw\rocket\ksc_20200730_ph_tey01_0018.jpg,rocket,real,real_ksc_20200730_ph_tey01_0018.jpg,real::rocket::ksc_20200730_ph_tey01_0018
C:\Users\enzoo\PycharmProjects\orbitshield-CV\orbitshield-acv\dataset\raw\rocket\ksc_20200730_ph_tey01_0019.jpg,rocket,real,real_ksc_20200730_ph_tey01_0019.jpg,real::rocket::ksc_20200730_ph_tey01_0019
C:\Users\enzoo\PycharmProjects\orbitshield-CV\orbitshield-acv\dataset\raw\rocket\ksc_20210622_ph_fmx01_0009.jpg,rocket,real,real_ksc_20210622_ph_fmx01_0009.jpg,real::rocket::ksc_20210622_ph_fmx01_0009
C:\Users\enzoo\PycharmProjects\orbitshield-CV\orbitshield-acv\dataset\raw\rocket\ksc_20210622_ph_fmx01_0111.jpg,rocket,real,real_ksc_20210622_ph_fmx01_0111.jpg,real::rocket::ksc_20210622_ph_fmx01_0111
C:\Users\enzoo\PycharmProjects\orbitshield-CV\orbitshield-acv\dataset\raw\rocket\ksc_20210622_ph_fmx01_0174.jpg,rocket,real,real_ksc_20210622_ph_fmx01_0174.jpg,real::rocket::ksc_20210622_ph_fmx01_0174
C:\Users\enzoo\PycharmProjects\orbitshield-CV\orbitshield-acv\dataset\raw\rocket\ksc_20210622_ph_fmx01_0222.jpg,rocket,real,real_ksc_20210622_ph_fmx01_0222.jpg,real::rocket::ksc_20210622_ph_fmx01_0222
C:\Users\enzoo\PycharmProjects\orbitshield-CV\orbitshield-acv\dataset\raw\rocket\ksc_20210622_ph_fmx01_0259.jpg,rocket,real,real_ksc_20210622_ph_fmx01_0259.jpg,real::rocket::ksc_20210622_ph_fmx01_0259
C:\Users\enzoo\PycharmProjects\orbitshield-CV\orbitshield-acv\dataset\raw\rocket\ksc_20211015_ph_kls01_0026.jpg,rocket,real,real_ksc_20211015_ph_kls01_0026.jpg,real::rocket::ksc_20211015_ph_kls01_0026
C:\Users\enzoo\PycharmProjects\orbitshield-CV\orbitshield-acv\dataset\raw\rocket\ksc_20240909_ph_jbs01_0012.jpg,rocket,real,real_ksc_20240909_ph_jbs01_0012.jpg,real::rocket::ksc_20240909_ph_jbs01_0012
C:\Users\enzoo\PycharmProjects\orbitshield-CV\orbitshield-acv\dataset\raw\rocket\ksc_20240909_ph_jbs01_0019.jpg,rocket,real,real_ksc_20240909_ph_jbs01_0019.jpg,real::rocket::ksc_20240909_ph_jbs01_0019
C:\Users\enzoo\PycharmProjects\orbitshield-CV\orbitshield-acv\dataset\raw\rocket\ksc_20250320_ph_fmx01_0003.jpg,rocket,real,real_ksc_20250320_ph_fmx01_0003.jpg,real::rocket::ksc_20250320_ph_fmx01_0003
C:\Users\enzoo\PycharmProjects\orbitshield-CV\orbitshield-acv\dataset\raw\rocket\ksc_20250320_ph_fmx01_0004.jpg,rocket,real,real_ksc_20250320_ph_fmx01_0004.jpg,real::rocket::ksc_20250320_ph_fmx01_0004
C:\Users\enzoo\PycharmProjects\orbitshield-CV\orbitshield-acv\dataset\raw\rocket\ksc_20250320_ph_fmx01_0008.jpg,rocket,real,real_ksc_20250320_ph_fmx01_0008.jpg,real::rocket::ksc_20250320_ph_fmx01_0008
C:\Users\enzoo\PycharmProjects\orbitshield-CV\orbitshield-acv\dataset\raw\rocket\ksc_20250320_ph_fmx01_0010.jpg,rocket,real,real_ksc_20250320_ph_fmx01_0010.jpg,real::rocket::ksc_20250320_ph_fmx01_0010
C:\Users\enzoo\PycharmProjects\orbitshield-CV\orbitshield-acv\dataset\raw\rocket\maf_20221026_cs3_it_move_from_55_to_cell_g_jnl_32.jpg,rocket,real,real_maf_20221026_cs3_it_move_from_55_to_cell_g_jnl_32.jpg,real::rocket::maf_20221026_cs3_it_move_from_55_to_cell_g_jnl_32
C:\Users\enzoo\PycharmProjects\orbitshield-CV\orbitshield-acv\dataset\raw\rocket\msfc_08212024_lvsa_ii_move_to_pegasus_1.jpg,rocket,real,real_msfc_08212024_lvsa_ii_move_to_pegasus_1.jpg,real::rocket::msfc_08212024_lvsa_ii_move_to_pegasus_1
C:\Users\enzoo\PycharmProjects\orbitshield-CV\orbitshield-acv\dataset\raw\rocket\msfc_08212024_lvsa_ii_move_to_pegasus_10.jpg,rocket,real,real_msfc_08212024_lvsa_ii_move_to_pegasus_10.jpg,real::rocket::msfc_08212024_lvsa_ii_move_to_pegasus_10
C:\Users\enzoo\PycharmProjects\orbitshield-CV\orbitshield-acv\dataset\raw\rocket\msfc_08212024_lvsa_ii_move_to_pegasus_11.jpg,rocket,real,real_msfc_08212024_lvsa_ii_move_to_pegasus_11.jpg,real::rocket::msfc_08212024_lvsa_ii_move_to_pegasus_11
C:\Users\enzoo\PycharmProjects\orbitshield-CV\orbitshield-acv\dataset\raw\rocket\msfc_08212024_lvsa_ii_move_to_pegasus_13.jpg,rocket,real,real_msfc_08212024_lvsa_ii_move_to_pegasus_13.jpg,real::rocket::msfc_08212024_lvsa_ii_move_to_pegasus_13
C:\Users\enzoo\PycharmProjects\orbitshield-CV\orbitshield-acv\dataset\raw\rocket\msfc_08212024_lvsa_ii_move_to_pegasus_2.jpg,rocket,real,real_msfc_08212024_lvsa_ii_move_to_pegasus_2.jpg,real::rocket::msfc_08212024_lvsa_ii_move_to_pegasus_2
C:\Users\enzoo\PycharmProjects\orbitshield-CV\orbitshield-acv\dataset\raw\rocket\msfc_08212024_lvsa_ii_move_to_pegasus_3.jpg,rocket,real,real_msfc_08212024_lvsa_ii_move_to_pegasus_3.jpg,real::rocket::msfc_08212024_lvsa_ii_move_to_pegasus_3
C:\Users\enzoo\PycharmProjects\orbitshield-CV\orbitshield-acv\dataset\raw\rocket\msfc_08212024_lvsa_ii_move_to_pegasus_8.jpg,rocket,real,real_msfc_08212024_lvsa_ii_move_to_pegasus_8.jpg,real::rocket::msfc_08212024_lvsa_ii_move_to_pegasus_8
C:\Users\enzoo\PycharmProjects\orbitshield-CV\orbitshield-acv\dataset\raw\rocket\msfc_08212024_lvsa_ii_move_to_pegasus_for_shipping_to_ksc.jpg,rocket,real,real_msfc_08212024_lvsa_ii_move_to_pegasus_for_shipping_to_ksc.jpg,real::rocket::msfc_08212024_lvsa_ii_move_to_pegasus_for_shipping_to_ksc
C:\Users\enzoo\PycharmProjects\orbitshield-CV\orbitshield-acv\dataset\raw\rocket\msfc_08212024_pegasus_barge_in_decatur_1.jpg,rocket,real,real_msfc_08212024_pegasus_barge_in_decatur_1.jpg,real::rocket::msfc_08212024_pegasus_barge_in_decatur_1
C:\Users\enzoo\PycharmProjects\orbitshield-CV\orbitshield-acv\dataset\raw\rocket\msfc_08212024_pegasus_barge_in_decatur_2.jpg,rocket,real,real_msfc_08212024_pegasus_barge_in_decatur_2.jpg,real::rocket::msfc_08212024_pegasus_barge_in_decatur_2
C:\Users\enzoo\PycharmProjects\orbitshield-CV\orbitshield-acv\dataset\raw\rocket\msfc_1501356.jpg,rocket,real,real_msfc_1501356.jpg,real::rocket::msfc_1501356
C:\Users\enzoo\PycharmProjects\orbitshield-CV\orbitshield-acv\dataset\raw\rocket\msfc_1501357.jpg,rocket,real,real_msfc_1501357.jpg,real::rocket::msfc_1501357
C:\Users\enzoo\PycharmProjects\orbitshield-CV\orbitshield-acv\dataset\raw\rocket\msfc_1501358.jpg,rocket,real,real_msfc_1501358.jpg,real::rocket::msfc_1501358
C:\Users\enzoo\PycharmProjects\orbitshield-CV\orbitshield-acv\dataset\raw\rocket\msfc_1501359.jpg,rocket,real,real_msfc_1501359.jpg,real::rocket::msfc_1501359
C:\Users\enzoo\PycharmProjects\orbitshield-CV\orbitshield-acv\dataset\raw\rocket\msfc_1501360.jpg,rocket,real,real_msfc_1501360.jpg,real::rocket::msfc_1501360
C:\Users\enzoo\PycharmProjects\orbitshield-CV\orbitshield-acv\dataset\raw\rocket\msfc_1501361.jpg,rocket,real,real_msfc_1501361.jpg,real::rocket::msfc_1501361
C:\Users\enzoo\PycharmProjects\orbitshield-CV\orbitshield-acv\dataset\raw\rocket\msfc_1501362.jpg,rocket,real,real_msfc_1501362.jpg,real::rocket::msfc_1501362
C:\Users\enzoo\PycharmProjects\orbitshield-CV\orbitshield-acv\dataset\raw\rocket\msfc_1501363.jpg,rocket,real,real_msfc_1501363.jpg,real::rocket::msfc_1501363
C:\Users\enzoo\PycharmProjects\orbitshield-CV\orbitshield-acv\dataset\raw\rocket\msfc_1501364.jpg,rocket,real,real_msfc_1501364.jpg,real::rocket::msfc_1501364
C:\Users\enzoo\PycharmProjects\orbitshield-CV\orbitshield-acv\dataset\raw\rocket\msfc_1501365.jpg,rocket,real,real_msfc_1501365.jpg,real::rocket::msfc_1501365
C:\Users\enzoo\PycharmProjects\orbitshield-CV\orbitshield-acv\dataset\raw\rocket\msfc_1501366.jpg,rocket,real,real_msfc_1501366.jpg,real::rocket::msfc_1501366
C:\Users\enzoo\PycharmProjects\orbitshield-CV\orbitshield-acv\dataset\raw\rocket\msfc_1501479.jpg,rocket,real,real_msfc_1501479.jpg,real::rocket::msfc_1501479
C:\Users\enzoo\PycharmProjects\orbitshield-CV\orbitshield-acv\dataset\raw\rocket\msfc_1501480.jpg,rocket,real,real_msfc_1501480.jpg,real::rocket::msfc_1501480
C:\Users\enzoo\PycharmProjects\orbitshield-CV\orbitshield-acv\dataset\raw\rocket\msfc_1501481.jpg,rocket,real,real_msfc_1501481.jpg,real::rocket::msfc_1501481
C:\Users\enzoo\PycharmProjects\orbitshield-CV\orbitshield-acv\dataset\raw\rocket\msfc_1501482.jpg,rocket,real,real_msfc_1501482.jpg,real::rocket::msfc_1501482
C:\Users\enzoo\PycharmProjects\orbitshield-CV\orbitshield-acv\dataset\raw\rocket\msfc_1501483.jpg,rocket,real,real_msfc_1501483.jpg,real::rocket::msfc_1501483
C:\Users\enzoo\PycharmProjects\orbitshield-CV\orbitshield-acv\dataset\raw\rocket\msfc_1501484.jpg,rocket,real,real_msfc_1501484.jpg,real::rocket::msfc_1501484
C:\Users\enzoo\PycharmProjects\orbitshield-CV\orbitshield-acv\dataset\raw\rocket\msfc_1501485.jpg,rocket,real,real_msfc_1501485.jpg,real::rocket::msfc_1501485
C:\Users\enzoo\PycharmProjects\orbitshield-CV\orbitshield-acv\dataset\raw\rocket\msfc_1501486.jpg,rocket,real,real_msfc_1501486.jpg,real::rocket::msfc_1501486
C:\Users\enzoo\PycharmProjects\orbitshield-CV\orbitshield-acv\dataset\raw\rocket\msfc_1501487.jpg,rocket,real,real_msfc_1501487.jpg,real::rocket::msfc_1501487
C:\Users\enzoo\PycharmProjects\orbitshield-CV\orbitshield-acv\dataset\raw\rocket\msfc_1501488.jpg,rocket,real,real_msfc_1501488.jpg,real::rocket::msfc_1501488
C:\Users\enzoo\PycharmProjects\orbitshield-CV\orbitshield-acv\dataset\raw\rocket\msfc_1501489.jpg,rocket,real,real_msfc_1501489.jpg,real::rocket::msfc_1501489
C:\Users\enzoo\PycharmProjects\orbitshield-CV\orbitshield-acv\dataset\raw\rocket\msfc_1501490.jpg,rocket,real,real_msfc_1501490.jpg,real::rocket::msfc_1501490
C:\Users\enzoo\PycharmProjects\orbitshield-CV\orbitshield-acv\dataset\raw\rocket\msfc_1501491.jpg,rocket,real,real_msfc_1501491.jpg,real::rocket::msfc_1501491
C:\Users\enzoo\PycharmProjects\orbitshield-CV\orbitshield-acv\dataset\raw\rocket\msfc_1501492.jpg,rocket,real,real_msfc_1501492.jpg,real::rocket::msfc_1501492
C:\Users\enzoo\PycharmProjects\orbitshield-CV\orbitshield-acv\dataset\raw\rocket\msfc_1501493.jpg,rocket,real,real_msfc_1501493.jpg,real::rocket::msfc_1501493
C:\Users\enzoo\PycharmProjects\orbitshield-CV\orbitshield-acv\dataset\raw\rocket\msfc_1501494.jpg,rocket,real,real_msfc_1501494.jpg,real::rocket::msfc_1501494
C:\Users\enzoo\PycharmProjects\orbitshield-CV\orbitshield-acv\dataset\raw\rocket\msfc_1501495.jpg,rocket,real,real_msfc_1501495.jpg,real::rocket::msfc_1501495
C:\Users\enzoo\PycharmProjects\orbitshield-CV\orbitshield-acv\dataset\raw\rocket\msfc_1501496.jpg,rocket,real,real_msfc_1501496.jpg,real::rocket::msfc_1501496
C:\Users\enzoo\PycharmProjects\orbitshield-CV\orbitshield-acv\dataset\raw\rocket\msfc_1501497.jpg,rocket,real,real_msfc_1501497.jpg,real::rocket::msfc_1501497
C:\Users\enzoo\PycharmProjects\orbitshield-CV\orbitshield-acv\dataset\raw\rocket\msfc_1501498.jpg,rocket,real,real_msfc_1501498.jpg,real::rocket::msfc_1501498
C:\Users\enzoo\PycharmProjects\orbitshield-CV\orbitshield-acv\dataset\raw\rocket\msfc_1501499.jpg,rocket,real,real_msfc_1501499.jpg,real::rocket::msfc_1501499
C:\Users\enzoo\PycharmProjects\orbitshield-CV\orbitshield-acv\dataset\raw\rocket\msfc_1501500.jpg,rocket,real,real_msfc_1501500.jpg,real::rocket::msfc_1501500
C:\Users\enzoo\PycharmProjects\orbitshield-CV\orbitshield-acv\dataset\raw\rocket\msfc_1501501.jpg,rocket,real,real_msfc_1501501.jpg,real::rocket::msfc_1501501
C:\Users\enzoo\PycharmProjects\orbitshield-CV\orbitshield-acv\dataset\raw\rocket\msfc_1501502.jpg,rocket,real,real_msfc_1501502.jpg,real::rocket::msfc_1501502
C:\Users\enzoo\PycharmProjects\orbitshield-CV\orbitshield-acv\dataset\raw\rocket\msfc_1501503.jpg,rocket,real,real_msfc_1501503.jpg,real::rocket::msfc_1501503
C:\Users\enzoo\PycharmProjects\orbitshield-CV\orbitshield-acv\dataset\raw\rocket\msfc_1600052.jpg,rocket,real,real_msfc_1600052.jpg,real::rocket::msfc_1600052
C:\Users\enzoo\PycharmProjects\orbitshield-CV\orbitshield-acv\dataset\raw\rocket\msfc_1600053.jpg,rocket,real,real_msfc_1600053.jpg,real::rocket::msfc_1600053
C:\Users\enzoo\PycharmProjects\orbitshield-CV\orbitshield-acv\dataset\raw\rocket\msfc_1600054.jpg,rocket,real,real_msfc_1600054.jpg,real::rocket::msfc_1600054
C:\Users\enzoo\PycharmProjects\orbitshield-CV\orbitshield-acv\dataset\raw\rocket\msfc_1600055.jpg,rocket,real,real_msfc_1600055.jpg,real::rocket::msfc_1600055
C:\Users\enzoo\PycharmProjects\orbitshield-CV\orbitshield-acv\dataset\raw\rocket\msfc_1600056.jpg,rocket,real,real_msfc_1600056.jpg,real::rocket::msfc_1600056
C:\Users\enzoo\PycharmProjects\orbitshield-CV\orbitshield-acv\dataset\raw\rocket\msfc_1600057.jpg,rocket,real,real_msfc_1600057.jpg,real::rocket::msfc_1600057
C:\Users\enzoo\PycharmProjects\orbitshield-CV\orbitshield-acv\dataset\raw\rocket\msfc_1600058.jpg,rocket,real,real_msfc_1600058.jpg,real::rocket::msfc_1600058
C:\Users\enzoo\PycharmProjects\orbitshield-CV\orbitshield-acv\dataset\raw\rocket\msfc_1600059.jpg,rocket,real,real_msfc_1600059.jpg,real::rocket::msfc_1600059
C:\Users\enzoo\PycharmProjects\orbitshield-CV\orbitshield-acv\dataset\raw\rocket\msfc_1600655.jpg,rocket,real,real_msfc_1600655.jpg,real::rocket::msfc_1600655
C:\Users\enzoo\PycharmProjects\orbitshield-CV\orbitshield-acv\dataset\raw\rocket\msfc_1601493.jpg,rocket,real,real_msfc_1601493.jpg,real::rocket::msfc_1601493
C:\Users\enzoo\PycharmProjects\orbitshield-CV\orbitshield-acv\dataset\raw\rocket\msfc_1601494.jpg,rocket,real,real_msfc_1601494.jpg,real::rocket::msfc_1601494
C:\Users\enzoo\PycharmProjects\orbitshield-CV\orbitshield-acv\dataset\raw\rocket\msfc_1601495.jpg,rocket,real,real_msfc_1601495.jpg,real::rocket::msfc_1601495
C:\Users\enzoo\PycharmProjects\orbitshield-CV\orbitshield-acv\dataset\raw\rocket\msfc_1601496.jpg,rocket,real,real_msfc_1601496.jpg,real::rocket::msfc_1601496
C:\Users\enzoo\PycharmProjects\orbitshield-CV\orbitshield-acv\dataset\raw\rocket\msfc_1601497.jpg,rocket,real,real_msfc_1601497.jpg,real::rocket::msfc_1601497
C:\Users\enzoo\PycharmProjects\orbitshield-CV\orbitshield-acv\dataset\raw\rocket\msfc_1601498.jpg,rocket,real,real_msfc_1601498.jpg,real::rocket::msfc_1601498
C:\Users\enzoo\PycharmProjects\orbitshield-CV\orbitshield-acv\dataset\raw\rocket\msfc_1601499.jpg,rocket,real,real_msfc_1601499.jpg,real::rocket::msfc_1601499
C:\Users\enzoo\PycharmProjects\orbitshield-CV\orbitshield-acv\dataset\raw\rocket\msfc_1601500.jpg,rocket,real,real_msfc_1601500.jpg,real::rocket::msfc_1601500
C:\Users\enzoo\PycharmProjects\orbitshield-CV\orbitshield-acv\dataset\raw\rocket\msfc_1601501.jpg,rocket,real,real_msfc_1601501.jpg,real::rocket::msfc_1601501
C:\Users\enzoo\PycharmProjects\orbitshield-CV\orbitshield-acv\dataset\raw\rocket\msfc_1601532.jpg,rocket,real,real_msfc_1601532.jpg,real::rocket::msfc_1601532
C:\Users\enzoo\PycharmProjects\orbitshield-CV\orbitshield-acv\dataset\raw\rocket\msfc_1701225.jpg,rocket,real,real_msfc_1701225.jpg,real::rocket::msfc_1701225
C:\Users\enzoo\PycharmProjects\orbitshield-CV\orbitshield-acv\dataset\raw\rocket\msfc_1701226.jpg,rocket,real,real_msfc_1701226.jpg,real::rocket::msfc_1701226
C:\Users\enzoo\PycharmProjects\orbitshield-CV\orbitshield-acv\dataset\raw\rocket\msfc_1701227.jpg,rocket,real,real_msfc_1701227.jpg,real::rocket::msfc_1701227
C:\Users\enzoo\PycharmProjects\orbitshield-CV\orbitshield-acv\dataset\raw\rocket\msfc_1701232.jpg,rocket,real,real_msfc_1701232.jpg,real::rocket::msfc_1701232
C:\Users\enzoo\PycharmProjects\orbitshield-CV\orbitshield-acv\dataset\raw\rocket\msfc_1701233.jpg,rocket,real,real_msfc_1701233.jpg,real::rocket::msfc_1701233
C:\Users\enzoo\PycharmProjects\orbitshield-CV\orbitshield-acv\dataset\raw\rocket\msfc_1701234.jpg,rocket,real,real_msfc_1701234.jpg,real::rocket::msfc_1701234
C:\Users\enzoo\PycharmProjects\orbitshield-CV\orbitshield-acv\dataset\raw\rocket\msfc_1701235.jpg,rocket,real,real_msfc_1701235.jpg,real::rocket::msfc_1701235
C:\Users\enzoo\PycharmProjects\orbitshield-CV\orbitshield-acv\dataset\raw\rocket\msfc_1701236.jpg,rocket,real,real_msfc_1701236.jpg,real::rocket::msfc_1701236
C:\Users\enzoo\PycharmProjects\orbitshield-CV\orbitshield-acv\dataset\raw\rocket\msfc_1701237.jpg,rocket,real,real_msfc_1701237.jpg,real::rocket::msfc_1701237
C:\Users\enzoo\PycharmProjects\orbitshield-CV\orbitshield-acv\dataset\raw\rocket\msfc_1701238.jpg,rocket,real,real_msfc_1701238.jpg,real::rocket::msfc_1701238
C:\Users\enzoo\PycharmProjects\orbitshield-CV\orbitshield-acv\dataset\raw\rocket\msfc_1701239.jpg,rocket,real,real_msfc_1701239.jpg,real::rocket::msfc_1701239
C:\Users\enzoo\PycharmProjects\orbitshield-CV\orbitshield-acv\dataset\raw\rocket\msfc_201900258.jpg,rocket,real,real_msfc_201900258.jpg,real::rocket::msfc_201900258
C:\Users\enzoo\PycharmProjects\orbitshield-CV\orbitshield-acv\dataset\raw\rocket\msfc_201900259.jpg,rocket,real,real_msfc_201900259.jpg,real::rocket::msfc_201900259
C:\Users\enzoo\PycharmProjects\orbitshield-CV\orbitshield-acv\dataset\raw\rocket\msfc_201900260.jpg,rocket,real,real_msfc_201900260.jpg,real::rocket::msfc_201900260
C:\Users\enzoo\PycharmProjects\orbitshield-CV\orbitshield-acv\dataset\raw\rocket\msfc_201900261.jpg,rocket,real,real_msfc_201900261.jpg,real::rocket::msfc_201900261
C:\Users\enzoo\PycharmProjects\orbitshield-CV\orbitshield-acv\dataset\raw\rocket\msfc_201900262.jpg,rocket,real,real_msfc_201900262.jpg,real::rocket::msfc_201900262
C:\Users\enzoo\PycharmProjects\orbitshield-CV\orbitshield-acv\dataset\raw\rocket\msfc_201900263.jpg,rocket,real,real_msfc_201900263.jpg,real::rocket::msfc_201900263
C:\Users\enzoo\PycharmProjects\orbitshield-CV\orbitshield-acv\dataset\raw\rocket\msfc_201900264.jpg,rocket,real,real_msfc_201900264.jpg,real::rocket::msfc_201900264
C:\Users\enzoo\PycharmProjects\orbitshield-CV\orbitshield-acv\dataset\raw\rocket\msfc_201900265.jpg,rocket,real,real_msfc_201900265.jpg,real::rocket::msfc_201900265
C:\Users\enzoo\PycharmProjects\orbitshield-CV\orbitshield-acv\dataset\raw\rocket\msfc_201900266.jpg,rocket,real,real_msfc_201900266.jpg,real::rocket::msfc_201900266
C:\Users\enzoo\PycharmProjects\orbitshield-CV\orbitshield-acv\dataset\raw\rocket\msfc_201900267.jpg,rocket,real,real_msfc_201900267.jpg,real::rocket::msfc_201900267
C:\Users\enzoo\PycharmProjects\orbitshield-CV\orbitshield-acv\dataset\raw\rocket\msfc_201900268.jpg,rocket,real,real_msfc_201900268.jpg,real::rocket::msfc_201900268
C:\Users\enzoo\PycharmProjects\orbitshield-CV\orbitshield-acv\dataset\raw\rocket\msfc_201900269.jpg,rocket,real,real_msfc_201900269.jpg,real::rocket::msfc_201900269
C:\Users\enzoo\PycharmProjects\orbitshield-CV\orbitshield-acv\dataset\raw\rocket\msfc_201900270.jpg,rocket,real,real_msfc_201900270.jpg,real::rocket::msfc_201900270
C:\Users\enzoo\PycharmProjects\orbitshield-CV\orbitshield-acv\dataset\raw\rocket\msfc_201900271.jpg,rocket,real,real_msfc_201900271.jpg,real::rocket::msfc_201900271
C:\Users\enzoo\PycharmProjects\orbitshield-CV\orbitshield-acv\dataset\raw\rocket\msfc_201900272.jpg,rocket,real,real_msfc_201900272.jpg,real::rocket::msfc_201900272
C:\Users\enzoo\PycharmProjects\orbitshield-CV\orbitshield-acv\dataset\raw\rocket\msfc_201900273.jpg,rocket,real,real_msfc_201900273.jpg,real::rocket::msfc_201900273
C:\Users\enzoo\PycharmProjects\orbitshield-CV\orbitshield-acv\dataset\raw\rocket\msfc_201900274.jpg,rocket,real,real_msfc_201900274.jpg,real::rocket::msfc_201900274
C:\Users\enzoo\PycharmProjects\orbitshield-CV\orbitshield-acv\dataset\raw\rocket\msfc_201900275.jpg,rocket,real,real_msfc_201900275.jpg,real::rocket::msfc_201900275
C:\Users\enzoo\PycharmProjects\orbitshield-CV\orbitshield-acv\dataset\raw\rocket\msfc_201900276.jpg,rocket,real,real_msfc_201900276.jpg,real::rocket::msfc_201900276
C:\Users\enzoo\PycharmProjects\orbitshield-CV\orbitshield-acv\dataset\raw\rocket\msfc_201900277.jpg,rocket,real,real_msfc_201900277.jpg,real::rocket::msfc_201900277
C:\Users\enzoo\PycharmProjects\orbitshield-CV\orbitshield-acv\dataset\raw\rocket\msfc_201900278.jpg,rocket,real,real_msfc_201900278.jpg,real::rocket::msfc_201900278
C:\Users\enzoo\PycharmProjects\orbitshield-CV\orbitshield-acv\dataset\raw\rocket\msfc_201900279.jpg,rocket,real,real_msfc_201900279.jpg,real::rocket::msfc_201900279
C:\Users\enzoo\PycharmProjects\orbitshield-CV\orbitshield-acv\dataset\raw\rocket\msfc_202000246.jpg,rocket,real,real_msfc_202000246.jpg,real::rocket::msfc_202000246
C:\Users\enzoo\PycharmProjects\orbitshield-CV\orbitshield-acv\dataset\raw\rocket\msfc_202000320.jpg,rocket,real,real_msfc_202000320.jpg,real::rocket::msfc_202000320
C:\Users\enzoo\PycharmProjects\orbitshield-CV\orbitshield-acv\dataset\raw\rocket\msfc_202000324.jpg,rocket,real,real_msfc_202000324.jpg,real::rocket::msfc_202000324
C:\Users\enzoo\PycharmProjects\orbitshield-CV\orbitshield-acv\dataset\raw\rocket\msfc_202000325.jpg,rocket,real,real_msfc_202000325.jpg,real::rocket::msfc_202000325
C:\Users\enzoo\PycharmProjects\orbitshield-CV\orbitshield-acv\dataset\raw\rocket\msfc_202000326.jpg,rocket,real,real_msfc_202000326.jpg,real::rocket::msfc_202000326
C:\Users\enzoo\PycharmProjects\orbitshield-CV\orbitshield-acv\dataset\raw\rocket\msfc_202000327.jpg,rocket,real,real_msfc_202000327.jpg,real::rocket::msfc_202000327
C:\Users\enzoo\PycharmProjects\orbitshield-CV\orbitshield-acv\dataset\raw\rocket\msfc_202000328.jpg,rocket,real,real_msfc_202000328.jpg,real::rocket::msfc_202000328
C:\Users\enzoo\PycharmProjects\orbitshield-CV\orbitshield-acv\dataset\raw\rocket\msfc_202000329.jpg,rocket,real,real_msfc_202000329.jpg,real::rocket::msfc_202000329
C:\Users\enzoo\PycharmProjects\orbitshield-CV\orbitshield-acv\dataset\raw\rocket\msfc_202000330.jpg,rocket,real,real_msfc_202000330.jpg,real::rocket::msfc_202000330
C:\Users\enzoo\PycharmProjects\orbitshield-CV\orbitshield-acv\dataset\raw\rocket\msfc_202000331.jpg,rocket,real,real_msfc_202000331.jpg,real::rocket::msfc_202000331
C:\Users\enzoo\PycharmProjects\orbitshield-CV\orbitshield-acv\dataset\raw\rocket\msfc_202000332.jpg,rocket,real,real_msfc_202000332.jpg,real::rocket::msfc_202000332
C:\Users\enzoo\PycharmProjects\orbitshield-CV\orbitshield-acv\dataset\raw\rocket\msfc_202000333.jpg,rocket,real,real_msfc_202000333.jpg,real::rocket::msfc_202000333
C:\Users\enzoo\PycharmProjects\orbitshield-CV\orbitshield-acv\dataset\raw\rocket\msfc_202000334.jpg,rocket,real,real_msfc_202000334.jpg,real::rocket::msfc_202000334
C:\Users\enzoo\PycharmProjects\orbitshield-CV\orbitshield-acv\dataset\raw\rocket\msfc_202000335.jpg,rocket,real,real_msfc_202000335.jpg,real::rocket::msfc_202000335
C:\Users\enzoo\PycharmProjects\orbitshield-CV\orbitshield-acv\dataset\raw\rocket\msfc_20240821_cs2_lvsarollout_uas01.jpg,rocket,real,real_msfc_20240821_cs2_lvsarollout_uas01.jpg,real::rocket::msfc_20240821_cs2_lvsarollout_uas01
C:\Users\enzoo\PycharmProjects\orbitshield-CV\orbitshield-acv\dataset\raw\rocket\msfc_20240821_cs2_lvsarollout_uas02.jpg,rocket,real,real_msfc_20240821_cs2_lvsarollout_uas02.jpg,real::rocket::msfc_20240821_cs2_lvsarollout_uas02
C:\Users\enzoo\PycharmProjects\orbitshield-CV\orbitshield-acv\dataset\raw\rocket\msfc_20240821_cs2_lvsarollout_uas03.jpg,rocket,real,real_msfc_20240821_cs2_lvsarollout_uas03.jpg,real::rocket::msfc_20240821_cs2_lvsarollout_uas03
C:\Users\enzoo\PycharmProjects\orbitshield-CV\orbitshield-acv\dataset\raw\rocket\msfc_20240821_cs2_lvsarollout_uas04.jpg,rocket,real,real_msfc_20240821_cs2_lvsarollout_uas04.jpg,real::rocket::msfc_20240821_cs2_lvsarollout_uas04
C:\Users\enzoo\PycharmProjects\orbitshield-CV\orbitshield-acv\dataset\raw\rocket\msfc_20240821_cs2_lvsarollout_uas05.jpg,rocket,real,real_msfc_20240821_cs2_lvsarollout_uas05.jpg,real::rocket::msfc_20240821_cs2_lvsarollout_uas05
C:\Users\enzoo\PycharmProjects\orbitshield-CV\orbitshield-acv\dataset\raw\rocket\msfc_20240821_cs2_lvsarollout_uas06.jpg,rocket,real,real_msfc_20240821_cs2_lvsarollout_uas06.jpg,real::rocket::msfc_20240821_cs2_lvsarollout_uas06
C:\Users\enzoo\PycharmProjects\orbitshield-CV\orbitshield-acv\dataset\raw\rocket\msfc_20240821_cs2_lvsarollout_uas07.jpg,rocket,real,real_msfc_20240821_cs2_lvsarollout_uas07.jpg,real::rocket::msfc_20240821_cs2_lvsarollout_uas07
C:\Users\enzoo\PycharmProjects\orbitshield-CV\orbitshield-acv\dataset\raw\rocket\msfc_20240821_cs2_lvsarollout_uas08.jpg,rocket,real,real_msfc_20240821_cs2_lvsarollout_uas08.jpg,real::rocket::msfc_20240821_cs2_lvsarollout_uas08
C:\Users\enzoo\PycharmProjects\orbitshield-CV\orbitshield-acv\dataset\raw\rocket\msfc_20240821_cs2_lvsarollout_uas09.jpg,rocket,real,real_msfc_20240821_cs2_lvsarollout_uas09.jpg,real::rocket::msfc_20240821_cs2_lvsarollout_uas09
C:\Users\enzoo\PycharmProjects\orbitshield-CV\orbitshield-acv\dataset\raw\rocket\msfc_20240821_cs2_lvsarollout_uas10.jpg,rocket,real,real_msfc_20240821_cs2_lvsarollout_uas10.jpg,real::rocket::msfc_20240821_cs2_lvsarollout_uas10
C:\Users\enzoo\PycharmProjects\orbitshield-CV\orbitshield-acv\dataset\raw\rocket\msfc_20240821_cs2_lvsarollout_uas11.jpg,rocket,real,real_msfc_20240821_cs2_lvsarollout_uas11.jpg,real::rocket::msfc_20240821_cs2_lvsarollout_uas11
C:\Users\enzoo\PycharmProjects\orbitshield-CV\orbitshield-acv\dataset\raw\rocket\msfc_20240821_cs2_lvsarollout_uas12.jpg,rocket,real,real_msfc_20240821_cs2_lvsarollout_uas12.jpg,real::rocket::msfc_20240821_cs2_lvsarollout_uas12
C:\Users\enzoo\PycharmProjects\orbitshield-CV\orbitshield-acv\dataset\raw\rocket\msfc_20240821_cs2_lvsarollout_uas13.jpg,rocket,real,real_msfc_20240821_cs2_lvsarollout_uas13.jpg,real::rocket::msfc_20240821_cs2_lvsarollout_uas13
C:\Users\enzoo\PycharmProjects\orbitshield-CV\orbitshield-acv\dataset\raw\rocket\msfc_20240821_cs2_lvsarollout_uas14.jpg,rocket,real,real_msfc_20240821_cs2_lvsarollout_uas14.jpg,real::rocket::msfc_20240821_cs2_lvsarollout_uas14
C:\Users\enzoo\PycharmProjects\orbitshield-CV\orbitshield-acv\dataset\raw\rocket\msfc_20240821_cs2_lvsarollout_uas15.jpg,rocket,real,real_msfc_20240821_cs2_lvsarollout_uas15.jpg,real::rocket::msfc_20240821_cs2_lvsarollout_uas15
C:\Users\enzoo\PycharmProjects\orbitshield-CV\orbitshield-acv\dataset\raw\rocket\msfc_20240821_cs2_lvsarollout_uas16.jpg,rocket,real,real_msfc_20240821_cs2_lvsarollout_uas16.jpg,real::rocket::msfc_20240821_cs2_lvsarollout_uas16
C:\Users\enzoo\PycharmProjects\orbitshield-CV\orbitshield-acv\dataset\raw\rocket\msfc_20240821_cs2_lvsarollout_uas17.jpg,rocket,real,real_msfc_20240821_cs2_lvsarollout_uas17.jpg,real::rocket::msfc_20240821_cs2_lvsarollout_uas17
C:\Users\enzoo\PycharmProjects\orbitshield-CV\orbitshield-acv\dataset\raw\rocket\msfc_20240821_cs2_lvsarollout_uas18.jpg,rocket,real,real_msfc_20240821_cs2_lvsarollout_uas18.jpg,real::rocket::msfc_20240821_cs2_lvsarollout_uas18
C:\Users\enzoo\PycharmProjects\orbitshield-CV\orbitshield-acv\dataset\raw\rocket\msfc_20240821_cs2_lvsarollout_uas19.jpg,rocket,real,real_msfc_20240821_cs2_lvsarollout_uas19.jpg,real::rocket::msfc_20240821_cs2_lvsarollout_uas19
C:\Users\enzoo\PycharmProjects\orbitshield-CV\orbitshield-acv\dataset\raw\rocket\msfc_20240821_cs2_lvsarollout_uas20.jpg,rocket,real,real_msfc_20240821_cs2_lvsarollout_uas20.jpg,real::rocket::msfc_20240821_cs2_lvsarollout_uas20
C:\Users\enzoo\PycharmProjects\orbitshield-CV\orbitshield-acv\dataset\raw\rocket\msfc_20240821_cs2_lvsarollout_uas21.jpg,rocket,real,real_msfc_20240821_cs2_lvsarollout_uas21.jpg,real::rocket::msfc_20240821_cs2_lvsarollout_uas21
C:\Users\enzoo\PycharmProjects\orbitshield-CV\orbitshield-acv\dataset\raw\rocket\msfc_20240821_cs2_lvsarollout_uas22.jpg,rocket,real,real_msfc_20240821_cs2_lvsarollout_uas22.jpg,real::rocket::msfc_20240821_cs2_lvsarollout_uas22
C:\Users\enzoo\PycharmProjects\orbitshield-CV\orbitshield-acv\dataset\raw\rocket\msfc_20240821_cs2_lvsarollout_uas23.jpg,rocket,real,real_msfc_20240821_cs2_lvsarollout_uas23.jpg,real::rocket::msfc_20240821_cs2_lvsarollout_uas23
C:\Users\enzoo\PycharmProjects\orbitshield-CV\orbitshield-acv\dataset\raw\rocket\msfc_20240821_cs2_lvsarollout_uas24.jpg,rocket,real,real_msfc_20240821_cs2_lvsarollout_uas24.jpg,real::rocket::msfc_20240821_cs2_lvsarollout_uas24
C:\Users\enzoo\PycharmProjects\orbitshield-CV\orbitshield-acv\dataset\raw\rocket\msfc_20240821_cs2_lvsarollout_uas25.jpg,rocket,real,real_msfc_20240821_cs2_lvsarollout_uas25.jpg,real::rocket::msfc_20240821_cs2_lvsarollout_uas25
C:\Users\enzoo\PycharmProjects\orbitshield-CV\orbitshield-acv\dataset\raw\rocket\msfc_20240821_cs2_lvsarollout_uas26.jpg,rocket,real,real_msfc_20240821_cs2_lvsarollout_uas26.jpg,real::rocket::msfc_20240821_cs2_lvsarollout_uas26
C:\Users\enzoo\PycharmProjects\orbitshield-CV\orbitshield-acv\dataset\raw\rocket\msfc_20240821_cs2_lvsarollout_uas27.jpg,rocket,real,real_msfc_20240821_cs2_lvsarollout_uas27.jpg,real::rocket::msfc_20240821_cs2_lvsarollout_uas27
C:\Users\enzoo\PycharmProjects\orbitshield-CV\orbitshield-acv\dataset\raw\rocket\pia14830.jpg,rocket,real,real_pia14830.jpg,real::rocket::pia14830
C:\Users\enzoo\PycharmProjects\orbitshield-CV\orbitshield-acv\dataset\raw\rocket\pia19683.jpg,rocket,real,real_pia19683.jpg,real::rocket::pia19683
C:\Users\enzoo\PycharmProjects\orbitshield-CV\orbitshield-acv\dataset\raw\rocket\pia21727.jpg,rocket,real,real_pia21727.jpg,real::rocket::pia21727
C:\Users\enzoo\PycharmProjects\orbitshield-CV\orbitshield-acv\dataset\raw\rocket\pia21739.jpg,rocket,real,real_pia21739.jpg,real::rocket::pia21739
C:\Users\enzoo\PycharmProjects\orbitshield-CV\orbitshield-acv\dataset\raw\rocket\pia21740.jpg,rocket,real,real_pia21740.jpg,real::rocket::pia21740
C:\Users\enzoo\PycharmProjects\orbitshield-CV\orbitshield-acv\dataset\raw\rocket\pia23496.jpg,rocket,real,real_pia23496.jpg,real::rocket::pia23496
C:\Users\enzoo\PycharmProjects\orbitshield-CV\orbitshield-acv\dataset\raw\rocket\pia25278.jpg,rocket,real,real_pia25278.jpg,real::rocket::pia25278
C:\Users\enzoo\PycharmProjects\orbitshield-CV\orbitshield-acv\dataset\raw\rocket\s61_01942.jpg,rocket,real,real_s61_01942.jpg,real::rocket::s61_01942
C:\Users\enzoo\PycharmProjects\orbitshield-CV\orbitshield-acv\dataset\raw\rocket\s64_21560.jpg,rocket,real,real_s64_21560.jpg,real::rocket::s64_21560
C:\Users\enzoo\PycharmProjects\orbitshield-CV\orbitshield-acv\dataset\raw\rocket\s64_22412.jpg,rocket,real,real_s64_22412.jpg,real::rocket::s64_22412
C:\Users\enzoo\PycharmProjects\orbitshield-CV\orbitshield-acv\dataset\raw\rocket\s65_23710.jpg,rocket,real,real_s65_23710.jpg,real::rocket::s65_23710
C:\Users\enzoo\PycharmProjects\orbitshield-CV\orbitshield-acv\dataset\raw\rocket\s65_42437.jpg,rocket,real,real_s65_42437.jpg,real::rocket::s65_42437
C:\Users\enzoo\PycharmProjects\orbitshield-CV\orbitshield-acv\dataset\raw\rocket\s66_32074.jpg,rocket,real,real_s66_32074.jpg,real::rocket::s66_32074
C:\Users\enzoo\PycharmProjects\orbitshield-CV\orbitshield-acv\dataset\raw\rocket\s66_32139.jpg,rocket,real,real_s66_32139.jpg,real::rocket::s66_32139
C:\Users\enzoo\PycharmProjects\orbitshield-CV\orbitshield-acv\dataset\raw\rocket\s66_50152.jpg,rocket,real,real_s66_50152.jpg,real::rocket::s66_50152
C:\Users\enzoo\PycharmProjects\orbitshield-CV\orbitshield-acv\dataset\raw\rocket\s67_20423.jpg,rocket,real,real_s67_20423.jpg,real::rocket::s67_20423
C:\Users\enzoo\PycharmProjects\orbitshield-CV\orbitshield-acv\dataset\raw\rocket\s67_50903.jpg,rocket,real,real_s67_50903.jpg,real::rocket::s67_50903
C:\Users\enzoo\PycharmProjects\orbitshield-CV\orbitshield-acv\dataset\raw\rocket\s68_49397.jpg,rocket,real,real_s68_49397.jpg,real::rocket::s68_49397
C:\Users\enzoo\PycharmProjects\orbitshield-CV\orbitshield-acv\dataset\raw\rocket\s68_49404.jpg,rocket,real,real_s68_49404.jpg,real::rocket::s68_49404
C:\Users\enzoo\PycharmProjects\orbitshield-CV\orbitshield-acv\dataset\raw\rocket\s68_49405.jpg,rocket,real,real_s68_49405.jpg,real::rocket::s68_49405
C:\Users\enzoo\PycharmProjects\orbitshield-CV\orbitshield-acv\dataset\raw\rocket\s68_55034.jpg,rocket,real,real_s68_55034.jpg,real::rocket::s68_55034
C:\Users\enzoo\PycharmProjects\orbitshield-CV\orbitshield-acv\dataset\raw\rocket\s68_56001.jpg,rocket,real,real_s68_56001.jpg,real::rocket::s68_56001
C:\Users\enzoo\PycharmProjects\orbitshield-CV\orbitshield-acv\dataset\raw\rocket\s69_25879.jpg,rocket,real,real_s69_25879.jpg,real::rocket::s69_25879
C:\Users\enzoo\PycharmProjects\orbitshield-CV\orbitshield-acv\dataset\raw\rocket\s69_27741.jpg,rocket,real,real_s69_27741.jpg,real::rocket::s69_27741
C:\Users\enzoo\PycharmProjects\orbitshield-CV\orbitshield-acv\dataset\raw\rocket\s69_27916.jpg,rocket,real,real_s69_27916.jpg,real::rocket::s69_27916
C:\Users\enzoo\PycharmProjects\orbitshield-CV\orbitshield-acv\dataset\raw\rocket\s69_33855.jpg,rocket,real,real_s69_33855.jpg,real::rocket::s69_33855
C:\Users\enzoo\PycharmProjects\orbitshield-CV\orbitshield-acv\dataset\raw\rocket\s70_54119.jpg,rocket,real,real_s70_54119.jpg,real::rocket::s70_54119
C:\Users\enzoo\PycharmProjects\orbitshield-CV\orbitshield-acv\dataset\raw\rocket\s70_54121.jpg,rocket,real,real_s70_54121.jpg,real::rocket::s70_54121
C:\Users\enzoo\PycharmProjects\orbitshield-CV\orbitshield-acv\dataset\raw\rocket\s70_54127.jpg,rocket,real,real_s70_54127.jpg,real::rocket::s70_54127
C:\Users\enzoo\PycharmProjects\orbitshield-CV\orbitshield-acv\dataset\raw\rocket\s70_55689.jpg,rocket,real,real_s70_55689.jpg,real::rocket::s70_55689
C:\Users\enzoo\PycharmProjects\orbitshield-CV\orbitshield-acv\dataset\raw\rocket\s71_33781.jpg,rocket,real,real_s71_33781.jpg,real::rocket::s71_33781
C:\Users\enzoo\PycharmProjects\orbitshield-CV\orbitshield-acv\dataset\raw\rocket\s71_33786.jpg,rocket,real,real_s71_33786.jpg,real::rocket::s71_33786
C:\Users\enzoo\PycharmProjects\orbitshield-CV\orbitshield-acv\dataset\raw\rocket\s71_41356.jpg,rocket,real,real_s71_41356.jpg,real::rocket::s71_41356
C:\Users\enzoo\PycharmProjects\orbitshield-CV\orbitshield-acv\dataset\raw\rocket\s73_25140.jpg,rocket,real,real_s73_25140.jpg,real::rocket::s73_25140
C:\Users\enzoo\PycharmProjects\orbitshield-CV\orbitshield-acv\dataset\raw\rocket\s73_25696.jpg,rocket,real,real_s73_25696.jpg,real::rocket::s73_25696
C:\Users\enzoo\PycharmProjects\orbitshield-CV\orbitshield-acv\dataset\raw\rocket\s73_26912.jpg,rocket,real,real_s73_26912.jpg,real::rocket::s73_26912
C:\Users\enzoo\PycharmProjects\orbitshield-CV\orbitshield-acv\dataset\raw\rocket\s73_26913.jpg,rocket,real,real_s73_26913.jpg,real::rocket::s73_26913
C:\Users\enzoo\PycharmProjects\orbitshield-CV\orbitshield-acv\dataset\raw\rocket\s75_24007.jpg,rocket,real,real_s75_24007.jpg,real::rocket::s75_24007
C:\Users\enzoo\PycharmProjects\orbitshield-CV\orbitshield-acv\dataset\raw\rocket\s75_32339.jpg,rocket,real,real_s75_32339.jpg,real::rocket::s75_32339
C:\Users\enzoo\PycharmProjects\orbitshield-CV\orbitshield-acv\dataset\raw\rocket\sls_5329_msfc_03172025_lvsa_iii_move_from_4649_to_4708_11.jpg,rocket,real,real_sls_5329_msfc_03172025_lvsa_iii_move_from_4649_to_4708_11.jpg,real::rocket::sls_5329_msfc_03172025_lvsa_iii_move_from_4649_to_4708_11
C:\Users\enzoo\PycharmProjects\orbitshield-CV\orbitshield-acv\dataset\raw\rocket\sls_5329_msfc_03172025_lvsa_iii_move_from_4649_to_4708_2.jpg,rocket,real,real_sls_5329_msfc_03172025_lvsa_iii_move_from_4649_to_4708_2.jpg,real::rocket::sls_5329_msfc_03172025_lvsa_iii_move_from_4649_to_4708_2
C:\Users\enzoo\PycharmProjects\orbitshield-CV\orbitshield-acv\dataset\raw\rocket\sls_5329_msfc_03172025_lvsa_iii_move_from_4649_to_4708_3.jpg,rocket,real,real_sls_5329_msfc_03172025_lvsa_iii_move_from_4649_to_4708_3.jpg,real::rocket::sls_5329_msfc_03172025_lvsa_iii_move_from_4649_to_4708_3
C:\Users\enzoo\PycharmProjects\orbitshield-CV\orbitshield-acv\dataset\raw\rocket\sls_5329_msfc_03172025_lvsa_iii_move_from_4649_to_4708_5.jpg,rocket,real,real_sls_5329_msfc_03172025_lvsa_iii_move_from_4649_to_4708_5.jpg,real::rocket::sls_5329_msfc_03172025_lvsa_iii_move_from_4649_to_4708_5
C:\Users\enzoo\PycharmProjects\orbitshield-CV\orbitshield-acv\dataset\raw\rocket\sls_5329_msfc_03172025_lvsa_iii_move_from_4649_to_4708_7.jpg,rocket,real,real_sls_5329_msfc_03172025_lvsa_iii_move_from_4649_to_4708_7.jpg,real::rocket::sls_5329_msfc_03172025_lvsa_iii_move_from_4649_to_4708_7
C:\Users\enzoo\PycharmProjects\orbitshield-CV\orbitshield-acv\dataset\synthetic\rocket\rocket_family_001_var_01.png,rocket,synthetic,synthetic_rocket_family_001_var_01.jpg,synthetic::rocket::family_001
C:\Users\enzoo\PycharmProjects\orbitshield-CV\orbitshield-acv\dataset\synthetic\rocket\rocket_family_001_var_02.png,rocket,synthetic,synthetic_rocket_family_001_var_02.jpg,synthetic::rocket::family_001
C:\Users\enzoo\PycharmProjects\orbitshield-CV\orbitshield-acv\dataset\synthetic\rocket\rocket_family_001_var_03.png,rocket,synthetic,synthetic_rocket_family_001_var_03.jpg,synthetic::rocket::family_001
C:\Users\enzoo\PycharmProjects\orbitshield-CV\orbitshield-acv\dataset\synthetic\rocket\rocket_family_001_var_04.png,rocket,synthetic,synthetic_rocket_family_001_var_04.jpg,synthetic::rocket::family_001
C:\Users\enzoo\PycharmProjects\orbitshield-CV\orbitshield-acv\dataset\synthetic\rocket\rocket_family_001_var_05.png,rocket,synthetic,synthetic_rocket_family_001_var_05.jpg,synthetic::rocket::family_001
C:\Users\enzoo\PycharmProjects\orbitshield-CV\orbitshield-acv\dataset\synthetic\rocket\rocket_family_002_var_01.png,rocket,synthetic,synthetic_rocket_family_002_var_01.jpg,synthetic::rocket::family_002
C:\Users\enzoo\PycharmProjects\orbitshield-CV\orbitshield-acv\dataset\synthetic\rocket\rocket_family_002_var_02.png,rocket,synthetic,synthetic_rocket_family_002_var_02.jpg,synthetic::rocket::family_002
C:\Users\enzoo\PycharmProjects\orbitshield-CV\orbitshield-acv\dataset\synthetic\rocket\rocket_family_002_var_03.png,rocket,synthetic,synthetic_rocket_family_002_var_03.jpg,synthetic::rocket::family_002
C:\Users\enzoo\PycharmProjects\orbitshield-CV\orbitshield-acv\dataset\synthetic\rocket\rocket_family_002_var_04.png,rocket,synthetic,synthetic_rocket_family_002_var_04.jpg,synthetic::rocket::family_002
C:\Users\enzoo\PycharmProjects\orbitshield-CV\orbitshield-acv\dataset\synthetic\rocket\rocket_family_002_var_05.png,rocket,synthetic,synthetic_rocket_family_002_var_05.jpg,synthetic::rocket::family_002
C:\Users\enzoo\PycharmProjects\orbitshield-CV\orbitshield-acv\dataset\synthetic\rocket\rocket_family_003_var_01.png,rocket,synthetic,synthetic_rocket_family_003_var_01.jpg,synthetic::rocket::family_003
C:\Users\enzoo\PycharmProjects\orbitshield-CV\orbitshield-acv\dataset\synthetic\rocket\rocket_family_003_var_02.png,rocket,synthetic,synthetic_rocket_family_003_var_02.jpg,synthetic::rocket::family_003
C:\Users\enzoo\PycharmProjects\orbitshield-CV\orbitshield-acv\dataset\synthetic\rocket\rocket_family_003_var_03.png,rocket,synthetic,synthetic_rocket_family_003_var_03.jpg,synthetic::rocket::family_003
C:\Users\enzoo\PycharmProjects\orbitshield-CV\orbitshield-acv\dataset\synthetic\rocket\rocket_family_003_var_04.png,rocket,synthetic,synthetic_rocket_family_003_var_04.jpg,synthetic::rocket::family_003
C:\Users\enzoo\PycharmProjects\orbitshield-CV\orbitshield-acv\dataset\synthetic\rocket\rocket_family_003_var_05.png,rocket,synthetic,synthetic_rocket_family_003_var_05.jpg,synthetic::rocket::family_003
C:\Users\enzoo\PycharmProjects\orbitshield-CV\orbitshield-acv\dataset\synthetic\rocket\rocket_family_004_var_01.png,rocket,synthetic,synthetic_rocket_family_004_var_01.jpg,synthetic::rocket::family_004
C:\Users\enzoo\PycharmProjects\orbitshield-CV\orbitshield-acv\dataset\synthetic\rocket\rocket_family_004_var_02.png,rocket,synthetic,synthetic_rocket_family_004_var_02.jpg,synthetic::rocket::family_004
C:\Users\enzoo\PycharmProjects\orbitshield-CV\orbitshield-acv\dataset\synthetic\rocket\rocket_family_004_var_03.png,rocket,synthetic,synthetic_rocket_family_004_var_03.jpg,synthetic::rocket::family_004
C:\Users\enzoo\PycharmProjects\orbitshield-CV\orbitshield-acv\dataset\synthetic\rocket\rocket_family_004_var_04.png,rocket,synthetic,synthetic_rocket_family_004_var_04.jpg,synthetic::rocket::family_004
C:\Users\enzoo\PycharmProjects\orbitshield-CV\orbitshield-acv\dataset\synthetic\rocket\rocket_family_004_var_05.png,rocket,synthetic,synthetic_rocket_family_004_var_05.jpg,synthetic::rocket::family_004
C:\Users\enzoo\PycharmProjects\orbitshield-CV\orbitshield-acv\dataset\synthetic\rocket\rocket_family_005_var_01.png,rocket,synthetic,synthetic_rocket_family_005_var_01.jpg,synthetic::rocket::family_005
C:\Users\enzoo\PycharmProjects\orbitshield-CV\orbitshield-acv\dataset\synthetic\rocket\rocket_family_005_var_02.png,rocket,synthetic,synthetic_rocket_family_005_var_02.jpg,synthetic::rocket::family_005
C:\Users\enzoo\PycharmProjects\orbitshield-CV\orbitshield-acv\dataset\synthetic\rocket\rocket_family_005_var_03.png,rocket,synthetic,synthetic_rocket_family_005_var_03.jpg,synthetic::rocket::family_005
C:\Users\enzoo\PycharmProjects\orbitshield-CV\orbitshield-acv\dataset\synthetic\rocket\rocket_family_005_var_04.png,rocket,synthetic,synthetic_rocket_family_005_var_04.jpg,synthetic::rocket::family_005
C:\Users\enzoo\PycharmProjects\orbitshield-CV\orbitshield-acv\dataset\synthetic\rocket\rocket_family_005_var_05.png,rocket,synthetic,synthetic_rocket_family_005_var_05.jpg,synthetic::rocket::family_005
C:\Users\enzoo\PycharmProjects\orbitshield-CV\orbitshield-acv\dataset\synthetic\rocket\rocket_family_006_var_01.png,rocket,synthetic,synthetic_rocket_family_006_var_01.jpg,synthetic::rocket::family_006
C:\Users\enzoo\PycharmProjects\orbitshield-CV\orbitshield-acv\dataset\synthetic\rocket\rocket_family_006_var_02.png,rocket,synthetic,synthetic_rocket_family_006_var_02.jpg,synthetic::rocket::family_006
C:\Users\enzoo\PycharmProjects\orbitshield-CV\orbitshield-acv\dataset\synthetic\rocket\rocket_family_006_var_03.png,rocket,synthetic,synthetic_rocket_family_006_var_03.jpg,synthetic::rocket::family_006
C:\Users\enzoo\PycharmProjects\orbitshield-CV\orbitshield-acv\dataset\synthetic\rocket\rocket_family_006_var_04.png,rocket,synthetic,synthetic_rocket_family_006_var_04.jpg,synthetic::rocket::family_006
C:\Users\enzoo\PycharmProjects\orbitshield-CV\orbitshield-acv\dataset\synthetic\rocket\rocket_family_006_var_05.png,rocket,synthetic,synthetic_rocket_family_006_var_05.jpg,synthetic::rocket::family_006
C:\Users\enzoo\PycharmProjects\orbitshield-CV\orbitshield-acv\dataset\synthetic\rocket\rocket_family_007_var_01.png,rocket,synthetic,synthetic_rocket_family_007_var_01.jpg,synthetic::rocket::family_007
C:\Users\enzoo\PycharmProjects\orbitshield-CV\orbitshield-acv\dataset\synthetic\rocket\rocket_family_007_var_02.png,rocket,synthetic,synthetic_rocket_family_007_var_02.jpg,synthetic::rocket::family_007
C:\Users\enzoo\PycharmProjects\orbitshield-CV\orbitshield-acv\dataset\synthetic\rocket\rocket_family_007_var_03.png,rocket,synthetic,synthetic_rocket_family_007_var_03.jpg,synthetic::rocket::family_007
C:\Users\enzoo\PycharmProjects\orbitshield-CV\orbitshield-acv\dataset\synthetic\rocket\rocket_family_007_var_04.png,rocket,synthetic,synthetic_rocket_family_007_var_04.jpg,synthetic::rocket::family_007
C:\Users\enzoo\PycharmProjects\orbitshield-CV\orbitshield-acv\dataset\synthetic\rocket\rocket_family_007_var_05.png,rocket,synthetic,synthetic_rocket_family_007_var_05.jpg,synthetic::rocket::family_007
C:\Users\enzoo\PycharmProjects\orbitshield-CV\orbitshield-acv\dataset\synthetic\rocket\rocket_family_008_var_01.png,rocket,synthetic,synthetic_rocket_family_008_var_01.jpg,synthetic::rocket::family_008
C:\Users\enzoo\PycharmProjects\orbitshield-CV\orbitshield-acv\dataset\synthetic\rocket\rocket_family_008_var_02.png,rocket,synthetic,synthetic_rocket_family_008_var_02.jpg,synthetic::rocket::family_008
C:\Users\enzoo\PycharmProjects\orbitshield-CV\orbitshield-acv\dataset\synthetic\rocket\rocket_family_008_var_03.png,rocket,synthetic,synthetic_rocket_family_008_var_03.jpg,synthetic::rocket::family_008
C:\Users\enzoo\PycharmProjects\orbitshield-CV\orbitshield-acv\dataset\synthetic\rocket\rocket_family_008_var_04.png,rocket,synthetic,synthetic_rocket_family_008_var_04.jpg,synthetic::rocket::family_008
C:\Users\enzoo\PycharmProjects\orbitshield-CV\orbitshield-acv\dataset\synthetic\rocket\rocket_family_008_var_05.png,rocket,synthetic,synthetic_rocket_family_008_var_05.jpg,synthetic::rocket::family_008
C:\Users\enzoo\PycharmProjects\orbitshield-CV\orbitshield-acv\dataset\synthetic\rocket\rocket_family_009_var_01.png,rocket,synthetic,synthetic_rocket_family_009_var_01.jpg,synthetic::rocket::family_009
C:\Users\enzoo\PycharmProjects\orbitshield-CV\orbitshield-acv\dataset\synthetic\rocket\rocket_family_009_var_02.png,rocket,synthetic,synthetic_rocket_family_009_var_02.jpg,synthetic::rocket::family_009
C:\Users\enzoo\PycharmProjects\orbitshield-CV\orbitshield-acv\dataset\synthetic\rocket\rocket_family_009_var_03.png,rocket,synthetic,synthetic_rocket_family_009_var_03.jpg,synthetic::rocket::family_009
C:\Users\enzoo\PycharmProjects\orbitshield-CV\orbitshield-acv\dataset\synthetic\rocket\rocket_family_009_var_04.png,rocket,synthetic,synthetic_rocket_family_009_var_04.jpg,synthetic::rocket::family_009
C:\Users\enzoo\PycharmProjects\orbitshield-CV\orbitshield-acv\dataset\synthetic\rocket\rocket_family_009_var_05.png,rocket,synthetic,synthetic_rocket_family_009_var_05.jpg,synthetic::rocket::family_009
C:\Users\enzoo\PycharmProjects\orbitshield-CV\orbitshield-acv\dataset\synthetic\rocket\rocket_family_010_var_01.png,rocket,synthetic,synthetic_rocket_family_010_var_01.jpg,synthetic::rocket::family_010
C:\Users\enzoo\PycharmProjects\orbitshield-CV\orbitshield-acv\dataset\synthetic\rocket\rocket_family_010_var_02.png,rocket,synthetic,synthetic_rocket_family_010_var_02.jpg,synthetic::rocket::family_010
C:\Users\enzoo\PycharmProjects\orbitshield-CV\orbitshield-acv\dataset\synthetic\rocket\rocket_family_010_var_03.png,rocket,synthetic,synthetic_rocket_family_010_var_03.jpg,synthetic::rocket::family_010
C:\Users\enzoo\PycharmProjects\orbitshield-CV\orbitshield-acv\dataset\synthetic\rocket\rocket_family_010_var_04.png,rocket,synthetic,synthetic_rocket_family_010_var_04.jpg,synthetic::rocket::family_010
C:\Users\enzoo\PycharmProjects\orbitshield-CV\orbitshield-acv\dataset\synthetic\rocket\rocket_family_010_var_05.png,rocket,synthetic,synthetic_rocket_family_010_var_05.jpg,synthetic::rocket::family_010
C:\Users\enzoo\PycharmProjects\orbitshield-CV\orbitshield-acv\dataset\synthetic\rocket\rocket_family_011_var_01.png,rocket,synthetic,synthetic_rocket_family_011_var_01.jpg,synthetic::rocket::family_011
C:\Users\enzoo\PycharmProjects\orbitshield-CV\orbitshield-acv\dataset\synthetic\rocket\rocket_family_011_var_02.png,rocket,synthetic,synthetic_rocket_family_011_var_02.jpg,synthetic::rocket::family_011
C:\Users\enzoo\PycharmProjects\orbitshield-CV\orbitshield-acv\dataset\synthetic\rocket\rocket_family_011_var_03.png,rocket,synthetic,synthetic_rocket_family_011_var_03.jpg,synthetic::rocket::family_011
C:\Users\enzoo\PycharmProjects\orbitshield-CV\orbitshield-acv\dataset\synthetic\rocket\rocket_family_011_var_04.png,rocket,synthetic,synthetic_rocket_family_011_var_04.jpg,synthetic::rocket::family_011
C:\Users\enzoo\PycharmProjects\orbitshield-CV\orbitshield-acv\dataset\synthetic\rocket\rocket_family_011_var_05.png,rocket,synthetic,synthetic_rocket_family_011_var_05.jpg,synthetic::rocket::family_011
C:\Users\enzoo\PycharmProjects\orbitshield-CV\orbitshield-acv\dataset\synthetic\rocket\rocket_family_012_var_01.png,rocket,synthetic,synthetic_rocket_family_012_var_01.jpg,synthetic::rocket::family_012
C:\Users\enzoo\PycharmProjects\orbitshield-CV\orbitshield-acv\dataset\synthetic\rocket\rocket_family_012_var_02.png,rocket,synthetic,synthetic_rocket_family_012_var_02.jpg,synthetic::rocket::family_012
C:\Users\enzoo\PycharmProjects\orbitshield-CV\orbitshield-acv\dataset\synthetic\rocket\rocket_family_012_var_03.png,rocket,synthetic,synthetic_rocket_family_012_var_03.jpg,synthetic::rocket::family_012
C:\Users\enzoo\PycharmProjects\orbitshield-CV\orbitshield-acv\dataset\synthetic\rocket\rocket_family_012_var_04.png,rocket,synthetic,synthetic_rocket_family_012_var_04.jpg,synthetic::rocket::family_012
C:\Users\enzoo\PycharmProjects\orbitshield-CV\orbitshield-acv\dataset\synthetic\rocket\rocket_family_012_var_05.png,rocket,synthetic,synthetic_rocket_family_012_var_05.jpg,synthetic::rocket::family_012
C:\Users\enzoo\PycharmProjects\orbitshield-CV\orbitshield-acv\dataset\synthetic\rocket\rocket_family_013_var_01.png,rocket,synthetic,synthetic_rocket_family_013_var_01.jpg,synthetic::rocket::family_013
C:\Users\enzoo\PycharmProjects\orbitshield-CV\orbitshield-acv\dataset\synthetic\rocket\rocket_family_013_var_02.png,rocket,synthetic,synthetic_rocket_family_013_var_02.jpg,synthetic::rocket::family_013
C:\Users\enzoo\PycharmProjects\orbitshield-CV\orbitshield-acv\dataset\synthetic\rocket\rocket_family_013_var_03.png,rocket,synthetic,synthetic_rocket_family_013_var_03.jpg,synthetic::rocket::family_013
C:\Users\enzoo\PycharmProjects\orbitshield-CV\orbitshield-acv\dataset\synthetic\rocket\rocket_family_013_var_04.png,rocket,synthetic,synthetic_rocket_family_013_var_04.jpg,synthetic::rocket::family_013
C:\Users\enzoo\PycharmProjects\orbitshield-CV\orbitshield-acv\dataset\synthetic\rocket\rocket_family_013_var_05.png,rocket,synthetic,synthetic_rocket_family_013_var_05.jpg,synthetic::rocket::family_013
C:\Users\enzoo\PycharmProjects\orbitshield-CV\orbitshield-acv\dataset\synthetic\rocket\rocket_family_014_var_01.png,rocket,synthetic,synthetic_rocket_family_014_var_01.jpg,synthetic::rocket::family_014
C:\Users\enzoo\PycharmProjects\orbitshield-CV\orbitshield-acv\dataset\synthetic\rocket\rocket_family_014_var_02.png,rocket,synthetic,synthetic_rocket_family_014_var_02.jpg,synthetic::rocket::family_014
C:\Users\enzoo\PycharmProjects\orbitshield-CV\orbitshield-acv\dataset\synthetic\rocket\rocket_family_014_var_03.png,rocket,synthetic,synthetic_rocket_family_014_var_03.jpg,synthetic::rocket::family_014
C:\Users\enzoo\PycharmProjects\orbitshield-CV\orbitshield-acv\dataset\synthetic\rocket\rocket_family_014_var_04.png,rocket,synthetic,synthetic_rocket_family_014_var_04.jpg,synthetic::rocket::family_014
C:\Users\enzoo\PycharmProjects\orbitshield-CV\orbitshield-acv\dataset\synthetic\rocket\rocket_family_014_var_05.png,rocket,synthetic,synthetic_rocket_family_014_var_05.jpg,synthetic::rocket::family_014
C:\Users\enzoo\PycharmProjects\orbitshield-CV\orbitshield-acv\dataset\synthetic\rocket\rocket_family_015_var_01.png,rocket,synthetic,synthetic_rocket_family_015_var_01.jpg,synthetic::rocket::family_015
C:\Users\enzoo\PycharmProjects\orbitshield-CV\orbitshield-acv\dataset\synthetic\rocket\rocket_family_015_var_02.png,rocket,synthetic,synthetic_rocket_family_015_var_02.jpg,synthetic::rocket::family_015
C:\Users\enzoo\PycharmProjects\orbitshield-CV\orbitshield-acv\dataset\synthetic\rocket\rocket_family_015_var_03.png,rocket,synthetic,synthetic_rocket_family_015_var_03.jpg,synthetic::rocket::family_015
C:\Users\enzoo\PycharmProjects\orbitshield-CV\orbitshield-acv\dataset\synthetic\rocket\rocket_family_015_var_04.png,rocket,synthetic,synthetic_rocket_family_015_var_04.jpg,synthetic::rocket::family_015
C:\Users\enzoo\PycharmProjects\orbitshield-CV\orbitshield-acv\dataset\synthetic\rocket\rocket_family_015_var_05.png,rocket,synthetic,synthetic_rocket_family_015_var_05.jpg,synthetic::rocket::family_015
C:\Users\enzoo\PycharmProjects\orbitshield-CV\orbitshield-acv\dataset\synthetic\rocket\rocket_family_016_var_01.png,rocket,synthetic,synthetic_rocket_family_016_var_01.jpg,synthetic::rocket::family_016
C:\Users\enzoo\PycharmProjects\orbitshield-CV\orbitshield-acv\dataset\synthetic\rocket\rocket_family_016_var_02.png,rocket,synthetic,synthetic_rocket_family_016_var_02.jpg,synthetic::rocket::family_016
C:\Users\enzoo\PycharmProjects\orbitshield-CV\orbitshield-acv\dataset\synthetic\rocket\rocket_family_016_var_03.png,rocket,synthetic,synthetic_rocket_family_016_var_03.jpg,synthetic::rocket::family_016
C:\Users\enzoo\PycharmProjects\orbitshield-CV\orbitshield-acv\dataset\synthetic\rocket\rocket_family_016_var_04.png,rocket,synthetic,synthetic_rocket_family_016_var_04.jpg,synthetic::rocket::family_016
C:\Users\enzoo\PycharmProjects\orbitshield-CV\orbitshield-acv\dataset\synthetic\rocket\rocket_family_016_var_05.png,rocket,synthetic,synthetic_rocket_family_016_var_05.jpg,synthetic::rocket::family_016
C:\Users\enzoo\PycharmProjects\orbitshield-CV\orbitshield-acv\dataset\synthetic\rocket\rocket_family_017_var_01.png,rocket,synthetic,synthetic_rocket_family_017_var_01.jpg,synthetic::rocket::family_017
C:\Users\enzoo\PycharmProjects\orbitshield-CV\orbitshield-acv\dataset\synthetic\rocket\rocket_family_017_var_02.png,rocket,synthetic,synthetic_rocket_family_017_var_02.jpg,synthetic::rocket::family_017
C:\Users\enzoo\PycharmProjects\orbitshield-CV\orbitshield-acv\dataset\synthetic\rocket\rocket_family_017_var_03.png,rocket,synthetic,synthetic_rocket_family_017_var_03.jpg,synthetic::rocket::family_017
C:\Users\enzoo\PycharmProjects\orbitshield-CV\orbitshield-acv\dataset\synthetic\rocket\rocket_family_017_var_04.png,rocket,synthetic,synthetic_rocket_family_017_var_04.jpg,synthetic::rocket::family_017
C:\Users\enzoo\PycharmProjects\orbitshield-CV\orbitshield-acv\dataset\synthetic\rocket\rocket_family_017_var_05.png,rocket,synthetic,synthetic_rocket_family_017_var_05.jpg,synthetic::rocket::family_017
C:\Users\enzoo\PycharmProjects\orbitshield-CV\orbitshield-acv\dataset\synthetic\rocket\rocket_family_018_var_01.png,rocket,synthetic,synthetic_rocket_family_018_var_01.jpg,synthetic::rocket::family_018
C:\Users\enzoo\PycharmProjects\orbitshield-CV\orbitshield-acv\dataset\synthetic\rocket\rocket_family_018_var_02.png,rocket,synthetic,synthetic_rocket_family_018_var_02.jpg,synthetic::rocket::family_018
C:\Users\enzoo\PycharmProjects\orbitshield-CV\orbitshield-acv\dataset\synthetic\rocket\rocket_family_018_var_03.png,rocket,synthetic,synthetic_rocket_family_018_var_03.jpg,synthetic::rocket::family_018
C:\Users\enzoo\PycharmProjects\orbitshield-CV\orbitshield-acv\dataset\synthetic\rocket\rocket_family_018_var_04.png,rocket,synthetic,synthetic_rocket_family_018_var_04.jpg,synthetic::rocket::family_018
C:\Users\enzoo\PycharmProjects\orbitshield-CV\orbitshield-acv\dataset\synthetic\rocket\rocket_family_018_var_05.png,rocket,synthetic,synthetic_rocket_family_018_var_05.jpg,synthetic::rocket::family_018
C:\Users\enzoo\PycharmProjects\orbitshield-CV\orbitshield-acv\dataset\synthetic\rocket\rocket_family_019_var_01.png,rocket,synthetic,synthetic_rocket_family_019_var_01.jpg,synthetic::rocket::family_019
C:\Users\enzoo\PycharmProjects\orbitshield-CV\orbitshield-acv\dataset\synthetic\rocket\rocket_family_019_var_02.png,rocket,synthetic,synthetic_rocket_family_019_var_02.jpg,synthetic::rocket::family_019
C:\Users\enzoo\PycharmProjects\orbitshield-CV\orbitshield-acv\dataset\synthetic\rocket\rocket_family_019_var_03.png,rocket,synthetic,synthetic_rocket_family_019_var_03.jpg,synthetic::rocket::family_019
C:\Users\enzoo\PycharmProjects\orbitshield-CV\orbitshield-acv\dataset\synthetic\rocket\rocket_family_019_var_04.png,rocket,synthetic,synthetic_rocket_family_019_var_04.jpg,synthetic::rocket::family_019
C:\Users\enzoo\PycharmProjects\orbitshield-CV\orbitshield-acv\dataset\synthetic\rocket\rocket_family_019_var_05.png,rocket,synthetic,synthetic_rocket_family_019_var_05.jpg,synthetic::rocket::family_019
C:\Users\enzoo\PycharmProjects\orbitshield-CV\orbitshield-acv\dataset\synthetic\rocket\rocket_family_020_var_01.png,rocket,synthetic,synthetic_rocket_family_020_var_01.jpg,synthetic::rocket::family_020
C:\Users\enzoo\PycharmProjects\orbitshield-CV\orbitshield-acv\dataset\synthetic\rocket\rocket_family_020_var_02.png,rocket,synthetic,synthetic_rocket_family_020_var_02.jpg,synthetic::rocket::family_020
C:\Users\enzoo\PycharmProjects\orbitshield-CV\orbitshield-acv\dataset\synthetic\rocket\rocket_family_020_var_03.png,rocket,synthetic,synthetic_rocket_family_020_var_03.jpg,synthetic::rocket::family_020
C:\Users\enzoo\PycharmProjects\orbitshield-CV\orbitshield-acv\dataset\synthetic\rocket\rocket_family_020_var_04.png,rocket,synthetic,synthetic_rocket_family_020_var_04.jpg,synthetic::rocket::family_020
C:\Users\enzoo\PycharmProjects\orbitshield-CV\orbitshield-acv\dataset\synthetic\rocket\rocket_family_020_var_05.png,rocket,synthetic,synthetic_rocket_family_020_var_05.jpg,synthetic::rocket::family_020
C:\Users\enzoo\PycharmProjects\orbitshield-CV\orbitshield-acv\dataset\synthetic\rocket\rocket_family_021_var_01.png,rocket,synthetic,synthetic_rocket_family_021_var_01.jpg,synthetic::rocket::family_021
C:\Users\enzoo\PycharmProjects\orbitshield-CV\orbitshield-acv\dataset\synthetic\rocket\rocket_family_021_var_02.png,rocket,synthetic,synthetic_rocket_family_021_var_02.jpg,synthetic::rocket::family_021
C:\Users\enzoo\PycharmProjects\orbitshield-CV\orbitshield-acv\dataset\synthetic\rocket\rocket_family_021_var_03.png,rocket,synthetic,synthetic_rocket_family_021_var_03.jpg,synthetic::rocket::family_021
C:\Users\enzoo\PycharmProjects\orbitshield-CV\orbitshield-acv\dataset\synthetic\rocket\rocket_family_021_var_04.png,rocket,synthetic,synthetic_rocket_family_021_var_04.jpg,synthetic::rocket::family_021
C:\Users\enzoo\PycharmProjects\orbitshield-CV\orbitshield-acv\dataset\synthetic\rocket\rocket_family_021_var_05.png,rocket,synthetic,synthetic_rocket_family_021_var_05.jpg,synthetic::rocket::family_021
C:\Users\enzoo\PycharmProjects\orbitshield-CV\orbitshield-acv\dataset\synthetic\rocket\rocket_family_022_var_01.png,rocket,synthetic,synthetic_rocket_family_022_var_01.jpg,synthetic::rocket::family_022
C:\Users\enzoo\PycharmProjects\orbitshield-CV\orbitshield-acv\dataset\synthetic\rocket\rocket_family_022_var_02.png,rocket,synthetic,synthetic_rocket_family_022_var_02.jpg,synthetic::rocket::family_022
C:\Users\enzoo\PycharmProjects\orbitshield-CV\orbitshield-acv\dataset\synthetic\rocket\rocket_family_022_var_03.png,rocket,synthetic,synthetic_rocket_family_022_var_03.jpg,synthetic::rocket::family_022
C:\Users\enzoo\PycharmProjects\orbitshield-CV\orbitshield-acv\dataset\synthetic\rocket\rocket_family_022_var_04.png,rocket,synthetic,synthetic_rocket_family_022_var_04.jpg,synthetic::rocket::family_022
C:\Users\enzoo\PycharmProjects\orbitshield-CV\orbitshield-acv\dataset\synthetic\rocket\rocket_family_022_var_05.png,rocket,synthetic,synthetic_rocket_family_022_var_05.jpg,synthetic::rocket::family_022
C:\Users\enzoo\PycharmProjects\orbitshield-CV\orbitshield-acv\dataset\synthetic\rocket\rocket_family_023_var_01.png,rocket,synthetic,synthetic_rocket_family_023_var_01.jpg,synthetic::rocket::family_023
C:\Users\enzoo\PycharmProjects\orbitshield-CV\orbitshield-acv\dataset\synthetic\rocket\rocket_family_023_var_02.png,rocket,synthetic,synthetic_rocket_family_023_var_02.jpg,synthetic::rocket::family_023
C:\Users\enzoo\PycharmProjects\orbitshield-CV\orbitshield-acv\dataset\synthetic\rocket\rocket_family_023_var_03.png,rocket,synthetic,synthetic_rocket_family_023_var_03.jpg,synthetic::rocket::family_023
C:\Users\enzoo\PycharmProjects\orbitshield-CV\orbitshield-acv\dataset\synthetic\rocket\rocket_family_023_var_04.png,rocket,synthetic,synthetic_rocket_family_023_var_04.jpg,synthetic::rocket::family_023
C:\Users\enzoo\PycharmProjects\orbitshield-CV\orbitshield-acv\dataset\synthetic\rocket\rocket_family_023_var_05.png,rocket,synthetic,synthetic_rocket_family_023_var_05.jpg,synthetic::rocket::family_023
C:\Users\enzoo\PycharmProjects\orbitshield-CV\orbitshield-acv\dataset\synthetic\rocket\rocket_family_024_var_01.png,rocket,synthetic,synthetic_rocket_family_024_var_01.jpg,synthetic::rocket::family_024
C:\Users\enzoo\PycharmProjects\orbitshield-CV\orbitshield-acv\dataset\synthetic\rocket\rocket_family_024_var_02.png,rocket,synthetic,synthetic_rocket_family_024_var_02.jpg,synthetic::rocket::family_024
C:\Users\enzoo\PycharmProjects\orbitshield-CV\orbitshield-acv\dataset\synthetic\rocket\rocket_family_024_var_03.png,rocket,synthetic,synthetic_rocket_family_024_var_03.jpg,synthetic::rocket::family_024
C:\Users\enzoo\PycharmProjects\orbitshield-CV\orbitshield-acv\dataset\synthetic\rocket\rocket_family_024_var_04.png,rocket,synthetic,synthetic_rocket_family_024_var_04.jpg,synthetic::rocket::family_024
C:\Users\enzoo\PycharmProjects\orbitshield-CV\orbitshield-acv\dataset\synthetic\rocket\rocket_family_024_var_05.png,rocket,synthetic,synthetic_rocket_family_024_var_05.jpg,synthetic::rocket::family_024
C:\Users\enzoo\PycharmProjects\orbitshield-CV\orbitshield-acv\dataset\synthetic\rocket\rocket_family_025_var_01.png,rocket,synthetic,synthetic_rocket_family_025_var_01.jpg,synthetic::rocket::family_025
C:\Users\enzoo\PycharmProjects\orbitshield-CV\orbitshield-acv\dataset\synthetic\rocket\rocket_family_025_var_02.png,rocket,synthetic,synthetic_rocket_family_025_var_02.jpg,synthetic::rocket::family_025
C:\Users\enzoo\PycharmProjects\orbitshield-CV\orbitshield-acv\dataset\synthetic\rocket\rocket_family_025_var_03.png,rocket,synthetic,synthetic_rocket_family_025_var_03.jpg,synthetic::rocket::family_025
C:\Users\enzoo\PycharmProjects\orbitshield-CV\orbitshield-acv\dataset\synthetic\rocket\rocket_family_025_var_04.png,rocket,synthetic,synthetic_rocket_family_025_var_04.jpg,synthetic::rocket::family_025
C:\Users\enzoo\PycharmProjects\orbitshield-CV\orbitshield-acv\dataset\synthetic\rocket\rocket_family_025_var_05.png,rocket,synthetic,synthetic_rocket_family_025_var_05.jpg,synthetic::rocket::family_025
C:\Users\enzoo\PycharmProjects\orbitshield-CV\orbitshield-acv\dataset\synthetic\rocket\rocket_family_026_var_01.png,rocket,synthetic,synthetic_rocket_family_026_var_01.jpg,synthetic::rocket::family_026
C:\Users\enzoo\PycharmProjects\orbitshield-CV\orbitshield-acv\dataset\synthetic\rocket\rocket_family_026_var_02.png,rocket,synthetic,synthetic_rocket_family_026_var_02.jpg,synthetic::rocket::family_026
C:\Users\enzoo\PycharmProjects\orbitshield-CV\orbitshield-acv\dataset\synthetic\rocket\rocket_family_026_var_03.png,rocket,synthetic,synthetic_rocket_family_026_var_03.jpg,synthetic::rocket::family_026
C:\Users\enzoo\PycharmProjects\orbitshield-CV\orbitshield-acv\dataset\synthetic\rocket\rocket_family_026_var_04.png,rocket,synthetic,synthetic_rocket_family_026_var_04.jpg,synthetic::rocket::family_026
C:\Users\enzoo\PycharmProjects\orbitshield-CV\orbitshield-acv\dataset\synthetic\rocket\rocket_family_026_var_05.png,rocket,synthetic,synthetic_rocket_family_026_var_05.jpg,synthetic::rocket::family_026
C:\Users\enzoo\PycharmProjects\orbitshield-CV\orbitshield-acv\dataset\synthetic\rocket\rocket_family_027_var_01.png,rocket,synthetic,synthetic_rocket_family_027_var_01.jpg,synthetic::rocket::family_027
C:\Users\enzoo\PycharmProjects\orbitshield-CV\orbitshield-acv\dataset\synthetic\rocket\rocket_family_027_var_02.png,rocket,synthetic,synthetic_rocket_family_027_var_02.jpg,synthetic::rocket::family_027
C:\Users\enzoo\PycharmProjects\orbitshield-CV\orbitshield-acv\dataset\synthetic\rocket\rocket_family_027_var_03.png,rocket,synthetic,synthetic_rocket_family_027_var_03.jpg,synthetic::rocket::family_027
C:\Users\enzoo\PycharmProjects\orbitshield-CV\orbitshield-acv\dataset\synthetic\rocket\rocket_family_027_var_04.png,rocket,synthetic,synthetic_rocket_family_027_var_04.jpg,synthetic::rocket::family_027
C:\Users\enzoo\PycharmProjects\orbitshield-CV\orbitshield-acv\dataset\synthetic\rocket\rocket_family_027_var_05.png,rocket,synthetic,synthetic_rocket_family_027_var_05.jpg,synthetic::rocket::family_027
C:\Users\enzoo\PycharmProjects\orbitshield-CV\orbitshield-acv\dataset\synthetic\rocket\rocket_family_028_var_01.png,rocket,synthetic,synthetic_rocket_family_028_var_01.jpg,synthetic::rocket::family_028
C:\Users\enzoo\PycharmProjects\orbitshield-CV\orbitshield-acv\dataset\synthetic\rocket\rocket_family_028_var_02.png,rocket,synthetic,synthetic_rocket_family_028_var_02.jpg,synthetic::rocket::family_028
C:\Users\enzoo\PycharmProjects\orbitshield-CV\orbitshield-acv\dataset\synthetic\rocket\rocket_family_028_var_03.png,rocket,synthetic,synthetic_rocket_family_028_var_03.jpg,synthetic::rocket::family_028
C:\Users\enzoo\PycharmProjects\orbitshield-CV\orbitshield-acv\dataset\synthetic\rocket\rocket_family_028_var_04.png,rocket,synthetic,synthetic_rocket_family_028_var_04.jpg,synthetic::rocket::family_028
C:\Users\enzoo\PycharmProjects\orbitshield-CV\orbitshield-acv\dataset\synthetic\rocket\rocket_family_028_var_05.png,rocket,synthetic,synthetic_rocket_family_028_var_05.jpg,synthetic::rocket::family_028
C:\Users\enzoo\PycharmProjects\orbitshield-CV\orbitshield-acv\dataset\synthetic\rocket\rocket_family_029_var_01.png,rocket,synthetic,synthetic_rocket_family_029_var_01.jpg,synthetic::rocket::family_029
C:\Users\enzoo\PycharmProjects\orbitshield-CV\orbitshield-acv\dataset\synthetic\rocket\rocket_family_029_var_02.png,rocket,synthetic,synthetic_rocket_family_029_var_02.jpg,synthetic::rocket::family_029
C:\Users\enzoo\PycharmProjects\orbitshield-CV\orbitshield-acv\dataset\synthetic\rocket\rocket_family_029_var_03.png,rocket,synthetic,synthetic_rocket_family_029_var_03.jpg,synthetic::rocket::family_029
C:\Users\enzoo\PycharmProjects\orbitshield-CV\orbitshield-acv\dataset\synthetic\rocket\rocket_family_029_var_04.png,rocket,synthetic,synthetic_rocket_family_029_var_04.jpg,synthetic::rocket::family_029
C:\Users\enzoo\PycharmProjects\orbitshield-CV\orbitshield-acv\dataset\synthetic\rocket\rocket_family_029_var_05.png,rocket,synthetic,synthetic_rocket_family_029_var_05.jpg,synthetic::rocket::family_029
C:\Users\enzoo\PycharmProjects\orbitshield-CV\orbitshield-acv\dataset\synthetic\rocket\rocket_family_030_var_01.png,rocket,synthetic,synthetic_rocket_family_030_var_01.jpg,synthetic::rocket::family_030
C:\Users\enzoo\PycharmProjects\orbitshield-CV\orbitshield-acv\dataset\synthetic\rocket\rocket_family_030_var_02.png,rocket,synthetic,synthetic_rocket_family_030_var_02.jpg,synthetic::rocket::family_030
C:\Users\enzoo\PycharmProjects\orbitshield-CV\orbitshield-acv\dataset\synthetic\rocket\rocket_family_030_var_03.png,rocket,synthetic,synthetic_rocket_family_030_var_03.jpg,synthetic::rocket::family_030
C:\Users\enzoo\PycharmProjects\orbitshield-CV\orbitshield-acv\dataset\synthetic\rocket\rocket_family_030_var_04.png,rocket,synthetic,synthetic_rocket_family_030_var_04.jpg,synthetic::rocket::family_030
C:\Users\enzoo\PycharmProjects\orbitshield-CV\orbitshield-acv\dataset\synthetic\rocket\rocket_family_030_var_05.png,rocket,synthetic,synthetic_rocket_family_030_var_05.jpg,synthetic::rocket::family_030
C:\Users\enzoo\PycharmProjects\orbitshield-CV\orbitshield-acv\dataset\synthetic\rocket\rocket_family_031_var_01.png,rocket,synthetic,synthetic_rocket_family_031_var_01.jpg,synthetic::rocket::family_031
C:\Users\enzoo\PycharmProjects\orbitshield-CV\orbitshield-acv\dataset\synthetic\rocket\rocket_family_031_var_02.png,rocket,synthetic,synthetic_rocket_family_031_var_02.jpg,synthetic::rocket::family_031
C:\Users\enzoo\PycharmProjects\orbitshield-CV\orbitshield-acv\dataset\synthetic\rocket\rocket_family_031_var_03.png,rocket,synthetic,synthetic_rocket_family_031_var_03.jpg,synthetic::rocket::family_031
C:\Users\enzoo\PycharmProjects\orbitshield-CV\orbitshield-acv\dataset\synthetic\rocket\rocket_family_031_var_04.png,rocket,synthetic,synthetic_rocket_family_031_var_04.jpg,synthetic::rocket::family_031
C:\Users\enzoo\PycharmProjects\orbitshield-CV\orbitshield-acv\dataset\synthetic\rocket\rocket_family_031_var_05.png,rocket,synthetic,synthetic_rocket_family_031_var_05.jpg,synthetic::rocket::family_031
C:\Users\enzoo\PycharmProjects\orbitshield-CV\orbitshield-acv\dataset\synthetic\rocket\rocket_family_032_var_01.png,rocket,synthetic,synthetic_rocket_family_032_var_01.jpg,synthetic::rocket::family_032
C:\Users\enzoo\PycharmProjects\orbitshield-CV\orbitshield-acv\dataset\synthetic\rocket\rocket_family_032_var_02.png,rocket,synthetic,synthetic_rocket_family_032_var_02.jpg,synthetic::rocket::family_032
C:\Users\enzoo\PycharmProjects\orbitshield-CV\orbitshield-acv\dataset\synthetic\rocket\rocket_family_032_var_03.png,rocket,synthetic,synthetic_rocket_family_032_var_03.jpg,synthetic::rocket::family_032
C:\Users\enzoo\PycharmProjects\orbitshield-CV\orbitshield-acv\dataset\synthetic\rocket\rocket_family_032_var_04.png,rocket,synthetic,synthetic_rocket_family_032_var_04.jpg,synthetic::rocket::family_032
C:\Users\enzoo\PycharmProjects\orbitshield-CV\orbitshield-acv\dataset\synthetic\rocket\rocket_family_032_var_05.png,rocket,synthetic,synthetic_rocket_family_032_var_05.jpg,synthetic::rocket::family_032
C:\Users\enzoo\PycharmProjects\orbitshield-CV\orbitshield-acv\dataset\synthetic\rocket\rocket_family_033_var_01.png,rocket,synthetic,synthetic_rocket_family_033_var_01.jpg,synthetic::rocket::family_033
C:\Users\enzoo\PycharmProjects\orbitshield-CV\orbitshield-acv\dataset\synthetic\rocket\rocket_family_033_var_02.png,rocket,synthetic,synthetic_rocket_family_033_var_02.jpg,synthetic::rocket::family_033
C:\Users\enzoo\PycharmProjects\orbitshield-CV\orbitshield-acv\dataset\synthetic\rocket\rocket_family_033_var_03.png,rocket,synthetic,synthetic_rocket_family_033_var_03.jpg,synthetic::rocket::family_033
C:\Users\enzoo\PycharmProjects\orbitshield-CV\orbitshield-acv\dataset\synthetic\rocket\rocket_family_033_var_04.png,rocket,synthetic,synthetic_rocket_family_033_var_04.jpg,synthetic::rocket::family_033
C:\Users\enzoo\PycharmProjects\orbitshield-CV\orbitshield-acv\dataset\synthetic\rocket\rocket_family_033_var_05.png,rocket,synthetic,synthetic_rocket_family_033_var_05.jpg,synthetic::rocket::family_033
C:\Users\enzoo\PycharmProjects\orbitshield-CV\orbitshield-acv\dataset\synthetic\rocket\rocket_family_034_var_01.png,rocket,synthetic,synthetic_rocket_family_034_var_01.jpg,synthetic::rocket::family_034
C:\Users\enzoo\PycharmProjects\orbitshield-CV\orbitshield-acv\dataset\synthetic\rocket\rocket_family_034_var_02.png,rocket,synthetic,synthetic_rocket_family_034_var_02.jpg,synthetic::rocket::family_034
C:\Users\enzoo\PycharmProjects\orbitshield-CV\orbitshield-acv\dataset\synthetic\rocket\rocket_family_034_var_03.png,rocket,synthetic,synthetic_rocket_family_034_var_03.jpg,synthetic::rocket::family_034
C:\Users\enzoo\PycharmProjects\orbitshield-CV\orbitshield-acv\dataset\synthetic\rocket\rocket_family_034_var_04.png,rocket,synthetic,synthetic_rocket_family_034_var_04.jpg,synthetic::rocket::family_034
C:\Users\enzoo\PycharmProjects\orbitshield-CV\orbitshield-acv\dataset\synthetic\rocket\rocket_family_034_var_05.png,rocket,synthetic,synthetic_rocket_family_034_var_05.jpg,synthetic::rocket::family_034
C:\Users\enzoo\PycharmProjects\orbitshield-CV\orbitshield-acv\dataset\synthetic\rocket\rocket_family_035_var_01.png,rocket,synthetic,synthetic_rocket_family_035_var_01.jpg,synthetic::rocket::family_035
C:\Users\enzoo\PycharmProjects\orbitshield-CV\orbitshield-acv\dataset\synthetic\rocket\rocket_family_035_var_02.png,rocket,synthetic,synthetic_rocket_family_035_var_02.jpg,synthetic::rocket::family_035
C:\Users\enzoo\PycharmProjects\orbitshield-CV\orbitshield-acv\dataset\synthetic\rocket\rocket_family_035_var_03.png,rocket,synthetic,synthetic_rocket_family_035_var_03.jpg,synthetic::rocket::family_035
C:\Users\enzoo\PycharmProjects\orbitshield-CV\orbitshield-acv\dataset\synthetic\rocket\rocket_family_035_var_04.png,rocket,synthetic,synthetic_rocket_family_035_var_04.jpg,synthetic::rocket::family_035
C:\Users\enzoo\PycharmProjects\orbitshield-CV\orbitshield-acv\dataset\synthetic\rocket\rocket_family_035_var_05.png,rocket,synthetic,synthetic_rocket_family_035_var_05.jpg,synthetic::rocket::family_035
C:\Users\enzoo\PycharmProjects\orbitshield-CV\orbitshield-acv\dataset\synthetic\rocket\rocket_family_036_var_01.png,rocket,synthetic,synthetic_rocket_family_036_var_01.jpg,synthetic::rocket::family_036
C:\Users\enzoo\PycharmProjects\orbitshield-CV\orbitshield-acv\dataset\synthetic\rocket\rocket_family_036_var_02.png,rocket,synthetic,synthetic_rocket_family_036_var_02.jpg,synthetic::rocket::family_036
C:\Users\enzoo\PycharmProjects\orbitshield-CV\orbitshield-acv\dataset\synthetic\rocket\rocket_family_036_var_03.png,rocket,synthetic,synthetic_rocket_family_036_var_03.jpg,synthetic::rocket::family_036
C:\Users\enzoo\PycharmProjects\orbitshield-CV\orbitshield-acv\dataset\synthetic\rocket\rocket_family_036_var_04.png,rocket,synthetic,synthetic_rocket_family_036_var_04.jpg,synthetic::rocket::family_036
C:\Users\enzoo\PycharmProjects\orbitshield-CV\orbitshield-acv\dataset\synthetic\rocket\rocket_family_036_var_05.png,rocket,synthetic,synthetic_rocket_family_036_var_05.jpg,synthetic::rocket::family_036
C:\Users\enzoo\PycharmProjects\orbitshield-CV\orbitshield-acv\dataset\synthetic\rocket\rocket_family_037_var_01.png,rocket,synthetic,synthetic_rocket_family_037_var_01.jpg,synthetic::rocket::family_037
C:\Users\enzoo\PycharmProjects\orbitshield-CV\orbitshield-acv\dataset\synthetic\rocket\rocket_family_037_var_02.png,rocket,synthetic,synthetic_rocket_family_037_var_02.jpg,synthetic::rocket::family_037
C:\Users\enzoo\PycharmProjects\orbitshield-CV\orbitshield-acv\dataset\synthetic\rocket\rocket_family_037_var_03.png,rocket,synthetic,synthetic_rocket_family_037_var_03.jpg,synthetic::rocket::family_037
C:\Users\enzoo\PycharmProjects\orbitshield-CV\orbitshield-acv\dataset\synthetic\rocket\rocket_family_037_var_04.png,rocket,synthetic,synthetic_rocket_family_037_var_04.jpg,synthetic::rocket::family_037
C:\Users\enzoo\PycharmProjects\orbitshield-CV\orbitshield-acv\dataset\synthetic\rocket\rocket_family_037_var_05.png,rocket,synthetic,synthetic_rocket_family_037_var_05.jpg,synthetic::rocket::family_037
C:\Users\enzoo\PycharmProjects\orbitshield-CV\orbitshield-acv\dataset\synthetic\rocket\rocket_family_038_var_01.png,rocket,synthetic,synthetic_rocket_family_038_var_01.jpg,synthetic::rocket::family_038
C:\Users\enzoo\PycharmProjects\orbitshield-CV\orbitshield-acv\dataset\synthetic\rocket\rocket_family_038_var_02.png,rocket,synthetic,synthetic_rocket_family_038_var_02.jpg,synthetic::rocket::family_038
C:\Users\enzoo\PycharmProjects\orbitshield-CV\orbitshield-acv\dataset\synthetic\rocket\rocket_family_038_var_03.png,rocket,synthetic,synthetic_rocket_family_038_var_03.jpg,synthetic::rocket::family_038
C:\Users\enzoo\PycharmProjects\orbitshield-CV\orbitshield-acv\dataset\synthetic\rocket\rocket_family_038_var_04.png,rocket,synthetic,synthetic_rocket_family_038_var_04.jpg,synthetic::rocket::family_038
C:\Users\enzoo\PycharmProjects\orbitshield-CV\orbitshield-acv\dataset\synthetic\rocket\rocket_family_038_var_05.png,rocket,synthetic,synthetic_rocket_family_038_var_05.jpg,synthetic::rocket::family_038
C:\Users\enzoo\PycharmProjects\orbitshield-CV\orbitshield-acv\dataset\synthetic\rocket\rocket_family_039_var_01.png,rocket,synthetic,synthetic_rocket_family_039_var_01.jpg,synthetic::rocket::family_039
C:\Users\enzoo\PycharmProjects\orbitshield-CV\orbitshield-acv\dataset\synthetic\rocket\rocket_family_039_var_02.png,rocket,synthetic,synthetic_rocket_family_039_var_02.jpg,synthetic::rocket::family_039
C:\Users\enzoo\PycharmProjects\orbitshield-CV\orbitshield-acv\dataset\synthetic\rocket\rocket_family_039_var_03.png,rocket,synthetic,synthetic_rocket_family_039_var_03.jpg,synthetic::rocket::family_039
C:\Users\enzoo\PycharmProjects\orbitshield-CV\orbitshield-acv\dataset\synthetic\rocket\rocket_family_039_var_04.png,rocket,synthetic,synthetic_rocket_family_039_var_04.jpg,synthetic::rocket::family_039
C:\Users\enzoo\PycharmProjects\orbitshield-CV\orbitshield-acv\dataset\synthetic\rocket\rocket_family_039_var_05.png,rocket,synthetic,synthetic_rocket_family_039_var_05.jpg,synthetic::rocket::family_039
C:\Users\enzoo\PycharmProjects\orbitshield-CV\orbitshield-acv\dataset\synthetic\rocket\rocket_family_040_var_01.png,rocket,synthetic,synthetic_rocket_family_040_var_01.jpg,synthetic::rocket::family_040
C:\Users\enzoo\PycharmProjects\orbitshield-CV\orbitshield-acv\dataset\synthetic\rocket\rocket_family_040_var_02.png,rocket,synthetic,synthetic_rocket_family_040_var_02.jpg,synthetic::rocket::family_040
C:\Users\enzoo\PycharmProjects\orbitshield-CV\orbitshield-acv\dataset\synthetic\rocket\rocket_family_040_var_03.png,rocket,synthetic,synthetic_rocket_family_040_var_03.jpg,synthetic::rocket::family_040
C:\Users\enzoo\PycharmProjects\orbitshield-CV\orbitshield-acv\dataset\synthetic\rocket\rocket_family_040_var_04.png,rocket,synthetic,synthetic_rocket_family_040_var_04.jpg,synthetic::rocket::family_040
C:\Users\enzoo\PycharmProjects\orbitshield-CV\orbitshield-acv\dataset\synthetic\rocket\rocket_family_040_var_05.png,rocket,synthetic,synthetic_rocket_family_040_var_05.jpg,synthetic::rocket::family_040
C:\Users\enzoo\PycharmProjects\orbitshield-CV\orbitshield-acv\dataset\synthetic\rocket\rocket_family_041_var_01.png,rocket,synthetic,synthetic_rocket_family_041_var_01.jpg,synthetic::rocket::family_041
C:\Users\enzoo\PycharmProjects\orbitshield-CV\orbitshield-acv\dataset\synthetic\rocket\rocket_family_041_var_02.png,rocket,synthetic,synthetic_rocket_family_041_var_02.jpg,synthetic::rocket::family_041
C:\Users\enzoo\PycharmProjects\orbitshield-CV\orbitshield-acv\dataset\synthetic\rocket\rocket_family_041_var_03.png,rocket,synthetic,synthetic_rocket_family_041_var_03.jpg,synthetic::rocket::family_041
C:\Users\enzoo\PycharmProjects\orbitshield-CV\orbitshield-acv\dataset\synthetic\rocket\rocket_family_041_var_04.png,rocket,synthetic,synthetic_rocket_family_041_var_04.jpg,synthetic::rocket::family_041
C:\Users\enzoo\PycharmProjects\orbitshield-CV\orbitshield-acv\dataset\synthetic\rocket\rocket_family_041_var_05.png,rocket,synthetic,synthetic_rocket_family_041_var_05.jpg,synthetic::rocket::family_041
C:\Users\enzoo\PycharmProjects\orbitshield-CV\orbitshield-acv\dataset\synthetic\rocket\rocket_family_042_var_01.png,rocket,synthetic,synthetic_rocket_family_042_var_01.jpg,synthetic::rocket::family_042
C:\Users\enzoo\PycharmProjects\orbitshield-CV\orbitshield-acv\dataset\synthetic\rocket\rocket_family_042_var_02.png,rocket,synthetic,synthetic_rocket_family_042_var_02.jpg,synthetic::rocket::family_042
C:\Users\enzoo\PycharmProjects\orbitshield-CV\orbitshield-acv\dataset\synthetic\rocket\rocket_family_042_var_03.png,rocket,synthetic,synthetic_rocket_family_042_var_03.jpg,synthetic::rocket::family_042
C:\Users\enzoo\PycharmProjects\orbitshield-CV\orbitshield-acv\dataset\synthetic\rocket\rocket_family_042_var_04.png,rocket,synthetic,synthetic_rocket_family_042_var_04.jpg,synthetic::rocket::family_042
C:\Users\enzoo\PycharmProjects\orbitshield-CV\orbitshield-acv\dataset\synthetic\rocket\rocket_family_042_var_05.png,rocket,synthetic,synthetic_rocket_family_042_var_05.jpg,synthetic::rocket::family_042
C:\Users\enzoo\PycharmProjects\orbitshield-CV\orbitshield-acv\dataset\synthetic\rocket\rocket_family_043_var_01.png,rocket,synthetic,synthetic_rocket_family_043_var_01.jpg,synthetic::rocket::family_043
C:\Users\enzoo\PycharmProjects\orbitshield-CV\orbitshield-acv\dataset\synthetic\rocket\rocket_family_043_var_02.png,rocket,synthetic,synthetic_rocket_family_043_var_02.jpg,synthetic::rocket::family_043
C:\Users\enzoo\PycharmProjects\orbitshield-CV\orbitshield-acv\dataset\synthetic\rocket\rocket_family_043_var_03.png,rocket,synthetic,synthetic_rocket_family_043_var_03.jpg,synthetic::rocket::family_043
C:\Users\enzoo\PycharmProjects\orbitshield-CV\orbitshield-acv\dataset\synthetic\rocket\rocket_family_043_var_04.png,rocket,synthetic,synthetic_rocket_family_043_var_04.jpg,synthetic::rocket::family_043
C:\Users\enzoo\PycharmProjects\orbitshield-CV\orbitshield-acv\dataset\synthetic\rocket\rocket_family_043_var_05.png,rocket,synthetic,synthetic_rocket_family_043_var_05.jpg,synthetic::rocket::family_043
C:\Users\enzoo\PycharmProjects\orbitshield-CV\orbitshield-acv\dataset\synthetic\rocket\rocket_family_044_var_01.png,rocket,synthetic,synthetic_rocket_family_044_var_01.jpg,synthetic::rocket::family_044
C:\Users\enzoo\PycharmProjects\orbitshield-CV\orbitshield-acv\dataset\synthetic\rocket\rocket_family_044_var_02.png,rocket,synthetic,synthetic_rocket_family_044_var_02.jpg,synthetic::rocket::family_044
C:\Users\enzoo\PycharmProjects\orbitshield-CV\orbitshield-acv\dataset\synthetic\rocket\rocket_family_044_var_03.png,rocket,synthetic,synthetic_rocket_family_044_var_03.jpg,synthetic::rocket::family_044
C:\Users\enzoo\PycharmProjects\orbitshield-CV\orbitshield-acv\dataset\synthetic\rocket\rocket_family_044_var_04.png,rocket,synthetic,synthetic_rocket_family_044_var_04.jpg,synthetic::rocket::family_044
C:\Users\enzoo\PycharmProjects\orbitshield-CV\orbitshield-acv\dataset\synthetic\rocket\rocket_family_044_var_05.png,rocket,synthetic,synthetic_rocket_family_044_var_05.jpg,synthetic::rocket::family_044
C:\Users\enzoo\PycharmProjects\orbitshield-CV\orbitshield-acv\dataset\synthetic\rocket\rocket_family_045_var_01.png,rocket,synthetic,synthetic_rocket_family_045_var_01.jpg,synthetic::rocket::family_045
C:\Users\enzoo\PycharmProjects\orbitshield-CV\orbitshield-acv\dataset\synthetic\rocket\rocket_family_045_var_02.png,rocket,synthetic,synthetic_rocket_family_045_var_02.jpg,synthetic::rocket::family_045
C:\Users\enzoo\PycharmProjects\orbitshield-CV\orbitshield-acv\dataset\synthetic\rocket\rocket_family_045_var_03.png,rocket,synthetic,synthetic_rocket_family_045_var_03.jpg,synthetic::rocket::family_045
C:\Users\enzoo\PycharmProjects\orbitshield-CV\orbitshield-acv\dataset\synthetic\rocket\rocket_family_045_var_04.png,rocket,synthetic,synthetic_rocket_family_045_var_04.jpg,synthetic::rocket::family_045
C:\Users\enzoo\PycharmProjects\orbitshield-CV\orbitshield-acv\dataset\synthetic\rocket\rocket_family_045_var_05.png,rocket,synthetic,synthetic_rocket_family_045_var_05.jpg,synthetic::rocket::family_045
C:\Users\enzoo\PycharmProjects\orbitshield-CV\orbitshield-acv\dataset\synthetic\rocket\rocket_family_046_var_01.png,rocket,synthetic,synthetic_rocket_family_046_var_01.jpg,synthetic::rocket::family_046
C:\Users\enzoo\PycharmProjects\orbitshield-CV\orbitshield-acv\dataset\synthetic\rocket\rocket_family_046_var_02.png,rocket,synthetic,synthetic_rocket_family_046_var_02.jpg,synthetic::rocket::family_046
C:\Users\enzoo\PycharmProjects\orbitshield-CV\orbitshield-acv\dataset\synthetic\rocket\rocket_family_046_var_03.png,rocket,synthetic,synthetic_rocket_family_046_var_03.jpg,synthetic::rocket::family_046
C:\Users\enzoo\PycharmProjects\orbitshield-CV\orbitshield-acv\dataset\synthetic\rocket\rocket_family_046_var_04.png,rocket,synthetic,synthetic_rocket_family_046_var_04.jpg,synthetic::rocket::family_046
C:\Users\enzoo\PycharmProjects\orbitshield-CV\orbitshield-acv\dataset\synthetic\rocket\rocket_family_046_var_05.png,rocket,synthetic,synthetic_rocket_family_046_var_05.jpg,synthetic::rocket::family_046
C:\Users\enzoo\PycharmProjects\orbitshield-CV\orbitshield-acv\dataset\synthetic\rocket\rocket_family_047_var_01.png,rocket,synthetic,synthetic_rocket_family_047_var_01.jpg,synthetic::rocket::family_047
C:\Users\enzoo\PycharmProjects\orbitshield-CV\orbitshield-acv\dataset\synthetic\rocket\rocket_family_047_var_02.png,rocket,synthetic,synthetic_rocket_family_047_var_02.jpg,synthetic::rocket::family_047
C:\Users\enzoo\PycharmProjects\orbitshield-CV\orbitshield-acv\dataset\synthetic\rocket\rocket_family_047_var_03.png,rocket,synthetic,synthetic_rocket_family_047_var_03.jpg,synthetic::rocket::family_047
C:\Users\enzoo\PycharmProjects\orbitshield-CV\orbitshield-acv\dataset\synthetic\rocket\rocket_family_047_var_04.png,rocket,synthetic,synthetic_rocket_family_047_var_04.jpg,synthetic::rocket::family_047
C:\Users\enzoo\PycharmProjects\orbitshield-CV\orbitshield-acv\dataset\synthetic\rocket\rocket_family_047_var_05.png,rocket,synthetic,synthetic_rocket_family_047_var_05.jpg,synthetic::rocket::family_047
C:\Users\enzoo\PycharmProjects\orbitshield-CV\orbitshield-acv\dataset\synthetic\rocket\rocket_family_048_var_01.png,rocket,synthetic,synthetic_rocket_family_048_var_01.jpg,synthetic::rocket::family_048
C:\Users\enzoo\PycharmProjects\orbitshield-CV\orbitshield-acv\dataset\synthetic\rocket\rocket_family_048_var_02.png,rocket,synthetic,synthetic_rocket_family_048_var_02.jpg,synthetic::rocket::family_048
C:\Users\enzoo\PycharmProjects\orbitshield-CV\orbitshield-acv\dataset\synthetic\rocket\rocket_family_048_var_03.png,rocket,synthetic,synthetic_rocket_family_048_var_03.jpg,synthetic::rocket::family_048
C:\Users\enzoo\PycharmProjects\orbitshield-CV\orbitshield-acv\dataset\synthetic\rocket\rocket_family_048_var_04.png,rocket,synthetic,synthetic_rocket_family_048_var_04.jpg,synthetic::rocket::family_048
C:\Users\enzoo\PycharmProjects\orbitshield-CV\orbitshield-acv\dataset\synthetic\rocket\rocket_family_048_var_05.png,rocket,synthetic,synthetic_rocket_family_048_var_05.jpg,synthetic::rocket::family_048
C:\Users\enzoo\PycharmProjects\orbitshield-CV\orbitshield-acv\dataset\synthetic\rocket\rocket_family_049_var_01.png,rocket,synthetic,synthetic_rocket_family_049_var_01.jpg,synthetic::rocket::family_049
C:\Users\enzoo\PycharmProjects\orbitshield-CV\orbitshield-acv\dataset\synthetic\rocket\rocket_family_049_var_02.png,rocket,synthetic,synthetic_rocket_family_049_var_02.jpg,synthetic::rocket::family_049
C:\Users\enzoo\PycharmProjects\orbitshield-CV\orbitshield-acv\dataset\synthetic\rocket\rocket_family_049_var_03.png,rocket,synthetic,synthetic_rocket_family_049_var_03.jpg,synthetic::rocket::family_049
C:\Users\enzoo\PycharmProjects\orbitshield-CV\orbitshield-acv\dataset\synthetic\rocket\rocket_family_049_var_04.png,rocket,synthetic,synthetic_rocket_family_049_var_04.jpg,synthetic::rocket::family_049
C:\Users\enzoo\PycharmProjects\orbitshield-CV\orbitshield-acv\dataset\synthetic\rocket\rocket_family_049_var_05.png,rocket,synthetic,synthetic_rocket_family_049_var_05.jpg,synthetic::rocket::family_049
C:\Users\enzoo\PycharmProjects\orbitshield-CV\orbitshield-acv\dataset\synthetic\rocket\rocket_family_050_var_01.png,rocket,synthetic,synthetic_rocket_family_050_var_01.jpg,synthetic::rocket::family_050
C:\Users\enzoo\PycharmProjects\orbitshield-CV\orbitshield-acv\dataset\synthetic\rocket\rocket_family_050_var_02.png,rocket,synthetic,synthetic_rocket_family_050_var_02.jpg,synthetic::rocket::family_050
C:\Users\enzoo\PycharmProjects\orbitshield-CV\orbitshield-acv\dataset\synthetic\rocket\rocket_family_050_var_03.png,rocket,synthetic,synthetic_rocket_family_050_var_03.jpg,synthetic::rocket::family_050
C:\Users\enzoo\PycharmProjects\orbitshield-CV\orbitshield-acv\dataset\synthetic\rocket\rocket_family_050_var_04.png,rocket,synthetic,synthetic_rocket_family_050_var_04.jpg,synthetic::rocket::family_050
C:\Users\enzoo\PycharmProjects\orbitshield-CV\orbitshield-acv\dataset\synthetic\rocket\rocket_family_050_var_05.png,rocket,synthetic,synthetic_rocket_family_050_var_05.jpg,synthetic::rocket::family_050
C:\Users\enzoo\PycharmProjects\orbitshield-CV\orbitshield-acv\dataset\synthetic\rocket\rocket_family_051_var_01.png,rocket,synthetic,synthetic_rocket_family_051_var_01.jpg,synthetic::rocket::family_051
C:\Users\enzoo\PycharmProjects\orbitshield-CV\orbitshield-acv\dataset\synthetic\rocket\rocket_family_051_var_02.png,rocket,synthetic,synthetic_rocket_family_051_var_02.jpg,synthetic::rocket::family_051
C:\Users\enzoo\PycharmProjects\orbitshield-CV\orbitshield-acv\dataset\synthetic\rocket\rocket_family_051_var_03.png,rocket,synthetic,synthetic_rocket_family_051_var_03.jpg,synthetic::rocket::family_051
C:\Users\enzoo\PycharmProjects\orbitshield-CV\orbitshield-acv\dataset\synthetic\rocket\rocket_family_051_var_04.png,rocket,synthetic,synthetic_rocket_family_051_var_04.jpg,synthetic::rocket::family_051
C:\Users\enzoo\PycharmProjects\orbitshield-CV\orbitshield-acv\dataset\synthetic\rocket\rocket_family_051_var_05.png,rocket,synthetic,synthetic_rocket_family_051_var_05.jpg,synthetic::rocket::family_051
C:\Users\enzoo\PycharmProjects\orbitshield-CV\orbitshield-acv\dataset\synthetic\rocket\rocket_family_052_var_01.png,rocket,synthetic,synthetic_rocket_family_052_var_01.jpg,synthetic::rocket::family_052
C:\Users\enzoo\PycharmProjects\orbitshield-CV\orbitshield-acv\dataset\synthetic\rocket\rocket_family_052_var_02.png,rocket,synthetic,synthetic_rocket_family_052_var_02.jpg,synthetic::rocket::family_052
C:\Users\enzoo\PycharmProjects\orbitshield-CV\orbitshield-acv\dataset\synthetic\rocket\rocket_family_052_var_03.png,rocket,synthetic,synthetic_rocket_family_052_var_03.jpg,synthetic::rocket::family_052
C:\Users\enzoo\PycharmProjects\orbitshield-CV\orbitshield-acv\dataset\synthetic\rocket\rocket_family_052_var_04.png,rocket,synthetic,synthetic_rocket_family_052_var_04.jpg,synthetic::rocket::family_052
C:\Users\enzoo\PycharmProjects\orbitshield-CV\orbitshield-acv\dataset\synthetic\rocket\rocket_family_052_var_05.png,rocket,synthetic,synthetic_rocket_family_052_var_05.jpg,synthetic::rocket::family_052
C:\Users\enzoo\PycharmProjects\orbitshield-CV\orbitshield-acv\dataset\synthetic\rocket\rocket_family_053_var_01.png,rocket,synthetic,synthetic_rocket_family_053_var_01.jpg,synthetic::rocket::family_053
C:\Users\enzoo\PycharmProjects\orbitshield-CV\orbitshield-acv\dataset\synthetic\rocket\rocket_family_053_var_02.png,rocket,synthetic,synthetic_rocket_family_053_var_02.jpg,synthetic::rocket::family_053
C:\Users\enzoo\PycharmProjects\orbitshield-CV\orbitshield-acv\dataset\synthetic\rocket\rocket_family_053_var_03.png,rocket,synthetic,synthetic_rocket_family_053_var_03.jpg,synthetic::rocket::family_053
C:\Users\enzoo\PycharmProjects\orbitshield-CV\orbitshield-acv\dataset\synthetic\rocket\rocket_family_053_var_04.png,rocket,synthetic,synthetic_rocket_family_053_var_04.jpg,synthetic::rocket::family_053
C:\Users\enzoo\PycharmProjects\orbitshield-CV\orbitshield-acv\dataset\synthetic\rocket\rocket_family_053_var_05.png,rocket,synthetic,synthetic_rocket_family_053_var_05.jpg,synthetic::rocket::family_053
C:\Users\enzoo\PycharmProjects\orbitshield-CV\orbitshield-acv\dataset\synthetic\rocket\rocket_family_054_var_01.png,rocket,synthetic,synthetic_rocket_family_054_var_01.jpg,synthetic::rocket::family_054
C:\Users\enzoo\PycharmProjects\orbitshield-CV\orbitshield-acv\dataset\synthetic\rocket\rocket_family_054_var_02.png,rocket,synthetic,synthetic_rocket_family_054_var_02.jpg,synthetic::rocket::family_054
C:\Users\enzoo\PycharmProjects\orbitshield-CV\orbitshield-acv\dataset\synthetic\rocket\rocket_family_054_var_03.png,rocket,synthetic,synthetic_rocket_family_054_var_03.jpg,synthetic::rocket::family_054
C:\Users\enzoo\PycharmProjects\orbitshield-CV\orbitshield-acv\dataset\synthetic\rocket\rocket_family_054_var_04.png,rocket,synthetic,synthetic_rocket_family_054_var_04.jpg,synthetic::rocket::family_054
C:\Users\enzoo\PycharmProjects\orbitshield-CV\orbitshield-acv\dataset\synthetic\rocket\rocket_family_054_var_05.png,rocket,synthetic,synthetic_rocket_family_054_var_05.jpg,synthetic::rocket::family_054
C:\Users\enzoo\PycharmProjects\orbitshield-CV\orbitshield-acv\dataset\synthetic\rocket\rocket_family_055_var_01.png,rocket,synthetic,synthetic_rocket_family_055_var_01.jpg,synthetic::rocket::family_055
C:\Users\enzoo\PycharmProjects\orbitshield-CV\orbitshield-acv\dataset\synthetic\rocket\rocket_family_055_var_02.png,rocket,synthetic,synthetic_rocket_family_055_var_02.jpg,synthetic::rocket::family_055
C:\Users\enzoo\PycharmProjects\orbitshield-CV\orbitshield-acv\dataset\synthetic\rocket\rocket_family_055_var_03.png,rocket,synthetic,synthetic_rocket_family_055_var_03.jpg,synthetic::rocket::family_055
C:\Users\enzoo\PycharmProjects\orbitshield-CV\orbitshield-acv\dataset\synthetic\rocket\rocket_family_055_var_04.png,rocket,synthetic,synthetic_rocket_family_055_var_04.jpg,synthetic::rocket::family_055
C:\Users\enzoo\PycharmProjects\orbitshield-CV\orbitshield-acv\dataset\synthetic\rocket\rocket_family_055_var_05.png,rocket,synthetic,synthetic_rocket_family_055_var_05.jpg,synthetic::rocket::family_055
C:\Users\enzoo\PycharmProjects\orbitshield-CV\orbitshield-acv\dataset\synthetic\rocket\rocket_family_056_var_01.png,rocket,synthetic,synthetic_rocket_family_056_var_01.jpg,synthetic::rocket::family_056
C:\Users\enzoo\PycharmProjects\orbitshield-CV\orbitshield-acv\dataset\synthetic\rocket\rocket_family_056_var_02.png,rocket,synthetic,synthetic_rocket_family_056_var_02.jpg,synthetic::rocket::family_056
C:\Users\enzoo\PycharmProjects\orbitshield-CV\orbitshield-acv\dataset\synthetic\rocket\rocket_family_056_var_03.png,rocket,synthetic,synthetic_rocket_family_056_var_03.jpg,synthetic::rocket::family_056
C:\Users\enzoo\PycharmProjects\orbitshield-CV\orbitshield-acv\dataset\synthetic\rocket\rocket_family_056_var_04.png,rocket,synthetic,synthetic_rocket_family_056_var_04.jpg,synthetic::rocket::family_056
C:\Users\enzoo\PycharmProjects\orbitshield-CV\orbitshield-acv\dataset\synthetic\rocket\rocket_family_056_var_05.png,rocket,synthetic,synthetic_rocket_family_056_var_05.jpg,synthetic::rocket::family_056
C:\Users\enzoo\PycharmProjects\orbitshield-CV\orbitshield-acv\dataset\synthetic\rocket\rocket_family_057_var_01.png,rocket,synthetic,synthetic_rocket_family_057_var_01.jpg,synthetic::rocket::family_057
C:\Users\enzoo\PycharmProjects\orbitshield-CV\orbitshield-acv\dataset\synthetic\rocket\rocket_family_057_var_02.png,rocket,synthetic,synthetic_rocket_family_057_var_02.jpg,synthetic::rocket::family_057
C:\Users\enzoo\PycharmProjects\orbitshield-CV\orbitshield-acv\dataset\synthetic\rocket\rocket_family_057_var_03.png,rocket,synthetic,synthetic_rocket_family_057_var_03.jpg,synthetic::rocket::family_057
C:\Users\enzoo\PycharmProjects\orbitshield-CV\orbitshield-acv\dataset\synthetic\rocket\rocket_family_057_var_04.png,rocket,synthetic,synthetic_rocket_family_057_var_04.jpg,synthetic::rocket::family_057
C:\Users\enzoo\PycharmProjects\orbitshield-CV\orbitshield-acv\dataset\synthetic\rocket\rocket_family_057_var_05.png,rocket,synthetic,synthetic_rocket_family_057_var_05.jpg,synthetic::rocket::family_057
C:\Users\enzoo\PycharmProjects\orbitshield-CV\orbitshield-acv\dataset\synthetic\rocket\rocket_family_058_var_01.png,rocket,synthetic,synthetic_rocket_family_058_var_01.jpg,synthetic::rocket::family_058
C:\Users\enzoo\PycharmProjects\orbitshield-CV\orbitshield-acv\dataset\synthetic\rocket\rocket_family_058_var_02.png,rocket,synthetic,synthetic_rocket_family_058_var_02.jpg,synthetic::rocket::family_058
C:\Users\enzoo\PycharmProjects\orbitshield-CV\orbitshield-acv\dataset\synthetic\rocket\rocket_family_058_var_03.png,rocket,synthetic,synthetic_rocket_family_058_var_03.jpg,synthetic::rocket::family_058
C:\Users\enzoo\PycharmProjects\orbitshield-CV\orbitshield-acv\dataset\synthetic\rocket\rocket_family_058_var_04.png,rocket,synthetic,synthetic_rocket_family_058_var_04.jpg,synthetic::rocket::family_058
C:\Users\enzoo\PycharmProjects\orbitshield-CV\orbitshield-acv\dataset\synthetic\rocket\rocket_family_058_var_05.png,rocket,synthetic,synthetic_rocket_family_058_var_05.jpg,synthetic::rocket::family_058
C:\Users\enzoo\PycharmProjects\orbitshield-CV\orbitshield-acv\dataset\synthetic\rocket\rocket_family_059_var_01.png,rocket,synthetic,synthetic_rocket_family_059_var_01.jpg,synthetic::rocket::family_059
C:\Users\enzoo\PycharmProjects\orbitshield-CV\orbitshield-acv\dataset\synthetic\rocket\rocket_family_059_var_02.png,rocket,synthetic,synthetic_rocket_family_059_var_02.jpg,synthetic::rocket::family_059
C:\Users\enzoo\PycharmProjects\orbitshield-CV\orbitshield-acv\dataset\synthetic\rocket\rocket_family_059_var_03.png,rocket,synthetic,synthetic_rocket_family_059_var_03.jpg,synthetic::rocket::family_059
C:\Users\enzoo\PycharmProjects\orbitshield-CV\orbitshield-acv\dataset\synthetic\rocket\rocket_family_059_var_04.png,rocket,synthetic,synthetic_rocket_family_059_var_04.jpg,synthetic::rocket::family_059
C:\Users\enzoo\PycharmProjects\orbitshield-CV\orbitshield-acv\dataset\synthetic\rocket\rocket_family_059_var_05.png,rocket,synthetic,synthetic_rocket_family_059_var_05.jpg,synthetic::rocket::family_059
C:\Users\enzoo\PycharmProjects\orbitshield-CV\orbitshield-acv\dataset\synthetic\rocket\rocket_family_060_var_01.png,rocket,synthetic,synthetic_rocket_family_060_var_01.jpg,synthetic::rocket::family_060
C:\Users\enzoo\PycharmProjects\orbitshield-CV\orbitshield-acv\dataset\synthetic\rocket\rocket_family_060_var_02.png,rocket,synthetic,synthetic_rocket_family_060_var_02.jpg,synthetic::rocket::family_060
C:\Users\enzoo\PycharmProjects\orbitshield-CV\orbitshield-acv\dataset\synthetic\rocket\rocket_family_060_var_03.png,rocket,synthetic,synthetic_rocket_family_060_var_03.jpg,synthetic::rocket::family_060
C:\Users\enzoo\PycharmProjects\orbitshield-CV\orbitshield-acv\dataset\synthetic\rocket\rocket_family_060_var_04.png,rocket,synthetic,synthetic_rocket_family_060_var_04.jpg,synthetic::rocket::family_060
C:\Users\enzoo\PycharmProjects\orbitshield-CV\orbitshield-acv\dataset\synthetic\rocket\rocket_family_060_var_05.png,rocket,synthetic,synthetic_rocket_family_060_var_05.jpg,synthetic::rocket::family_060
C:\Users\enzoo\PycharmProjects\orbitshield-CV\orbitshield-acv\dataset\synthetic\rocket\rocket_family_061_var_01.png,rocket,synthetic,synthetic_rocket_family_061_var_01.jpg,synthetic::rocket::family_061
C:\Users\enzoo\PycharmProjects\orbitshield-CV\orbitshield-acv\dataset\synthetic\rocket\rocket_family_061_var_02.png,rocket,synthetic,synthetic_rocket_family_061_var_02.jpg,synthetic::rocket::family_061
C:\Users\enzoo\PycharmProjects\orbitshield-CV\orbitshield-acv\dataset\synthetic\rocket\rocket_family_061_var_03.png,rocket,synthetic,synthetic_rocket_family_061_var_03.jpg,synthetic::rocket::family_061
C:\Users\enzoo\PycharmProjects\orbitshield-CV\orbitshield-acv\dataset\synthetic\rocket\rocket_family_061_var_04.png,rocket,synthetic,synthetic_rocket_family_061_var_04.jpg,synthetic::rocket::family_061
C:\Users\enzoo\PycharmProjects\orbitshield-CV\orbitshield-acv\dataset\synthetic\rocket\rocket_family_061_var_05.png,rocket,synthetic,synthetic_rocket_family_061_var_05.jpg,synthetic::rocket::family_061
C:\Users\enzoo\PycharmProjects\orbitshield-CV\orbitshield-acv\dataset\synthetic\rocket\rocket_family_062_var_01.png,rocket,synthetic,synthetic_rocket_family_062_var_01.jpg,synthetic::rocket::family_062
C:\Users\enzoo\PycharmProjects\orbitshield-CV\orbitshield-acv\dataset\synthetic\rocket\rocket_family_062_var_02.png,rocket,synthetic,synthetic_rocket_family_062_var_02.jpg,synthetic::rocket::family_062
C:\Users\enzoo\PycharmProjects\orbitshield-CV\orbitshield-acv\dataset\synthetic\rocket\rocket_family_062_var_03.png,rocket,synthetic,synthetic_rocket_family_062_var_03.jpg,synthetic::rocket::family_062
C:\Users\enzoo\PycharmProjects\orbitshield-CV\orbitshield-acv\dataset\synthetic\rocket\rocket_family_062_var_04.png,rocket,synthetic,synthetic_rocket_family_062_var_04.jpg,synthetic::rocket::family_062
C:\Users\enzoo\PycharmProjects\orbitshield-CV\orbitshield-acv\dataset\synthetic\rocket\rocket_family_062_var_05.png,rocket,synthetic,synthetic_rocket_family_062_var_05.jpg,synthetic::rocket::family_062
C:\Users\enzoo\PycharmProjects\orbitshield-CV\orbitshield-acv\dataset\synthetic\rocket\rocket_family_063_var_01.png,rocket,synthetic,synthetic_rocket_family_063_var_01.jpg,synthetic::rocket::family_063
C:\Users\enzoo\PycharmProjects\orbitshield-CV\orbitshield-acv\dataset\synthetic\rocket\rocket_family_063_var_02.png,rocket,synthetic,synthetic_rocket_family_063_var_02.jpg,synthetic::rocket::family_063
C:\Users\enzoo\PycharmProjects\orbitshield-CV\orbitshield-acv\dataset\synthetic\rocket\rocket_family_063_var_03.png,rocket,synthetic,synthetic_rocket_family_063_var_03.jpg,synthetic::rocket::family_063
C:\Users\enzoo\PycharmProjects\orbitshield-CV\orbitshield-acv\dataset\synthetic\rocket\rocket_family_063_var_04.png,rocket,synthetic,synthetic_rocket_family_063_var_04.jpg,synthetic::rocket::family_063
C:\Users\enzoo\PycharmProjects\orbitshield-CV\orbitshield-acv\dataset\synthetic\rocket\rocket_family_063_var_05.png,rocket,synthetic,synthetic_rocket_family_063_var_05.jpg,synthetic::rocket::family_063
C:\Users\enzoo\PycharmProjects\orbitshield-CV\orbitshield-acv\dataset\synthetic\rocket\rocket_family_064_var_01.png,rocket,synthetic,synthetic_rocket_family_064_var_01.jpg,synthetic::rocket::family_064
C:\Users\enzoo\PycharmProjects\orbitshield-CV\orbitshield-acv\dataset\synthetic\rocket\rocket_family_064_var_02.png,rocket,synthetic,synthetic_rocket_family_064_var_02.jpg,synthetic::rocket::family_064
C:\Users\enzoo\PycharmProjects\orbitshield-CV\orbitshield-acv\dataset\synthetic\rocket\rocket_family_064_var_03.png,rocket,synthetic,synthetic_rocket_family_064_var_03.jpg,synthetic::rocket::family_064
C:\Users\enzoo\PycharmProjects\orbitshield-CV\orbitshield-acv\dataset\synthetic\rocket\rocket_family_064_var_04.png,rocket,synthetic,synthetic_rocket_family_064_var_04.jpg,synthetic::rocket::family_064
C:\Users\enzoo\PycharmProjects\orbitshield-CV\orbitshield-acv\dataset\synthetic\rocket\rocket_family_064_var_05.png,rocket,synthetic,synthetic_rocket_family_064_var_05.jpg,synthetic::rocket::family_064
C:\Users\enzoo\PycharmProjects\orbitshield-CV\orbitshield-acv\dataset\synthetic\rocket\rocket_family_065_var_01.png,rocket,synthetic,synthetic_rocket_family_065_var_01.jpg,synthetic::rocket::family_065
C:\Users\enzoo\PycharmProjects\orbitshield-CV\orbitshield-acv\dataset\synthetic\rocket\rocket_family_065_var_02.png,rocket,synthetic,synthetic_rocket_family_065_var_02.jpg,synthetic::rocket::family_065
C:\Users\enzoo\PycharmProjects\orbitshield-CV\orbitshield-acv\dataset\synthetic\rocket\rocket_family_065_var_03.png,rocket,synthetic,synthetic_rocket_family_065_var_03.jpg,synthetic::rocket::family_065
C:\Users\enzoo\PycharmProjects\orbitshield-CV\orbitshield-acv\dataset\synthetic\rocket\rocket_family_065_var_04.png,rocket,synthetic,synthetic_rocket_family_065_var_04.jpg,synthetic::rocket::family_065
C:\Users\enzoo\PycharmProjects\orbitshield-CV\orbitshield-acv\dataset\synthetic\rocket\rocket_family_065_var_05.png,rocket,synthetic,synthetic_rocket_family_065_var_05.jpg,synthetic::rocket::family_065
C:\Users\enzoo\PycharmProjects\orbitshield-CV\orbitshield-acv\dataset\synthetic\rocket\rocket_family_066_var_01.png,rocket,synthetic,synthetic_rocket_family_066_var_01.jpg,synthetic::rocket::family_066
C:\Users\enzoo\PycharmProjects\orbitshield-CV\orbitshield-acv\dataset\synthetic\rocket\rocket_family_066_var_02.png,rocket,synthetic,synthetic_rocket_family_066_var_02.jpg,synthetic::rocket::family_066
C:\Users\enzoo\PycharmProjects\orbitshield-CV\orbitshield-acv\dataset\synthetic\rocket\rocket_family_066_var_03.png,rocket,synthetic,synthetic_rocket_family_066_var_03.jpg,synthetic::rocket::family_066
C:\Users\enzoo\PycharmProjects\orbitshield-CV\orbitshield-acv\dataset\synthetic\rocket\rocket_family_066_var_04.png,rocket,synthetic,synthetic_rocket_family_066_var_04.jpg,synthetic::rocket::family_066
C:\Users\enzoo\PycharmProjects\orbitshield-CV\orbitshield-acv\dataset\synthetic\rocket\rocket_family_066_var_05.png,rocket,synthetic,synthetic_rocket_family_066_var_05.jpg,synthetic::rocket::family_066
C:\Users\enzoo\PycharmProjects\orbitshield-CV\orbitshield-acv\dataset\synthetic\rocket\rocket_family_067_var_01.png,rocket,synthetic,synthetic_rocket_family_067_var_01.jpg,synthetic::rocket::family_067
C:\Users\enzoo\PycharmProjects\orbitshield-CV\orbitshield-acv\dataset\synthetic\rocket\rocket_family_067_var_02.png,rocket,synthetic,synthetic_rocket_family_067_var_02.jpg,synthetic::rocket::family_067
C:\Users\enzoo\PycharmProjects\orbitshield-CV\orbitshield-acv\dataset\synthetic\rocket\rocket_family_067_var_03.png,rocket,synthetic,synthetic_rocket_family_067_var_03.jpg,synthetic::rocket::family_067
C:\Users\enzoo\PycharmProjects\orbitshield-CV\orbitshield-acv\dataset\synthetic\rocket\rocket_family_067_var_04.png,rocket,synthetic,synthetic_rocket_family_067_var_04.jpg,synthetic::rocket::family_067
C:\Users\enzoo\PycharmProjects\orbitshield-CV\orbitshield-acv\dataset\synthetic\rocket\rocket_family_067_var_05.png,rocket,synthetic,synthetic_rocket_family_067_var_05.jpg,synthetic::rocket::family_067
C:\Users\enzoo\PycharmProjects\orbitshield-CV\orbitshield-acv\dataset\synthetic\rocket\rocket_family_068_var_01.png,rocket,synthetic,synthetic_rocket_family_068_var_01.jpg,synthetic::rocket::family_068
C:\Users\enzoo\PycharmProjects\orbitshield-CV\orbitshield-acv\dataset\synthetic\rocket\rocket_family_068_var_02.png,rocket,synthetic,synthetic_rocket_family_068_var_02.jpg,synthetic::rocket::family_068
C:\Users\enzoo\PycharmProjects\orbitshield-CV\orbitshield-acv\dataset\synthetic\rocket\rocket_family_068_var_03.png,rocket,synthetic,synthetic_rocket_family_068_var_03.jpg,synthetic::rocket::family_068
C:\Users\enzoo\PycharmProjects\orbitshield-CV\orbitshield-acv\dataset\synthetic\rocket\rocket_family_068_var_04.png,rocket,synthetic,synthetic_rocket_family_068_var_04.jpg,synthetic::rocket::family_068
C:\Users\enzoo\PycharmProjects\orbitshield-CV\orbitshield-acv\dataset\synthetic\rocket\rocket_family_068_var_05.png,rocket,synthetic,synthetic_rocket_family_068_var_05.jpg,synthetic::rocket::family_068
C:\Users\enzoo\PycharmProjects\orbitshield-CV\orbitshield-acv\dataset\synthetic\rocket\rocket_family_069_var_01.png,rocket,synthetic,synthetic_rocket_family_069_var_01.jpg,synthetic::rocket::family_069
C:\Users\enzoo\PycharmProjects\orbitshield-CV\orbitshield-acv\dataset\synthetic\rocket\rocket_family_069_var_02.png,rocket,synthetic,synthetic_rocket_family_069_var_02.jpg,synthetic::rocket::family_069
C:\Users\enzoo\PycharmProjects\orbitshield-CV\orbitshield-acv\dataset\synthetic\rocket\rocket_family_069_var_03.png,rocket,synthetic,synthetic_rocket_family_069_var_03.jpg,synthetic::rocket::family_069
C:\Users\enzoo\PycharmProjects\orbitshield-CV\orbitshield-acv\dataset\synthetic\rocket\rocket_family_069_var_04.png,rocket,synthetic,synthetic_rocket_family_069_var_04.jpg,synthetic::rocket::family_069
C:\Users\enzoo\PycharmProjects\orbitshield-CV\orbitshield-acv\dataset\synthetic\rocket\rocket_family_069_var_05.png,rocket,synthetic,synthetic_rocket_family_069_var_05.jpg,synthetic::rocket::family_069
C:\Users\enzoo\PycharmProjects\orbitshield-CV\orbitshield-acv\dataset\synthetic\rocket\rocket_family_070_var_01.png,rocket,synthetic,synthetic_rocket_family_070_var_01.jpg,synthetic::rocket::family_070
C:\Users\enzoo\PycharmProjects\orbitshield-CV\orbitshield-acv\dataset\synthetic\rocket\rocket_family_070_var_02.png,rocket,synthetic,synthetic_rocket_family_070_var_02.jpg,synthetic::rocket::family_070
C:\Users\enzoo\PycharmProjects\orbitshield-CV\orbitshield-acv\dataset\synthetic\rocket\rocket_family_070_var_03.png,rocket,synthetic,synthetic_rocket_family_070_var_03.jpg,synthetic::rocket::family_070
C:\Users\enzoo\PycharmProjects\orbitshield-CV\orbitshield-acv\dataset\synthetic\rocket\rocket_family_070_var_04.png,rocket,synthetic,synthetic_rocket_family_070_var_04.jpg,synthetic::rocket::family_070
C:\Users\enzoo\PycharmProjects\orbitshield-CV\orbitshield-acv\dataset\synthetic\rocket\rocket_family_070_var_05.png,rocket,synthetic,synthetic_rocket_family_070_var_05.jpg,synthetic::rocket::family_070
C:\Users\enzoo\PycharmProjects\orbitshield-CV\orbitshield-acv\dataset\synthetic\rocket\rocket_family_071_var_01.png,rocket,synthetic,synthetic_rocket_family_071_var_01.jpg,synthetic::rocket::family_071
C:\Users\enzoo\PycharmProjects\orbitshield-CV\orbitshield-acv\dataset\synthetic\rocket\rocket_family_071_var_02.png,rocket,synthetic,synthetic_rocket_family_071_var_02.jpg,synthetic::rocket::family_071
C:\Users\enzoo\PycharmProjects\orbitshield-CV\orbitshield-acv\dataset\synthetic\rocket\rocket_family_071_var_03.png,rocket,synthetic,synthetic_rocket_family_071_var_03.jpg,synthetic::rocket::family_071
C:\Users\enzoo\PycharmProjects\orbitshield-CV\orbitshield-acv\dataset\synthetic\rocket\rocket_family_071_var_04.png,rocket,synthetic,synthetic_rocket_family_071_var_04.jpg,synthetic::rocket::family_071
C:\Users\enzoo\PycharmProjects\orbitshield-CV\orbitshield-acv\dataset\synthetic\rocket\rocket_family_071_var_05.png,rocket,synthetic,synthetic_rocket_family_071_var_05.jpg,synthetic::rocket::family_071
C:\Users\enzoo\PycharmProjects\orbitshield-CV\orbitshield-acv\dataset\synthetic\rocket\rocket_family_072_var_01.png,rocket,synthetic,synthetic_rocket_family_072_var_01.jpg,synthetic::rocket::family_072
C:\Users\enzoo\PycharmProjects\orbitshield-CV\orbitshield-acv\dataset\synthetic\rocket\rocket_family_072_var_02.png,rocket,synthetic,synthetic_rocket_family_072_var_02.jpg,synthetic::rocket::family_072
C:\Users\enzoo\PycharmProjects\orbitshield-CV\orbitshield-acv\dataset\synthetic\rocket\rocket_family_072_var_03.png,rocket,synthetic,synthetic_rocket_family_072_var_03.jpg,synthetic::rocket::family_072
C:\Users\enzoo\PycharmProjects\orbitshield-CV\orbitshield-acv\dataset\synthetic\rocket\rocket_family_072_var_04.png,rocket,synthetic,synthetic_rocket_family_072_var_04.jpg,synthetic::rocket::family_072
C:\Users\enzoo\PycharmProjects\orbitshield-CV\orbitshield-acv\dataset\synthetic\rocket\rocket_family_072_var_05.png,rocket,synthetic,synthetic_rocket_family_072_var_05.jpg,synthetic::rocket::family_072
C:\Users\enzoo\PycharmProjects\orbitshield-CV\orbitshield-acv\dataset\synthetic\rocket\rocket_family_073_var_01.png,rocket,synthetic,synthetic_rocket_family_073_var_01.jpg,synthetic::rocket::family_073
C:\Users\enzoo\PycharmProjects\orbitshield-CV\orbitshield-acv\dataset\synthetic\rocket\rocket_family_073_var_02.png,rocket,synthetic,synthetic_rocket_family_073_var_02.jpg,synthetic::rocket::family_073
C:\Users\enzoo\PycharmProjects\orbitshield-CV\orbitshield-acv\dataset\synthetic\rocket\rocket_family_073_var_03.png,rocket,synthetic,synthetic_rocket_family_073_var_03.jpg,synthetic::rocket::family_073
C:\Users\enzoo\PycharmProjects\orbitshield-CV\orbitshield-acv\dataset\synthetic\rocket\rocket_family_073_var_04.png,rocket,synthetic,synthetic_rocket_family_073_var_04.jpg,synthetic::rocket::family_073
C:\Users\enzoo\PycharmProjects\orbitshield-CV\orbitshield-acv\dataset\synthetic\rocket\rocket_family_073_var_05.png,rocket,synthetic,synthetic_rocket_family_073_var_05.jpg,synthetic::rocket::family_073
C:\Users\enzoo\PycharmProjects\orbitshield-CV\orbitshield-acv\dataset\synthetic\rocket\rocket_family_074_var_01.png,rocket,synthetic,synthetic_rocket_family_074_var_01.jpg,synthetic::rocket::family_074
C:\Users\enzoo\PycharmProjects\orbitshield-CV\orbitshield-acv\dataset\synthetic\rocket\rocket_family_074_var_02.png,rocket,synthetic,synthetic_rocket_family_074_var_02.jpg,synthetic::rocket::family_074
C:\Users\enzoo\PycharmProjects\orbitshield-CV\orbitshield-acv\dataset\synthetic\rocket\rocket_family_074_var_03.png,rocket,synthetic,synthetic_rocket_family_074_var_03.jpg,synthetic::rocket::family_074
C:\Users\enzoo\PycharmProjects\orbitshield-CV\orbitshield-acv\dataset\synthetic\rocket\rocket_family_074_var_04.png,rocket,synthetic,synthetic_rocket_family_074_var_04.jpg,synthetic::rocket::family_074
C:\Users\enzoo\PycharmProjects\orbitshield-CV\orbitshield-acv\dataset\synthetic\rocket\rocket_family_074_var_05.png,rocket,synthetic,synthetic_rocket_family_074_var_05.jpg,synthetic::rocket::family_074
C:\Users\enzoo\PycharmProjects\orbitshield-CV\orbitshield-acv\dataset\synthetic\rocket\rocket_family_075_var_01.png,rocket,synthetic,synthetic_rocket_family_075_var_01.jpg,synthetic::rocket::family_075
C:\Users\enzoo\PycharmProjects\orbitshield-CV\orbitshield-acv\dataset\synthetic\rocket\rocket_family_075_var_02.png,rocket,synthetic,synthetic_rocket_family_075_var_02.jpg,synthetic::rocket::family_075
C:\Users\enzoo\PycharmProjects\orbitshield-CV\orbitshield-acv\dataset\synthetic\rocket\rocket_family_075_var_03.png,rocket,synthetic,synthetic_rocket_family_075_var_03.jpg,synthetic::rocket::family_075
C:\Users\enzoo\PycharmProjects\orbitshield-CV\orbitshield-acv\dataset\synthetic\rocket\rocket_family_075_var_04.png,rocket,synthetic,synthetic_rocket_family_075_var_04.jpg,synthetic::rocket::family_075
C:\Users\enzoo\PycharmProjects\orbitshield-CV\orbitshield-acv\dataset\synthetic\rocket\rocket_family_075_var_05.png,rocket,synthetic,synthetic_rocket_family_075_var_05.jpg,synthetic::rocket::family_075
C:\Users\enzoo\PycharmProjects\orbitshield-CV\orbitshield-acv\dataset\synthetic\rocket\rocket_family_076_var_01.png,rocket,synthetic,synthetic_rocket_family_076_var_01.jpg,synthetic::rocket::family_076
C:\Users\enzoo\PycharmProjects\orbitshield-CV\orbitshield-acv\dataset\synthetic\rocket\rocket_family_076_var_02.png,rocket,synthetic,synthetic_rocket_family_076_var_02.jpg,synthetic::rocket::family_076
C:\Users\enzoo\PycharmProjects\orbitshield-CV\orbitshield-acv\dataset\synthetic\rocket\rocket_family_076_var_03.png,rocket,synthetic,synthetic_rocket_family_076_var_03.jpg,synthetic::rocket::family_076
C:\Users\enzoo\PycharmProjects\orbitshield-CV\orbitshield-acv\dataset\synthetic\rocket\rocket_family_076_var_04.png,rocket,synthetic,synthetic_rocket_family_076_var_04.jpg,synthetic::rocket::family_076
C:\Users\enzoo\PycharmProjects\orbitshield-CV\orbitshield-acv\dataset\synthetic\rocket\rocket_family_076_var_05.png,rocket,synthetic,synthetic_rocket_family_076_var_05.jpg,synthetic::rocket::family_076
C:\Users\enzoo\PycharmProjects\orbitshield-CV\orbitshield-acv\dataset\synthetic\rocket\rocket_family_077_var_01.png,rocket,synthetic,synthetic_rocket_family_077_var_01.jpg,synthetic::rocket::family_077
C:\Users\enzoo\PycharmProjects\orbitshield-CV\orbitshield-acv\dataset\synthetic\rocket\rocket_family_077_var_02.png,rocket,synthetic,synthetic_rocket_family_077_var_02.jpg,synthetic::rocket::family_077
C:\Users\enzoo\PycharmProjects\orbitshield-CV\orbitshield-acv\dataset\synthetic\rocket\rocket_family_077_var_03.png,rocket,synthetic,synthetic_rocket_family_077_var_03.jpg,synthetic::rocket::family_077
C:\Users\enzoo\PycharmProjects\orbitshield-CV\orbitshield-acv\dataset\synthetic\rocket\rocket_family_077_var_04.png,rocket,synthetic,synthetic_rocket_family_077_var_04.jpg,synthetic::rocket::family_077
C:\Users\enzoo\PycharmProjects\orbitshield-CV\orbitshield-acv\dataset\synthetic\rocket\rocket_family_077_var_05.png,rocket,synthetic,synthetic_rocket_family_077_var_05.jpg,synthetic::rocket::family_077
C:\Users\enzoo\PycharmProjects\orbitshield-CV\orbitshield-acv\dataset\synthetic\rocket\rocket_family_078_var_01.png,rocket,synthetic,synthetic_rocket_family_078_var_01.jpg,synthetic::rocket::family_078
C:\Users\enzoo\PycharmProjects\orbitshield-CV\orbitshield-acv\dataset\synthetic\rocket\rocket_family_078_var_02.png,rocket,synthetic,synthetic_rocket_family_078_var_02.jpg,synthetic::rocket::family_078
C:\Users\enzoo\PycharmProjects\orbitshield-CV\orbitshield-acv\dataset\synthetic\rocket\rocket_family_078_var_03.png,rocket,synthetic,synthetic_rocket_family_078_var_03.jpg,synthetic::rocket::family_078
C:\Users\enzoo\PycharmProjects\orbitshield-CV\orbitshield-acv\dataset\synthetic\rocket\rocket_family_078_var_04.png,rocket,synthetic,synthetic_rocket_family_078_var_04.jpg,synthetic::rocket::family_078
C:\Users\enzoo\PycharmProjects\orbitshield-CV\orbitshield-acv\dataset\synthetic\rocket\rocket_family_078_var_05.png,rocket,synthetic,synthetic_rocket_family_078_var_05.jpg,synthetic::rocket::family_078
C:\Users\enzoo\PycharmProjects\orbitshield-CV\orbitshield-acv\dataset\synthetic\rocket\rocket_family_079_var_01.png,rocket,synthetic,synthetic_rocket_family_079_var_01.jpg,synthetic::rocket::family_079
C:\Users\enzoo\PycharmProjects\orbitshield-CV\orbitshield-acv\dataset\synthetic\rocket\rocket_family_079_var_02.png,rocket,synthetic,synthetic_rocket_family_079_var_02.jpg,synthetic::rocket::family_079
C:\Users\enzoo\PycharmProjects\orbitshield-CV\orbitshield-acv\dataset\synthetic\rocket\rocket_family_079_var_03.png,rocket,synthetic,synthetic_rocket_family_079_var_03.jpg,synthetic::rocket::family_079
C:\Users\enzoo\PycharmProjects\orbitshield-CV\orbitshield-acv\dataset\synthetic\rocket\rocket_family_079_var_04.png,rocket,synthetic,synthetic_rocket_family_079_var_04.jpg,synthetic::rocket::family_079
C:\Users\enzoo\PycharmProjects\orbitshield-CV\orbitshield-acv\dataset\synthetic\rocket\rocket_family_079_var_05.png,rocket,synthetic,synthetic_rocket_family_079_var_05.jpg,synthetic::rocket::family_079
C:\Users\enzoo\PycharmProjects\orbitshield-CV\orbitshield-acv\dataset\synthetic\rocket\rocket_family_080_var_01.png,rocket,synthetic,synthetic_rocket_family_080_var_01.jpg,synthetic::rocket::family_080
C:\Users\enzoo\PycharmProjects\orbitshield-CV\orbitshield-acv\dataset\synthetic\rocket\rocket_family_080_var_02.png,rocket,synthetic,synthetic_rocket_family_080_var_02.jpg,synthetic::rocket::family_080
C:\Users\enzoo\PycharmProjects\orbitshield-CV\orbitshield-acv\dataset\synthetic\rocket\rocket_family_080_var_03.png,rocket,synthetic,synthetic_rocket_family_080_var_03.jpg,synthetic::rocket::family_080
C:\Users\enzoo\PycharmProjects\orbitshield-CV\orbitshield-acv\dataset\synthetic\rocket\rocket_family_080_var_04.png,rocket,synthetic,synthetic_rocket_family_080_var_04.jpg,synthetic::rocket::family_080
C:\Users\enzoo\PycharmProjects\orbitshield-CV\orbitshield-acv\dataset\synthetic\rocket\rocket_family_080_var_05.png,rocket,synthetic,synthetic_rocket_family_080_var_05.jpg,synthetic::rocket::family_080
C:\Users\enzoo\PycharmProjects\orbitshield-CV\orbitshield-acv\dataset\synthetic\rocket\rocket_family_081_var_01.png,rocket,synthetic,synthetic_rocket_family_081_var_01.jpg,synthetic::rocket::family_081
C:\Users\enzoo\PycharmProjects\orbitshield-CV\orbitshield-acv\dataset\synthetic\rocket\rocket_family_081_var_02.png,rocket,synthetic,synthetic_rocket_family_081_var_02.jpg,synthetic::rocket::family_081
C:\Users\enzoo\PycharmProjects\orbitshield-CV\orbitshield-acv\dataset\synthetic\rocket\rocket_family_081_var_03.png,rocket,synthetic,synthetic_rocket_family_081_var_03.jpg,synthetic::rocket::family_081
C:\Users\enzoo\PycharmProjects\orbitshield-CV\orbitshield-acv\dataset\synthetic\rocket\rocket_family_081_var_04.png,rocket,synthetic,synthetic_rocket_family_081_var_04.jpg,synthetic::rocket::family_081
C:\Users\enzoo\PycharmProjects\orbitshield-CV\orbitshield-acv\dataset\synthetic\rocket\rocket_family_081_var_05.png,rocket,synthetic,synthetic_rocket_family_081_var_05.jpg,synthetic::rocket::family_081
C:\Users\enzoo\PycharmProjects\orbitshield-CV\orbitshield-acv\dataset\synthetic\rocket\rocket_family_082_var_01.png,rocket,synthetic,synthetic_rocket_family_082_var_01.jpg,synthetic::rocket::family_082
C:\Users\enzoo\PycharmProjects\orbitshield-CV\orbitshield-acv\dataset\synthetic\rocket\rocket_family_082_var_02.png,rocket,synthetic,synthetic_rocket_family_082_var_02.jpg,synthetic::rocket::family_082
C:\Users\enzoo\PycharmProjects\orbitshield-CV\orbitshield-acv\dataset\synthetic\rocket\rocket_family_082_var_03.png,rocket,synthetic,synthetic_rocket_family_082_var_03.jpg,synthetic::rocket::family_082
C:\Users\enzoo\PycharmProjects\orbitshield-CV\orbitshield-acv\dataset\synthetic\rocket\rocket_family_082_var_04.png,rocket,synthetic,synthetic_rocket_family_082_var_04.jpg,synthetic::rocket::family_082
C:\Users\enzoo\PycharmProjects\orbitshield-CV\orbitshield-acv\dataset\synthetic\rocket\rocket_family_082_var_05.png,rocket,synthetic,synthetic_rocket_family_082_var_05.jpg,synthetic::rocket::family_082
C:\Users\enzoo\PycharmProjects\orbitshield-CV\orbitshield-acv\dataset\synthetic\rocket\rocket_family_083_var_01.png,rocket,synthetic,synthetic_rocket_family_083_var_01.jpg,synthetic::rocket::family_083
C:\Users\enzoo\PycharmProjects\orbitshield-CV\orbitshield-acv\dataset\synthetic\rocket\rocket_family_083_var_02.png,rocket,synthetic,synthetic_rocket_family_083_var_02.jpg,synthetic::rocket::family_083
C:\Users\enzoo\PycharmProjects\orbitshield-CV\orbitshield-acv\dataset\synthetic\rocket\rocket_family_083_var_03.png,rocket,synthetic,synthetic_rocket_family_083_var_03.jpg,synthetic::rocket::family_083
C:\Users\enzoo\PycharmProjects\orbitshield-CV\orbitshield-acv\dataset\synthetic\rocket\rocket_family_083_var_04.png,rocket,synthetic,synthetic_rocket_family_083_var_04.jpg,synthetic::rocket::family_083
C:\Users\enzoo\PycharmProjects\orbitshield-CV\orbitshield-acv\dataset\synthetic\rocket\rocket_family_083_var_05.png,rocket,synthetic,synthetic_rocket_family_083_var_05.jpg,synthetic::rocket::family_083
C:\Users\enzoo\PycharmProjects\orbitshield-CV\orbitshield-acv\dataset\synthetic\rocket\rocket_family_084_var_01.png,rocket,synthetic,synthetic_rocket_family_084_var_01.jpg,synthetic::rocket::family_084
C:\Users\enzoo\PycharmProjects\orbitshield-CV\orbitshield-acv\dataset\synthetic\rocket\rocket_family_084_var_02.png,rocket,synthetic,synthetic_rocket_family_084_var_02.jpg,synthetic::rocket::family_084
C:\Users\enzoo\PycharmProjects\orbitshield-CV\orbitshield-acv\dataset\synthetic\rocket\rocket_family_084_var_03.png,rocket,synthetic,synthetic_rocket_family_084_var_03.jpg,synthetic::rocket::family_084
C:\Users\enzoo\PycharmProjects\orbitshield-CV\orbitshield-acv\dataset\synthetic\rocket\rocket_family_084_var_04.png,rocket,synthetic,synthetic_rocket_family_084_var_04.jpg,synthetic::rocket::family_084
C:\Users\enzoo\PycharmProjects\orbitshield-CV\orbitshield-acv\dataset\synthetic\rocket\rocket_family_084_var_05.png,rocket,synthetic,synthetic_rocket_family_084_var_05.jpg,synthetic::rocket::family_084
C:\Users\enzoo\PycharmProjects\orbitshield-CV\orbitshield-acv\dataset\synthetic\rocket\rocket_family_085_var_01.png,rocket,synthetic,synthetic_rocket_family_085_var_01.jpg,synthetic::rocket::family_085
C:\Users\enzoo\PycharmProjects\orbitshield-CV\orbitshield-acv\dataset\synthetic\rocket\rocket_family_085_var_02.png,rocket,synthetic,synthetic_rocket_family_085_var_02.jpg,synthetic::rocket::family_085
C:\Users\enzoo\PycharmProjects\orbitshield-CV\orbitshield-acv\dataset\synthetic\rocket\rocket_family_085_var_03.png,rocket,synthetic,synthetic_rocket_family_085_var_03.jpg,synthetic::rocket::family_085
C:\Users\enzoo\PycharmProjects\orbitshield-CV\orbitshield-acv\dataset\synthetic\rocket\rocket_family_085_var_04.png,rocket,synthetic,synthetic_rocket_family_085_var_04.jpg,synthetic::rocket::family_085
C:\Users\enzoo\PycharmProjects\orbitshield-CV\orbitshield-acv\dataset\synthetic\rocket\rocket_family_085_var_05.png,rocket,synthetic,synthetic_rocket_family_085_var_05.jpg,synthetic::rocket::family_085
C:\Users\enzoo\PycharmProjects\orbitshield-CV\orbitshield-acv\dataset\synthetic\rocket\rocket_family_086_var_01.png,rocket,synthetic,synthetic_rocket_family_086_var_01.jpg,synthetic::rocket::family_086
C:\Users\enzoo\PycharmProjects\orbitshield-CV\orbitshield-acv\dataset\synthetic\rocket\rocket_family_086_var_02.png,rocket,synthetic,synthetic_rocket_family_086_var_02.jpg,synthetic::rocket::family_086
C:\Users\enzoo\PycharmProjects\orbitshield-CV\orbitshield-acv\dataset\synthetic\rocket\rocket_family_086_var_03.png,rocket,synthetic,synthetic_rocket_family_086_var_03.jpg,synthetic::rocket::family_086
C:\Users\enzoo\PycharmProjects\orbitshield-CV\orbitshield-acv\dataset\synthetic\rocket\rocket_family_086_var_04.png,rocket,synthetic,synthetic_rocket_family_086_var_04.jpg,synthetic::rocket::family_086
C:\Users\enzoo\PycharmProjects\orbitshield-CV\orbitshield-acv\dataset\synthetic\rocket\rocket_family_086_var_05.png,rocket,synthetic,synthetic_rocket_family_086_var_05.jpg,synthetic::rocket::family_086
C:\Users\enzoo\PycharmProjects\orbitshield-CV\orbitshield-acv\dataset\synthetic\rocket\rocket_family_087_var_01.png,rocket,synthetic,synthetic_rocket_family_087_var_01.jpg,synthetic::rocket::family_087
C:\Users\enzoo\PycharmProjects\orbitshield-CV\orbitshield-acv\dataset\synthetic\rocket\rocket_family_087_var_02.png,rocket,synthetic,synthetic_rocket_family_087_var_02.jpg,synthetic::rocket::family_087
C:\Users\enzoo\PycharmProjects\orbitshield-CV\orbitshield-acv\dataset\synthetic\rocket\rocket_family_087_var_03.png,rocket,synthetic,synthetic_rocket_family_087_var_03.jpg,synthetic::rocket::family_087
C:\Users\enzoo\PycharmProjects\orbitshield-CV\orbitshield-acv\dataset\synthetic\rocket\rocket_family_087_var_04.png,rocket,synthetic,synthetic_rocket_family_087_var_04.jpg,synthetic::rocket::family_087
C:\Users\enzoo\PycharmProjects\orbitshield-CV\orbitshield-acv\dataset\synthetic\rocket\rocket_family_087_var_05.png,rocket,synthetic,synthetic_rocket_family_087_var_05.jpg,synthetic::rocket::family_087
C:\Users\enzoo\PycharmProjects\orbitshield-CV\orbitshield-acv\dataset\synthetic\rocket\rocket_family_088_var_01.png,rocket,synthetic,synthetic_rocket_family_088_var_01.jpg,synthetic::rocket::family_088
C:\Users\enzoo\PycharmProjects\orbitshield-CV\orbitshield-acv\dataset\synthetic\rocket\rocket_family_088_var_02.png,rocket,synthetic,synthetic_rocket_family_088_var_02.jpg,synthetic::rocket::family_088
C:\Users\enzoo\PycharmProjects\orbitshield-CV\orbitshield-acv\dataset\synthetic\rocket\rocket_family_088_var_03.png,rocket,synthetic,synthetic_rocket_family_088_var_03.jpg,synthetic::rocket::family_088
C:\Users\enzoo\PycharmProjects\orbitshield-CV\orbitshield-acv\dataset\synthetic\rocket\rocket_family_088_var_04.png,rocket,synthetic,synthetic_rocket_family_088_var_04.jpg,synthetic::rocket::family_088
C:\Users\enzoo\PycharmProjects\orbitshield-CV\orbitshield-acv\dataset\synthetic\rocket\rocket_family_088_var_05.png,rocket,synthetic,synthetic_rocket_family_088_var_05.jpg,synthetic::rocket::family_088
C:\Users\enzoo\PycharmProjects\orbitshield-CV\orbitshield-acv\dataset\synthetic\rocket\rocket_family_089_var_01.png,rocket,synthetic,synthetic_rocket_family_089_var_01.jpg,synthetic::rocket::family_089
C:\Users\enzoo\PycharmProjects\orbitshield-CV\orbitshield-acv\dataset\synthetic\rocket\rocket_family_089_var_02.png,rocket,synthetic,synthetic_rocket_family_089_var_02.jpg,synthetic::rocket::family_089
C:\Users\enzoo\PycharmProjects\orbitshield-CV\orbitshield-acv\dataset\synthetic\rocket\rocket_family_089_var_03.png,rocket,synthetic,synthetic_rocket_family_089_var_03.jpg,synthetic::rocket::family_089
C:\Users\enzoo\PycharmProjects\orbitshield-CV\orbitshield-acv\dataset\synthetic\rocket\rocket_family_089_var_04.png,rocket,synthetic,synthetic_rocket_family_089_var_04.jpg,synthetic::rocket::family_089
C:\Users\enzoo\PycharmProjects\orbitshield-CV\orbitshield-acv\dataset\synthetic\rocket\rocket_family_089_var_05.png,rocket,synthetic,synthetic_rocket_family_089_var_05.jpg,synthetic::rocket::family_089
C:\Users\enzoo\PycharmProjects\orbitshield-CV\orbitshield-acv\dataset\synthetic\rocket\rocket_family_090_var_01.png,rocket,synthetic,synthetic_rocket_family_090_var_01.jpg,synthetic::rocket::family_090
C:\Users\enzoo\PycharmProjects\orbitshield-CV\orbitshield-acv\dataset\synthetic\rocket\rocket_family_090_var_02.png,rocket,synthetic,synthetic_rocket_family_090_var_02.jpg,synthetic::rocket::family_090
C:\Users\enzoo\PycharmProjects\orbitshield-CV\orbitshield-acv\dataset\synthetic\rocket\rocket_family_090_var_03.png,rocket,synthetic,synthetic_rocket_family_090_var_03.jpg,synthetic::rocket::family_090
C:\Users\enzoo\PycharmProjects\orbitshield-CV\orbitshield-acv\dataset\synthetic\rocket\rocket_family_090_var_04.png,rocket,synthetic,synthetic_rocket_family_090_var_04.jpg,synthetic::rocket::family_090
C:\Users\enzoo\PycharmProjects\orbitshield-CV\orbitshield-acv\dataset\synthetic\rocket\rocket_family_090_var_05.png,rocket,synthetic,synthetic_rocket_family_090_var_05.jpg,synthetic::rocket::family_090
C:\Users\enzoo\PycharmProjects\orbitshield-CV\orbitshield-acv\dataset\synthetic\rocket\rocket_family_091_var_01.png,rocket,synthetic,synthetic_rocket_family_091_var_01.jpg,synthetic::rocket::family_091
C:\Users\enzoo\PycharmProjects\orbitshield-CV\orbitshield-acv\dataset\synthetic\rocket\rocket_family_091_var_02.png,rocket,synthetic,synthetic_rocket_family_091_var_02.jpg,synthetic::rocket::family_091
C:\Users\enzoo\PycharmProjects\orbitshield-CV\orbitshield-acv\dataset\synthetic\rocket\rocket_family_091_var_03.png,rocket,synthetic,synthetic_rocket_family_091_var_03.jpg,synthetic::rocket::family_091
C:\Users\enzoo\PycharmProjects\orbitshield-CV\orbitshield-acv\dataset\synthetic\rocket\rocket_family_091_var_04.png,rocket,synthetic,synthetic_rocket_family_091_var_04.jpg,synthetic::rocket::family_091
C:\Users\enzoo\PycharmProjects\orbitshield-CV\orbitshield-acv\dataset\synthetic\rocket\rocket_family_091_var_05.png,rocket,synthetic,synthetic_rocket_family_091_var_05.jpg,synthetic::rocket::family_091
C:\Users\enzoo\PycharmProjects\orbitshield-CV\orbitshield-acv\dataset\synthetic\rocket\rocket_family_092_var_01.png,rocket,synthetic,synthetic_rocket_family_092_var_01.jpg,synthetic::rocket::family_092
C:\Users\enzoo\PycharmProjects\orbitshield-CV\orbitshield-acv\dataset\synthetic\rocket\rocket_family_092_var_02.png,rocket,synthetic,synthetic_rocket_family_092_var_02.jpg,synthetic::rocket::family_092
C:\Users\enzoo\PycharmProjects\orbitshield-CV\orbitshield-acv\dataset\synthetic\rocket\rocket_family_092_var_03.png,rocket,synthetic,synthetic_rocket_family_092_var_03.jpg,synthetic::rocket::family_092
C:\Users\enzoo\PycharmProjects\orbitshield-CV\orbitshield-acv\dataset\synthetic\rocket\rocket_family_092_var_04.png,rocket,synthetic,synthetic_rocket_family_092_var_04.jpg,synthetic::rocket::family_092
C:\Users\enzoo\PycharmProjects\orbitshield-CV\orbitshield-acv\dataset\synthetic\rocket\rocket_family_092_var_05.png,rocket,synthetic,synthetic_rocket_family_092_var_05.jpg,synthetic::rocket::family_092
C:\Users\enzoo\PycharmProjects\orbitshield-CV\orbitshield-acv\dataset\synthetic\rocket\rocket_family_093_var_01.png,rocket,synthetic,synthetic_rocket_family_093_var_01.jpg,synthetic::rocket::family_093
C:\Users\enzoo\PycharmProjects\orbitshield-CV\orbitshield-acv\dataset\synthetic\rocket\rocket_family_093_var_02.png,rocket,synthetic,synthetic_rocket_family_093_var_02.jpg,synthetic::rocket::family_093
C:\Users\enzoo\PycharmProjects\orbitshield-CV\orbitshield-acv\dataset\synthetic\rocket\rocket_family_093_var_03.png,rocket,synthetic,synthetic_rocket_family_093_var_03.jpg,synthetic::rocket::family_093
C:\Users\enzoo\PycharmProjects\orbitshield-CV\orbitshield-acv\dataset\synthetic\rocket\rocket_family_093_var_04.png,rocket,synthetic,synthetic_rocket_family_093_var_04.jpg,synthetic::rocket::family_093
C:\Users\enzoo\PycharmProjects\orbitshield-CV\orbitshield-acv\dataset\synthetic\rocket\rocket_family_093_var_05.png,rocket,synthetic,synthetic_rocket_family_093_var_05.jpg,synthetic::rocket::family_093
C:\Users\enzoo\PycharmProjects\orbitshield-CV\orbitshield-acv\dataset\synthetic\rocket\rocket_family_094_var_01.png,rocket,synthetic,synthetic_rocket_family_094_var_01.jpg,synthetic::rocket::family_094
C:\Users\enzoo\PycharmProjects\orbitshield-CV\orbitshield-acv\dataset\synthetic\rocket\rocket_family_094_var_02.png,rocket,synthetic,synthetic_rocket_family_094_var_02.jpg,synthetic::rocket::family_094
C:\Users\enzoo\PycharmProjects\orbitshield-CV\orbitshield-acv\dataset\synthetic\rocket\rocket_family_094_var_03.png,rocket,synthetic,synthetic_rocket_family_094_var_03.jpg,synthetic::rocket::family_094
C:\Users\enzoo\PycharmProjects\orbitshield-CV\orbitshield-acv\dataset\synthetic\rocket\rocket_family_094_var_04.png,rocket,synthetic,synthetic_rocket_family_094_var_04.jpg,synthetic::rocket::family_094
C:\Users\enzoo\PycharmProjects\orbitshield-CV\orbitshield-acv\dataset\synthetic\rocket\rocket_family_094_var_05.png,rocket,synthetic,synthetic_rocket_family_094_var_05.jpg,synthetic::rocket::family_094
C:\Users\enzoo\PycharmProjects\orbitshield-CV\orbitshield-acv\dataset\synthetic\rocket\rocket_family_095_var_01.png,rocket,synthetic,synthetic_rocket_family_095_var_01.jpg,synthetic::rocket::family_095
C:\Users\enzoo\PycharmProjects\orbitshield-CV\orbitshield-acv\dataset\synthetic\rocket\rocket_family_095_var_02.png,rocket,synthetic,synthetic_rocket_family_095_var_02.jpg,synthetic::rocket::family_095
C:\Users\enzoo\PycharmProjects\orbitshield-CV\orbitshield-acv\dataset\synthetic\rocket\rocket_family_095_var_03.png,rocket,synthetic,synthetic_rocket_family_095_var_03.jpg,synthetic::rocket::family_095
C:\Users\enzoo\PycharmProjects\orbitshield-CV\orbitshield-acv\dataset\synthetic\rocket\rocket_family_095_var_04.png,rocket,synthetic,synthetic_rocket_family_095_var_04.jpg,synthetic::rocket::family_095
C:\Users\enzoo\PycharmProjects\orbitshield-CV\orbitshield-acv\dataset\synthetic\rocket\rocket_family_095_var_05.png,rocket,synthetic,synthetic_rocket_family_095_var_05.jpg,synthetic::rocket::family_095
C:\Users\enzoo\PycharmProjects\orbitshield-CV\orbitshield-acv\dataset\synthetic\rocket\rocket_family_096_var_01.png,rocket,synthetic,synthetic_rocket_family_096_var_01.jpg,synthetic::rocket::family_096
C:\Users\enzoo\PycharmProjects\orbitshield-CV\orbitshield-acv\dataset\synthetic\rocket\rocket_family_096_var_02.png,rocket,synthetic,synthetic_rocket_family_096_var_02.jpg,synthetic::rocket::family_096
C:\Users\enzoo\PycharmProjects\orbitshield-CV\orbitshield-acv\dataset\synthetic\rocket\rocket_family_096_var_03.png,rocket,synthetic,synthetic_rocket_family_096_var_03.jpg,synthetic::rocket::family_096
C:\Users\enzoo\PycharmProjects\orbitshield-CV\orbitshield-acv\dataset\synthetic\rocket\rocket_family_096_var_04.png,rocket,synthetic,synthetic_rocket_family_096_var_04.jpg,synthetic::rocket::family_096
C:\Users\enzoo\PycharmProjects\orbitshield-CV\orbitshield-acv\dataset\synthetic\rocket\rocket_family_096_var_05.png,rocket,synthetic,synthetic_rocket_family_096_var_05.jpg,synthetic::rocket::family_096
C:\Users\enzoo\PycharmProjects\orbitshield-CV\orbitshield-acv\dataset\synthetic\rocket\rocket_family_097_var_01.png,rocket,synthetic,synthetic_rocket_family_097_var_01.jpg,synthetic::rocket::family_097
C:\Users\enzoo\PycharmProjects\orbitshield-CV\orbitshield-acv\dataset\synthetic\rocket\rocket_family_097_var_02.png,rocket,synthetic,synthetic_rocket_family_097_var_02.jpg,synthetic::rocket::family_097
C:\Users\enzoo\PycharmProjects\orbitshield-CV\orbitshield-acv\dataset\synthetic\rocket\rocket_family_097_var_03.png,rocket,synthetic,synthetic_rocket_family_097_var_03.jpg,synthetic::rocket::family_097
C:\Users\enzoo\PycharmProjects\orbitshield-CV\orbitshield-acv\dataset\synthetic\rocket\rocket_family_097_var_04.png,rocket,synthetic,synthetic_rocket_family_097_var_04.jpg,synthetic::rocket::family_097
C:\Users\enzoo\PycharmProjects\orbitshield-CV\orbitshield-acv\dataset\synthetic\rocket\rocket_family_097_var_05.png,rocket,synthetic,synthetic_rocket_family_097_var_05.jpg,synthetic::rocket::family_097
C:\Users\enzoo\PycharmProjects\orbitshield-CV\orbitshield-acv\dataset\synthetic\rocket\rocket_family_098_var_01.png,rocket,synthetic,synthetic_rocket_family_098_var_01.jpg,synthetic::rocket::family_098
C:\Users\enzoo\PycharmProjects\orbitshield-CV\orbitshield-acv\dataset\synthetic\rocket\rocket_family_098_var_02.png,rocket,synthetic,synthetic_rocket_family_098_var_02.jpg,synthetic::rocket::family_098
C:\Users\enzoo\PycharmProjects\orbitshield-CV\orbitshield-acv\dataset\synthetic\rocket\rocket_family_098_var_03.png,rocket,synthetic,synthetic_rocket_family_098_var_03.jpg,synthetic::rocket::family_098
C:\Users\enzoo\PycharmProjects\orbitshield-CV\orbitshield-acv\dataset\synthetic\rocket\rocket_family_098_var_04.png,rocket,synthetic,synthetic_rocket_family_098_var_04.jpg,synthetic::rocket::family_098
C:\Users\enzoo\PycharmProjects\orbitshield-CV\orbitshield-acv\dataset\synthetic\rocket\rocket_family_098_var_05.png,rocket,synthetic,synthetic_rocket_family_098_var_05.jpg,synthetic::rocket::family_098
C:\Users\enzoo\PycharmProjects\orbitshield-CV\orbitshield-acv\dataset\synthetic\rocket\rocket_family_099_var_01.png,rocket,synthetic,synthetic_rocket_family_099_var_01.jpg,synthetic::rocket::family_099
C:\Users\enzoo\PycharmProjects\orbitshield-CV\orbitshield-acv\dataset\synthetic\rocket\rocket_family_099_var_02.png,rocket,synthetic,synthetic_rocket_family_099_var_02.jpg,synthetic::rocket::family_099
C:\Users\enzoo\PycharmProjects\orbitshield-CV\orbitshield-acv\dataset\synthetic\rocket\rocket_family_099_var_03.png,rocket,synthetic,synthetic_rocket_family_099_var_03.jpg,synthetic::rocket::family_099
C:\Users\enzoo\PycharmProjects\orbitshield-CV\orbitshield-acv\dataset\synthetic\rocket\rocket_family_099_var_04.png,rocket,synthetic,synthetic_rocket_family_099_var_04.jpg,synthetic::rocket::family_099
C:\Users\enzoo\PycharmProjects\orbitshield-CV\orbitshield-acv\dataset\synthetic\rocket\rocket_family_099_var_05.png,rocket,synthetic,synthetic_rocket_family_099_var_05.jpg,synthetic::rocket::family_099
C:\Users\enzoo\PycharmProjects\orbitshield-CV\orbitshield-acv\dataset\synthetic\rocket\rocket_family_100_var_01.png,rocket,synthetic,synthetic_rocket_family_100_var_01.jpg,synthetic::rocket::family_100
C:\Users\enzoo\PycharmProjects\orbitshield-CV\orbitshield-acv\dataset\synthetic\rocket\rocket_family_100_var_02.png,rocket,synthetic,synthetic_rocket_family_100_var_02.jpg,synthetic::rocket::family_100
C:\Users\enzoo\PycharmProjects\orbitshield-CV\orbitshield-acv\dataset\synthetic\rocket\rocket_family_100_var_03.png,rocket,synthetic,synthetic_rocket_family_100_var_03.jpg,synthetic::rocket::family_100
C:\Users\enzoo\PycharmProjects\orbitshield-CV\orbitshield-acv\dataset\synthetic\rocket\rocket_family_100_var_04.png,rocket,synthetic,synthetic_rocket_family_100_var_04.jpg,synthetic::rocket::family_100
C:\Users\enzoo\PycharmProjects\orbitshield-CV\orbitshield-acv\dataset\synthetic\rocket\rocket_family_100_var_05.png,rocket,synthetic,synthetic_rocket_family_100_var_05.jpg,synthetic::rocket::family_100
C:\Users\enzoo\PycharmProjects\orbitshield-CV\orbitshield-acv\dataset\synthetic\rocket\rocket_family_101_var_01.png,rocket,synthetic,synthetic_rocket_family_101_var_01.jpg,synthetic::rocket::family_101
C:\Users\enzoo\PycharmProjects\orbitshield-CV\orbitshield-acv\dataset\synthetic\rocket\rocket_family_101_var_02.png,rocket,synthetic,synthetic_rocket_family_101_var_02.jpg,synthetic::rocket::family_101
C:\Users\enzoo\PycharmProjects\orbitshield-CV\orbitshield-acv\dataset\synthetic\rocket\rocket_family_101_var_03.png,rocket,synthetic,synthetic_rocket_family_101_var_03.jpg,synthetic::rocket::family_101
C:\Users\enzoo\PycharmProjects\orbitshield-CV\orbitshield-acv\dataset\synthetic\rocket\rocket_family_101_var_04.png,rocket,synthetic,synthetic_rocket_family_101_var_04.jpg,synthetic::rocket::family_101
C:\Users\enzoo\PycharmProjects\orbitshield-CV\orbitshield-acv\dataset\synthetic\rocket\rocket_family_101_var_05.png,rocket,synthetic,synthetic_rocket_family_101_var_05.jpg,synthetic::rocket::family_101
C:\Users\enzoo\PycharmProjects\orbitshield-CV\orbitshield-acv\dataset\synthetic\rocket\rocket_family_102_var_01.png,rocket,synthetic,synthetic_rocket_family_102_var_01.jpg,synthetic::rocket::family_102
C:\Users\enzoo\PycharmProjects\orbitshield-CV\orbitshield-acv\dataset\synthetic\rocket\rocket_family_102_var_02.png,rocket,synthetic,synthetic_rocket_family_102_var_02.jpg,synthetic::rocket::family_102
C:\Users\enzoo\PycharmProjects\orbitshield-CV\orbitshield-acv\dataset\synthetic\rocket\rocket_family_102_var_03.png,rocket,synthetic,synthetic_rocket_family_102_var_03.jpg,synthetic::rocket::family_102
C:\Users\enzoo\PycharmProjects\orbitshield-CV\orbitshield-acv\dataset\synthetic\rocket\rocket_family_102_var_04.png,rocket,synthetic,synthetic_rocket_family_102_var_04.jpg,synthetic::rocket::family_102
C:\Users\enzoo\PycharmProjects\orbitshield-CV\orbitshield-acv\dataset\synthetic\rocket\rocket_family_102_var_05.png,rocket,synthetic,synthetic_rocket_family_102_var_05.jpg,synthetic::rocket::family_102
C:\Users\enzoo\PycharmProjects\orbitshield-CV\orbitshield-acv\dataset\synthetic\rocket\rocket_family_103_var_01.png,rocket,synthetic,synthetic_rocket_family_103_var_01.jpg,synthetic::rocket::family_103
C:\Users\enzoo\PycharmProjects\orbitshield-CV\orbitshield-acv\dataset\synthetic\rocket\rocket_family_103_var_02.png,rocket,synthetic,synthetic_rocket_family_103_var_02.jpg,synthetic::rocket::family_103
C:\Users\enzoo\PycharmProjects\orbitshield-CV\orbitshield-acv\dataset\synthetic\rocket\rocket_family_103_var_03.png,rocket,synthetic,synthetic_rocket_family_103_var_03.jpg,synthetic::rocket::family_103
C:\Users\enzoo\PycharmProjects\orbitshield-CV\orbitshield-acv\dataset\synthetic\rocket\rocket_family_103_var_04.png,rocket,synthetic,synthetic_rocket_family_103_var_04.jpg,synthetic::rocket::family_103
C:\Users\enzoo\PycharmProjects\orbitshield-CV\orbitshield-acv\dataset\synthetic\rocket\rocket_family_103_var_05.png,rocket,synthetic,synthetic_rocket_family_103_var_05.jpg,synthetic::rocket::family_103
C:\Users\enzoo\PycharmProjects\orbitshield-CV\orbitshield-acv\dataset\synthetic\rocket\rocket_family_104_var_01.png,rocket,synthetic,synthetic_rocket_family_104_var_01.jpg,synthetic::rocket::family_104
C:\Users\enzoo\PycharmProjects\orbitshield-CV\orbitshield-acv\dataset\synthetic\rocket\rocket_family_104_var_02.png,rocket,synthetic,synthetic_rocket_family_104_var_02.jpg,synthetic::rocket::family_104
C:\Users\enzoo\PycharmProjects\orbitshield-CV\orbitshield-acv\dataset\synthetic\rocket\rocket_family_104_var_03.png,rocket,synthetic,synthetic_rocket_family_104_var_03.jpg,synthetic::rocket::family_104
C:\Users\enzoo\PycharmProjects\orbitshield-CV\orbitshield-acv\dataset\synthetic\rocket\rocket_family_104_var_04.png,rocket,synthetic,synthetic_rocket_family_104_var_04.jpg,synthetic::rocket::family_104
C:\Users\enzoo\PycharmProjects\orbitshield-CV\orbitshield-acv\dataset\synthetic\rocket\rocket_family_104_var_05.png,rocket,synthetic,synthetic_rocket_family_104_var_05.jpg,synthetic::rocket::family_104
C:\Users\enzoo\PycharmProjects\orbitshield-CV\orbitshield-acv\dataset\synthetic\rocket\rocket_family_105_var_01.png,rocket,synthetic,synthetic_rocket_family_105_var_01.jpg,synthetic::rocket::family_105
C:\Users\enzoo\PycharmProjects\orbitshield-CV\orbitshield-acv\dataset\synthetic\rocket\rocket_family_105_var_02.png,rocket,synthetic,synthetic_rocket_family_105_var_02.jpg,synthetic::rocket::family_105
C:\Users\enzoo\PycharmProjects\orbitshield-CV\orbitshield-acv\dataset\synthetic\rocket\rocket_family_105_var_03.png,rocket,synthetic,synthetic_rocket_family_105_var_03.jpg,synthetic::rocket::family_105
C:\Users\enzoo\PycharmProjects\orbitshield-CV\orbitshield-acv\dataset\synthetic\rocket\rocket_family_105_var_04.png,rocket,synthetic,synthetic_rocket_family_105_var_04.jpg,synthetic::rocket::family_105
C:\Users\enzoo\PycharmProjects\orbitshield-CV\orbitshield-acv\dataset\synthetic\rocket\rocket_family_105_var_05.png,rocket,synthetic,synthetic_rocket_family_105_var_05.jpg,synthetic::rocket::family_105
C:\Users\enzoo\PycharmProjects\orbitshield-CV\orbitshield-acv\dataset\synthetic\rocket\rocket_family_106_var_01.png,rocket,synthetic,synthetic_rocket_family_106_var_01.jpg,synthetic::rocket::family_106
C:\Users\enzoo\PycharmProjects\orbitshield-CV\orbitshield-acv\dataset\synthetic\rocket\rocket_family_106_var_02.png,rocket,synthetic,synthetic_rocket_family_106_var_02.jpg,synthetic::rocket::family_106
C:\Users\enzoo\PycharmProjects\orbitshield-CV\orbitshield-acv\dataset\synthetic\rocket\rocket_family_106_var_03.png,rocket,synthetic,synthetic_rocket_family_106_var_03.jpg,synthetic::rocket::family_106
C:\Users\enzoo\PycharmProjects\orbitshield-CV\orbitshield-acv\dataset\synthetic\rocket\rocket_family_106_var_04.png,rocket,synthetic,synthetic_rocket_family_106_var_04.jpg,synthetic::rocket::family_106
C:\Users\enzoo\PycharmProjects\orbitshield-CV\orbitshield-acv\dataset\synthetic\rocket\rocket_family_106_var_05.png,rocket,synthetic,synthetic_rocket_family_106_var_05.jpg,synthetic::rocket::family_106
C:\Users\enzoo\PycharmProjects\orbitshield-CV\orbitshield-acv\dataset\synthetic\rocket\rocket_family_107_var_01.png,rocket,synthetic,synthetic_rocket_family_107_var_01.jpg,synthetic::rocket::family_107
C:\Users\enzoo\PycharmProjects\orbitshield-CV\orbitshield-acv\dataset\synthetic\rocket\rocket_family_107_var_02.png,rocket,synthetic,synthetic_rocket_family_107_var_02.jpg,synthetic::rocket::family_107
C:\Users\enzoo\PycharmProjects\orbitshield-CV\orbitshield-acv\dataset\synthetic\rocket\rocket_family_107_var_03.png,rocket,synthetic,synthetic_rocket_family_107_var_03.jpg,synthetic::rocket::family_107
C:\Users\enzoo\PycharmProjects\orbitshield-CV\orbitshield-acv\dataset\synthetic\rocket\rocket_family_107_var_04.png,rocket,synthetic,synthetic_rocket_family_107_var_04.jpg,synthetic::rocket::family_107
C:\Users\enzoo\PycharmProjects\orbitshield-CV\orbitshield-acv\dataset\synthetic\rocket\rocket_family_107_var_05.png,rocket,synthetic,synthetic_rocket_family_107_var_05.jpg,synthetic::rocket::family_107
C:\Users\enzoo\PycharmProjects\orbitshield-CV\orbitshield-acv\dataset\synthetic\rocket\rocket_family_108_var_01.png,rocket,synthetic,synthetic_rocket_family_108_var_01.jpg,synthetic::rocket::family_108
C:\Users\enzoo\PycharmProjects\orbitshield-CV\orbitshield-acv\dataset\synthetic\rocket\rocket_family_108_var_02.png,rocket,synthetic,synthetic_rocket_family_108_var_02.jpg,synthetic::rocket::family_108
C:\Users\enzoo\PycharmProjects\orbitshield-CV\orbitshield-acv\dataset\synthetic\rocket\rocket_family_108_var_03.png,rocket,synthetic,synthetic_rocket_family_108_var_03.jpg,synthetic::rocket::family_108
C:\Users\enzoo\PycharmProjects\orbitshield-CV\orbitshield-acv\dataset\synthetic\rocket\rocket_family_108_var_04.png,rocket,synthetic,synthetic_rocket_family_108_var_04.jpg,synthetic::rocket::family_108
C:\Users\enzoo\PycharmProjects\orbitshield-CV\orbitshield-acv\dataset\synthetic\rocket\rocket_family_108_var_05.png,rocket,synthetic,synthetic_rocket_family_108_var_05.jpg,synthetic::rocket::family_108
C:\Users\enzoo\PycharmProjects\orbitshield-CV\orbitshield-acv\dataset\synthetic\rocket\rocket_family_109_var_01.png,rocket,synthetic,synthetic_rocket_family_109_var_01.jpg,synthetic::rocket::family_109
C:\Users\enzoo\PycharmProjects\orbitshield-CV\orbitshield-acv\dataset\synthetic\rocket\rocket_family_109_var_02.png,rocket,synthetic,synthetic_rocket_family_109_var_02.jpg,synthetic::rocket::family_109
C:\Users\enzoo\PycharmProjects\orbitshield-CV\orbitshield-acv\dataset\synthetic\rocket\rocket_family_109_var_03.png,rocket,synthetic,synthetic_rocket_family_109_var_03.jpg,synthetic::rocket::family_109
C:\Users\enzoo\PycharmProjects\orbitshield-CV\orbitshield-acv\dataset\synthetic\rocket\rocket_family_109_var_04.png,rocket,synthetic,synthetic_rocket_family_109_var_04.jpg,synthetic::rocket::family_109
C:\Users\enzoo\PycharmProjects\orbitshield-CV\orbitshield-acv\dataset\synthetic\rocket\rocket_family_109_var_05.png,rocket,synthetic,synthetic_rocket_family_109_var_05.jpg,synthetic::rocket::family_109
C:\Users\enzoo\PycharmProjects\orbitshield-CV\orbitshield-acv\dataset\synthetic\rocket\rocket_family_110_var_01.png,rocket,synthetic,synthetic_rocket_family_110_var_01.jpg,synthetic::rocket::family_110
C:\Users\enzoo\PycharmProjects\orbitshield-CV\orbitshield-acv\dataset\synthetic\rocket\rocket_family_110_var_02.png,rocket,synthetic,synthetic_rocket_family_110_var_02.jpg,synthetic::rocket::family_110
C:\Users\enzoo\PycharmProjects\orbitshield-CV\orbitshield-acv\dataset\synthetic\rocket\rocket_family_110_var_03.png,rocket,synthetic,synthetic_rocket_family_110_var_03.jpg,synthetic::rocket::family_110
C:\Users\enzoo\PycharmProjects\orbitshield-CV\orbitshield-acv\dataset\synthetic\rocket\rocket_family_110_var_04.png,rocket,synthetic,synthetic_rocket_family_110_var_04.jpg,synthetic::rocket::family_110
C:\Users\enzoo\PycharmProjects\orbitshield-CV\orbitshield-acv\dataset\synthetic\rocket\rocket_family_110_var_05.png,rocket,synthetic,synthetic_rocket_family_110_var_05.jpg,synthetic::rocket::family_110
C:\Users\enzoo\PycharmProjects\orbitshield-CV\orbitshield-acv\dataset\synthetic\rocket\rocket_family_111_var_01.png,rocket,synthetic,synthetic_rocket_family_111_var_01.jpg,synthetic::rocket::family_111
C:\Users\enzoo\PycharmProjects\orbitshield-CV\orbitshield-acv\dataset\synthetic\rocket\rocket_family_111_var_02.png,rocket,synthetic,synthetic_rocket_family_111_var_02.jpg,synthetic::rocket::family_111
C:\Users\enzoo\PycharmProjects\orbitshield-CV\orbitshield-acv\dataset\synthetic\rocket\rocket_family_111_var_03.png,rocket,synthetic,synthetic_rocket_family_111_var_03.jpg,synthetic::rocket::family_111
C:\Users\enzoo\PycharmProjects\orbitshield-CV\orbitshield-acv\dataset\synthetic\rocket\rocket_family_111_var_04.png,rocket,synthetic,synthetic_rocket_family_111_var_04.jpg,synthetic::rocket::family_111
C:\Users\enzoo\PycharmProjects\orbitshield-CV\orbitshield-acv\dataset\synthetic\rocket\rocket_family_111_var_05.png,rocket,synthetic,synthetic_rocket_family_111_var_05.jpg,synthetic::rocket::family_111
C:\Users\enzoo\PycharmProjects\orbitshield-CV\orbitshield-acv\dataset\synthetic\rocket\rocket_family_112_var_01.png,rocket,synthetic,synthetic_rocket_family_112_var_01.jpg,synthetic::rocket::family_112
C:\Users\enzoo\PycharmProjects\orbitshield-CV\orbitshield-acv\dataset\synthetic\rocket\rocket_family_112_var_02.png,rocket,synthetic,synthetic_rocket_family_112_var_02.jpg,synthetic::rocket::family_112
C:\Users\enzoo\PycharmProjects\orbitshield-CV\orbitshield-acv\dataset\synthetic\rocket\rocket_family_112_var_03.png,rocket,synthetic,synthetic_rocket_family_112_var_03.jpg,synthetic::rocket::family_112
C:\Users\enzoo\PycharmProjects\orbitshield-CV\orbitshield-acv\dataset\synthetic\rocket\rocket_family_112_var_04.png,rocket,synthetic,synthetic_rocket_family_112_var_04.jpg,synthetic::rocket::family_112
C:\Users\enzoo\PycharmProjects\orbitshield-CV\orbitshield-acv\dataset\synthetic\rocket\rocket_family_112_var_05.png,rocket,synthetic,synthetic_rocket_family_112_var_05.jpg,synthetic::rocket::family_112
C:\Users\enzoo\PycharmProjects\orbitshield-CV\orbitshield-acv\dataset\synthetic\rocket\rocket_family_113_var_01.png,rocket,synthetic,synthetic_rocket_family_113_var_01.jpg,synthetic::rocket::family_113
C:\Users\enzoo\PycharmProjects\orbitshield-CV\orbitshield-acv\dataset\synthetic\rocket\rocket_family_113_var_02.png,rocket,synthetic,synthetic_rocket_family_113_var_02.jpg,synthetic::rocket::family_113
C:\Users\enzoo\PycharmProjects\orbitshield-CV\orbitshield-acv\dataset\synthetic\rocket\rocket_family_113_var_03.png,rocket,synthetic,synthetic_rocket_family_113_var_03.jpg,synthetic::rocket::family_113
C:\Users\enzoo\PycharmProjects\orbitshield-CV\orbitshield-acv\dataset\synthetic\rocket\rocket_family_113_var_04.png,rocket,synthetic,synthetic_rocket_family_113_var_04.jpg,synthetic::rocket::family_113
C:\Users\enzoo\PycharmProjects\orbitshield-CV\orbitshield-acv\dataset\synthetic\rocket\rocket_family_113_var_05.png,rocket,synthetic,synthetic_rocket_family_113_var_05.jpg,synthetic::rocket::family_113
C:\Users\enzoo\PycharmProjects\orbitshield-CV\orbitshield-acv\dataset\synthetic\rocket\rocket_family_114_var_01.png,rocket,synthetic,synthetic_rocket_family_114_var_01.jpg,synthetic::rocket::family_114
C:\Users\enzoo\PycharmProjects\orbitshield-CV\orbitshield-acv\dataset\synthetic\rocket\rocket_family_114_var_02.png,rocket,synthetic,synthetic_rocket_family_114_var_02.jpg,synthetic::rocket::family_114
C:\Users\enzoo\PycharmProjects\orbitshield-CV\orbitshield-acv\dataset\synthetic\rocket\rocket_family_114_var_03.png,rocket,synthetic,synthetic_rocket_family_114_var_03.jpg,synthetic::rocket::family_114
C:\Users\enzoo\PycharmProjects\orbitshield-CV\orbitshield-acv\dataset\synthetic\rocket\rocket_family_114_var_04.png,rocket,synthetic,synthetic_rocket_family_114_var_04.jpg,synthetic::rocket::family_114
C:\Users\enzoo\PycharmProjects\orbitshield-CV\orbitshield-acv\dataset\synthetic\rocket\rocket_family_114_var_05.png,rocket,synthetic,synthetic_rocket_family_114_var_05.jpg,synthetic::rocket::family_114
C:\Users\enzoo\PycharmProjects\orbitshield-CV\orbitshield-acv\dataset\synthetic\rocket\rocket_family_115_var_01.png,rocket,synthetic,synthetic_rocket_family_115_var_01.jpg,synthetic::rocket::family_115
C:\Users\enzoo\PycharmProjects\orbitshield-CV\orbitshield-acv\dataset\synthetic\rocket\rocket_family_115_var_02.png,rocket,synthetic,synthetic_rocket_family_115_var_02.jpg,synthetic::rocket::family_115
C:\Users\enzoo\PycharmProjects\orbitshield-CV\orbitshield-acv\dataset\synthetic\rocket\rocket_family_115_var_03.png,rocket,synthetic,synthetic_rocket_family_115_var_03.jpg,synthetic::rocket::family_115
C:\Users\enzoo\PycharmProjects\orbitshield-CV\orbitshield-acv\dataset\synthetic\rocket\rocket_family_115_var_04.png,rocket,synthetic,synthetic_rocket_family_115_var_04.jpg,synthetic::rocket::family_115
C:\Users\enzoo\PycharmProjects\orbitshield-CV\orbitshield-acv\dataset\synthetic\rocket\rocket_family_115_var_05.png,rocket,synthetic,synthetic_rocket_family_115_var_05.jpg,synthetic::rocket::family_115
C:\Users\enzoo\PycharmProjects\orbitshield-CV\orbitshield-acv\dataset\synthetic\rocket\rocket_family_116_var_01.png,rocket,synthetic,synthetic_rocket_family_116_var_01.jpg,synthetic::rocket::family_116
C:\Users\enzoo\PycharmProjects\orbitshield-CV\orbitshield-acv\dataset\synthetic\rocket\rocket_family_116_var_02.png,rocket,synthetic,synthetic_rocket_family_116_var_02.jpg,synthetic::rocket::family_116
C:\Users\enzoo\PycharmProjects\orbitshield-CV\orbitshield-acv\dataset\synthetic\rocket\rocket_family_116_var_03.png,rocket,synthetic,synthetic_rocket_family_116_var_03.jpg,synthetic::rocket::family_116
C:\Users\enzoo\PycharmProjects\orbitshield-CV\orbitshield-acv\dataset\synthetic\rocket\rocket_family_116_var_04.png,rocket,synthetic,synthetic_rocket_family_116_var_04.jpg,synthetic::rocket::family_116
C:\Users\enzoo\PycharmProjects\orbitshield-CV\orbitshield-acv\dataset\synthetic\rocket\rocket_family_116_var_05.png,rocket,synthetic,synthetic_rocket_family_116_var_05.jpg,synthetic::rocket::family_116
C:\Users\enzoo\PycharmProjects\orbitshield-CV\orbitshield-acv\dataset\synthetic\rocket\rocket_family_117_var_01.png,rocket,synthetic,synthetic_rocket_family_117_var_01.jpg,synthetic::rocket::family_117
C:\Users\enzoo\PycharmProjects\orbitshield-CV\orbitshield-acv\dataset\synthetic\rocket\rocket_family_117_var_02.png,rocket,synthetic,synthetic_rocket_family_117_var_02.jpg,synthetic::rocket::family_117
C:\Users\enzoo\PycharmProjects\orbitshield-CV\orbitshield-acv\dataset\synthetic\rocket\rocket_family_117_var_03.png,rocket,synthetic,synthetic_rocket_family_117_var_03.jpg,synthetic::rocket::family_117
C:\Users\enzoo\PycharmProjects\orbitshield-CV\orbitshield-acv\dataset\synthetic\rocket\rocket_family_117_var_04.png,rocket,synthetic,synthetic_rocket_family_117_var_04.jpg,synthetic::rocket::family_117
C:\Users\enzoo\PycharmProjects\orbitshield-CV\orbitshield-acv\dataset\synthetic\rocket\rocket_family_117_var_05.png,rocket,synthetic,synthetic_rocket_family_117_var_05.jpg,synthetic::rocket::family_117
C:\Users\enzoo\PycharmProjects\orbitshield-CV\orbitshield-acv\dataset\synthetic\rocket\rocket_family_118_var_01.png,rocket,synthetic,synthetic_rocket_family_118_var_01.jpg,synthetic::rocket::family_118
C:\Users\enzoo\PycharmProjects\orbitshield-CV\orbitshield-acv\dataset\synthetic\rocket\rocket_family_118_var_02.png,rocket,synthetic,synthetic_rocket_family_118_var_02.jpg,synthetic::rocket::family_118
C:\Users\enzoo\PycharmProjects\orbitshield-CV\orbitshield-acv\dataset\synthetic\rocket\rocket_family_118_var_03.png,rocket,synthetic,synthetic_rocket_family_118_var_03.jpg,synthetic::rocket::family_118
C:\Users\enzoo\PycharmProjects\orbitshield-CV\orbitshield-acv\dataset\synthetic\rocket\rocket_family_118_var_04.png,rocket,synthetic,synthetic_rocket_family_118_var_04.jpg,synthetic::rocket::family_118
C:\Users\enzoo\PycharmProjects\orbitshield-CV\orbitshield-acv\dataset\synthetic\rocket\rocket_family_118_var_05.png,rocket,synthetic,synthetic_rocket_family_118_var_05.jpg,synthetic::rocket::family_118
C:\Users\enzoo\PycharmProjects\orbitshield-CV\orbitshield-acv\dataset\synthetic\rocket\rocket_family_119_var_01.png,rocket,synthetic,synthetic_rocket_family_119_var_01.jpg,synthetic::rocket::family_119
C:\Users\enzoo\PycharmProjects\orbitshield-CV\orbitshield-acv\dataset\synthetic\rocket\rocket_family_119_var_02.png,rocket,synthetic,synthetic_rocket_family_119_var_02.jpg,synthetic::rocket::family_119
C:\Users\enzoo\PycharmProjects\orbitshield-CV\orbitshield-acv\dataset\synthetic\rocket\rocket_family_119_var_03.png,rocket,synthetic,synthetic_rocket_family_119_var_03.jpg,synthetic::rocket::family_119
C:\Users\enzoo\PycharmProjects\orbitshield-CV\orbitshield-acv\dataset\synthetic\rocket\rocket_family_119_var_04.png,rocket,synthetic,synthetic_rocket_family_119_var_04.jpg,synthetic::rocket::family_119
C:\Users\enzoo\PycharmProjects\orbitshield-CV\orbitshield-acv\dataset\synthetic\rocket\rocket_family_119_var_05.png,rocket,synthetic,synthetic_rocket_family_119_var_05.jpg,synthetic::rocket::family_119
C:\Users\enzoo\PycharmProjects\orbitshield-CV\orbitshield-acv\dataset\synthetic\rocket\rocket_family_120_var_01.png,rocket,synthetic,synthetic_rocket_family_120_var_01.jpg,synthetic::rocket::family_120
C:\Users\enzoo\PycharmProjects\orbitshield-CV\orbitshield-acv\dataset\synthetic\rocket\rocket_family_120_var_02.png,rocket,synthetic,synthetic_rocket_family_120_var_02.jpg,synthetic::rocket::family_120
C:\Users\enzoo\PycharmProjects\orbitshield-CV\orbitshield-acv\dataset\synthetic\rocket\rocket_family_120_var_03.png,rocket,synthetic,synthetic_rocket_family_120_var_03.jpg,synthetic::rocket::family_120
C:\Users\enzoo\PycharmProjects\orbitshield-CV\orbitshield-acv\dataset\synthetic\rocket\rocket_family_120_var_04.png,rocket,synthetic,synthetic_rocket_family_120_var_04.jpg,synthetic::rocket::family_120
C:\Users\enzoo\PycharmProjects\orbitshield-CV\orbitshield-acv\dataset\synthetic\rocket\rocket_family_120_var_05.png,rocket,synthetic,synthetic_rocket_family_120_var_05.jpg,synthetic::rocket::family_120
C:\Users\enzoo\PycharmProjects\orbitshield-CV\orbitshield-acv\dataset\synthetic\rocket\rocket_family_121_var_01.png,rocket,synthetic,synthetic_rocket_family_121_var_01.jpg,synthetic::rocket::family_121
C:\Users\enzoo\PycharmProjects\orbitshield-CV\orbitshield-acv\dataset\synthetic\rocket\rocket_family_121_var_02.png,rocket,synthetic,synthetic_rocket_family_121_var_02.jpg,synthetic::rocket::family_121
C:\Users\enzoo\PycharmProjects\orbitshield-CV\orbitshield-acv\dataset\synthetic\rocket\rocket_family_121_var_03.png,rocket,synthetic,synthetic_rocket_family_121_var_03.jpg,synthetic::rocket::family_121
C:\Users\enzoo\PycharmProjects\orbitshield-CV\orbitshield-acv\dataset\synthetic\rocket\rocket_family_121_var_04.png,rocket,synthetic,synthetic_rocket_family_121_var_04.jpg,synthetic::rocket::family_121
C:\Users\enzoo\PycharmProjects\orbitshield-CV\orbitshield-acv\dataset\synthetic\rocket\rocket_family_121_var_05.png,rocket,synthetic,synthetic_rocket_family_121_var_05.jpg,synthetic::rocket::family_121
C:\Users\enzoo\PycharmProjects\orbitshield-CV\orbitshield-acv\dataset\synthetic\rocket\rocket_family_122_var_01.png,rocket,synthetic,synthetic_rocket_family_122_var_01.jpg,synthetic::rocket::family_122
C:\Users\enzoo\PycharmProjects\orbitshield-CV\orbitshield-acv\dataset\synthetic\rocket\rocket_family_122_var_02.png,rocket,synthetic,synthetic_rocket_family_122_var_02.jpg,synthetic::rocket::family_122
C:\Users\enzoo\PycharmProjects\orbitshield-CV\orbitshield-acv\dataset\synthetic\rocket\rocket_family_122_var_03.png,rocket,synthetic,synthetic_rocket_family_122_var_03.jpg,synthetic::rocket::family_122
C:\Users\enzoo\PycharmProjects\orbitshield-CV\orbitshield-acv\dataset\synthetic\rocket\rocket_family_122_var_04.png,rocket,synthetic,synthetic_rocket_family_122_var_04.jpg,synthetic::rocket::family_122
C:\Users\enzoo\PycharmProjects\orbitshield-CV\orbitshield-acv\dataset\synthetic\rocket\rocket_family_122_var_05.png,rocket,synthetic,synthetic_rocket_family_122_var_05.jpg,synthetic::rocket::family_122
C:\Users\enzoo\PycharmProjects\orbitshield-CV\orbitshield-acv\dataset\synthetic\rocket\rocket_family_123_var_01.png,rocket,synthetic,synthetic_rocket_family_123_var_01.jpg,synthetic::rocket::family_123
C:\Users\enzoo\PycharmProjects\orbitshield-CV\orbitshield-acv\dataset\synthetic\rocket\rocket_family_123_var_02.png,rocket,synthetic,synthetic_rocket_family_123_var_02.jpg,synthetic::rocket::family_123
C:\Users\enzoo\PycharmProjects\orbitshield-CV\orbitshield-acv\dataset\synthetic\rocket\rocket_family_123_var_03.png,rocket,synthetic,synthetic_rocket_family_123_var_03.jpg,synthetic::rocket::family_123
C:\Users\enzoo\PycharmProjects\orbitshield-CV\orbitshield-acv\dataset\synthetic\rocket\rocket_family_123_var_04.png,rocket,synthetic,synthetic_rocket_family_123_var_04.jpg,synthetic::rocket::family_123
C:\Users\enzoo\PycharmProjects\orbitshield-CV\orbitshield-acv\dataset\synthetic\rocket\rocket_family_123_var_05.png,rocket,synthetic,synthetic_rocket_family_123_var_05.jpg,synthetic::rocket::family_123
C:\Users\enzoo\PycharmProjects\orbitshield-CV\orbitshield-acv\dataset\synthetic\rocket\rocket_family_124_var_01.png,rocket,synthetic,synthetic_rocket_family_124_var_01.jpg,synthetic::rocket::family_124
C:\Users\enzoo\PycharmProjects\orbitshield-CV\orbitshield-acv\dataset\synthetic\rocket\rocket_family_124_var_02.png,rocket,synthetic,synthetic_rocket_family_124_var_02.jpg,synthetic::rocket::family_124
C:\Users\enzoo\PycharmProjects\orbitshield-CV\orbitshield-acv\dataset\synthetic\rocket\rocket_family_124_var_03.png,rocket,synthetic,synthetic_rocket_family_124_var_03.jpg,synthetic::rocket::family_124
C:\Users\enzoo\PycharmProjects\orbitshield-CV\orbitshield-acv\dataset\synthetic\rocket\rocket_family_124_var_04.png,rocket,synthetic,synthetic_rocket_family_124_var_04.jpg,synthetic::rocket::family_124
C:\Users\enzoo\PycharmProjects\orbitshield-CV\orbitshield-acv\dataset\synthetic\rocket\rocket_family_124_var_05.png,rocket,synthetic,synthetic_rocket_family_124_var_05.jpg,synthetic::rocket::family_124
C:\Users\enzoo\PycharmProjects\orbitshield-CV\orbitshield-acv\dataset\synthetic\rocket\rocket_family_125_var_01.png,rocket,synthetic,synthetic_rocket_family_125_var_01.jpg,synthetic::rocket::family_125
C:\Users\enzoo\PycharmProjects\orbitshield-CV\orbitshield-acv\dataset\synthetic\rocket\rocket_family_125_var_02.png,rocket,synthetic,synthetic_rocket_family_125_var_02.jpg,synthetic::rocket::family_125
C:\Users\enzoo\PycharmProjects\orbitshield-CV\orbitshield-acv\dataset\synthetic\rocket\rocket_family_125_var_03.png,rocket,synthetic,synthetic_rocket_family_125_var_03.jpg,synthetic::rocket::family_125
C:\Users\enzoo\PycharmProjects\orbitshield-CV\orbitshield-acv\dataset\synthetic\rocket\rocket_family_125_var_04.png,rocket,synthetic,synthetic_rocket_family_125_var_04.jpg,synthetic::rocket::family_125
C:\Users\enzoo\PycharmProjects\orbitshield-CV\orbitshield-acv\dataset\synthetic\rocket\rocket_family_125_var_05.png,rocket,synthetic,synthetic_rocket_family_125_var_05.jpg,synthetic::rocket::family_125
C:\Users\enzoo\PycharmProjects\orbitshield-CV\orbitshield-acv\dataset\synthetic\rocket\rocket_family_126_var_01.png,rocket,synthetic,synthetic_rocket_family_126_var_01.jpg,synthetic::rocket::family_126
C:\Users\enzoo\PycharmProjects\orbitshield-CV\orbitshield-acv\dataset\synthetic\rocket\rocket_family_126_var_02.png,rocket,synthetic,synthetic_rocket_family_126_var_02.jpg,synthetic::rocket::family_126
C:\Users\enzoo\PycharmProjects\orbitshield-CV\orbitshield-acv\dataset\synthetic\rocket\rocket_family_126_var_03.png,rocket,synthetic,synthetic_rocket_family_126_var_03.jpg,synthetic::rocket::family_126
C:\Users\enzoo\PycharmProjects\orbitshield-CV\orbitshield-acv\dataset\synthetic\rocket\rocket_family_126_var_04.png,rocket,synthetic,synthetic_rocket_family_126_var_04.jpg,synthetic::rocket::family_126
C:\Users\enzoo\PycharmProjects\orbitshield-CV\orbitshield-acv\dataset\synthetic\rocket\rocket_family_126_var_05.png,rocket,synthetic,synthetic_rocket_family_126_var_05.jpg,synthetic::rocket::family_126
C:\Users\enzoo\PycharmProjects\orbitshield-CV\orbitshield-acv\dataset\synthetic\rocket\rocket_family_127_var_01.png,rocket,synthetic,synthetic_rocket_family_127_var_01.jpg,synthetic::rocket::family_127
C:\Users\enzoo\PycharmProjects\orbitshield-CV\orbitshield-acv\dataset\synthetic\rocket\rocket_family_127_var_02.png,rocket,synthetic,synthetic_rocket_family_127_var_02.jpg,synthetic::rocket::family_127
C:\Users\enzoo\PycharmProjects\orbitshield-CV\orbitshield-acv\dataset\synthetic\rocket\rocket_family_127_var_03.png,rocket,synthetic,synthetic_rocket_family_127_var_03.jpg,synthetic::rocket::family_127
C:\Users\enzoo\PycharmProjects\orbitshield-CV\orbitshield-acv\dataset\synthetic\rocket\rocket_family_127_var_04.png,rocket,synthetic,synthetic_rocket_family_127_var_04.jpg,synthetic::rocket::family_127
C:\Users\enzoo\PycharmProjects\orbitshield-CV\orbitshield-acv\dataset\synthetic\rocket\rocket_family_127_var_05.png,rocket,synthetic,synthetic_rocket_family_127_var_05.jpg,synthetic::rocket::family_127
C:\Users\enzoo\PycharmProjects\orbitshield-CV\orbitshield-acv\dataset\synthetic\rocket\rocket_family_128_var_01.png,rocket,synthetic,synthetic_rocket_family_128_var_01.jpg,synthetic::rocket::family_128
C:\Users\enzoo\PycharmProjects\orbitshield-CV\orbitshield-acv\dataset\synthetic\rocket\rocket_family_128_var_02.png,rocket,synthetic,synthetic_rocket_family_128_var_02.jpg,synthetic::rocket::family_128
C:\Users\enzoo\PycharmProjects\orbitshield-CV\orbitshield-acv\dataset\synthetic\rocket\rocket_family_128_var_03.png,rocket,synthetic,synthetic_rocket_family_128_var_03.jpg,synthetic::rocket::family_128
C:\Users\enzoo\PycharmProjects\orbitshield-CV\orbitshield-acv\dataset\synthetic\rocket\rocket_family_128_var_04.png,rocket,synthetic,synthetic_rocket_family_128_var_04.jpg,synthetic::rocket::family_128
C:\Users\enzoo\PycharmProjects\orbitshield-CV\orbitshield-acv\dataset\synthetic\rocket\rocket_family_128_var_05.png,rocket,synthetic,synthetic_rocket_family_128_var_05.jpg,synthetic::rocket::family_128
C:\Users\enzoo\PycharmProjects\orbitshield-CV\orbitshield-acv\dataset\synthetic\rocket\rocket_family_129_var_01.png,rocket,synthetic,synthetic_rocket_family_129_var_01.jpg,synthetic::rocket::family_129
C:\Users\enzoo\PycharmProjects\orbitshield-CV\orbitshield-acv\dataset\synthetic\rocket\rocket_family_129_var_02.png,rocket,synthetic,synthetic_rocket_family_129_var_02.jpg,synthetic::rocket::family_129
C:\Users\enzoo\PycharmProjects\orbitshield-CV\orbitshield-acv\dataset\synthetic\rocket\rocket_family_129_var_03.png,rocket,synthetic,synthetic_rocket_family_129_var_03.jpg,synthetic::rocket::family_129
C:\Users\enzoo\PycharmProjects\orbitshield-CV\orbitshield-acv\dataset\synthetic\rocket\rocket_family_129_var_04.png,rocket,synthetic,synthetic_rocket_family_129_var_04.jpg,synthetic::rocket::family_129
C:\Users\enzoo\PycharmProjects\orbitshield-CV\orbitshield-acv\dataset\synthetic\rocket\rocket_family_129_var_05.png,rocket,synthetic,synthetic_rocket_family_129_var_05.jpg,synthetic::rocket::family_129
C:\Users\enzoo\PycharmProjects\orbitshield-CV\orbitshield-acv\dataset\synthetic\rocket\rocket_family_130_var_01.png,rocket,synthetic,synthetic_rocket_family_130_var_01.jpg,synthetic::rocket::family_130
C:\Users\enzoo\PycharmProjects\orbitshield-CV\orbitshield-acv\dataset\synthetic\rocket\rocket_family_130_var_02.png,rocket,synthetic,synthetic_rocket_family_130_var_02.jpg,synthetic::rocket::family_130
C:\Users\enzoo\PycharmProjects\orbitshield-CV\orbitshield-acv\dataset\synthetic\rocket\rocket_family_130_var_03.png,rocket,synthetic,synthetic_rocket_family_130_var_03.jpg,synthetic::rocket::family_130
C:\Users\enzoo\PycharmProjects\orbitshield-CV\orbitshield-acv\dataset\synthetic\rocket\rocket_family_130_var_04.png,rocket,synthetic,synthetic_rocket_family_130_var_04.jpg,synthetic::rocket::family_130
C:\Users\enzoo\PycharmProjects\orbitshield-CV\orbitshield-acv\dataset\synthetic\rocket\rocket_family_130_var_05.png,rocket,synthetic,synthetic_rocket_family_130_var_05.jpg,synthetic::rocket::family_130
C:\Users\enzoo\PycharmProjects\orbitshield-CV\orbitshield-acv\dataset\synthetic\rocket\rocket_family_131_var_01.png,rocket,synthetic,synthetic_rocket_family_131_var_01.jpg,synthetic::rocket::family_131
C:\Users\enzoo\PycharmProjects\orbitshield-CV\orbitshield-acv\dataset\synthetic\rocket\rocket_family_131_var_02.png,rocket,synthetic,synthetic_rocket_family_131_var_02.jpg,synthetic::rocket::family_131
C:\Users\enzoo\PycharmProjects\orbitshield-CV\orbitshield-acv\dataset\synthetic\rocket\rocket_family_131_var_03.png,rocket,synthetic,synthetic_rocket_family_131_var_03.jpg,synthetic::rocket::family_131
C:\Users\enzoo\PycharmProjects\orbitshield-CV\orbitshield-acv\dataset\synthetic\rocket\rocket_family_131_var_04.png,rocket,synthetic,synthetic_rocket_family_131_var_04.jpg,synthetic::rocket::family_131
C:\Users\enzoo\PycharmProjects\orbitshield-CV\orbitshield-acv\dataset\synthetic\rocket\rocket_family_131_var_05.png,rocket,synthetic,synthetic_rocket_family_131_var_05.jpg,synthetic::rocket::family_131
C:\Users\enzoo\PycharmProjects\orbitshield-CV\orbitshield-acv\dataset\synthetic\rocket\rocket_family_132_var_01.png,rocket,synthetic,synthetic_rocket_family_132_var_01.jpg,synthetic::rocket::family_132
C:\Users\enzoo\PycharmProjects\orbitshield-CV\orbitshield-acv\dataset\synthetic\rocket\rocket_family_132_var_02.png,rocket,synthetic,synthetic_rocket_family_132_var_02.jpg,synthetic::rocket::family_132
C:\Users\enzoo\PycharmProjects\orbitshield-CV\orbitshield-acv\dataset\synthetic\rocket\rocket_family_132_var_03.png,rocket,synthetic,synthetic_rocket_family_132_var_03.jpg,synthetic::rocket::family_132
C:\Users\enzoo\PycharmProjects\orbitshield-CV\orbitshield-acv\dataset\synthetic\rocket\rocket_family_132_var_04.png,rocket,synthetic,synthetic_rocket_family_132_var_04.jpg,synthetic::rocket::family_132
C:\Users\enzoo\PycharmProjects\orbitshield-CV\orbitshield-acv\dataset\synthetic\rocket\rocket_family_132_var_05.png,rocket,synthetic,synthetic_rocket_family_132_var_05.jpg,synthetic::rocket::family_132
C:\Users\enzoo\PycharmProjects\orbitshield-CV\orbitshield-acv\dataset\synthetic\rocket\rocket_family_133_var_01.png,rocket,synthetic,synthetic_rocket_family_133_var_01.jpg,synthetic::rocket::family_133
C:\Users\enzoo\PycharmProjects\orbitshield-CV\orbitshield-acv\dataset\synthetic\rocket\rocket_family_133_var_02.png,rocket,synthetic,synthetic_rocket_family_133_var_02.jpg,synthetic::rocket::family_133
C:\Users\enzoo\PycharmProjects\orbitshield-CV\orbitshield-acv\dataset\synthetic\rocket\rocket_family_133_var_03.png,rocket,synthetic,synthetic_rocket_family_133_var_03.jpg,synthetic::rocket::family_133
C:\Users\enzoo\PycharmProjects\orbitshield-CV\orbitshield-acv\dataset\synthetic\rocket\rocket_family_133_var_04.png,rocket,synthetic,synthetic_rocket_family_133_var_04.jpg,synthetic::rocket::family_133
C:\Users\enzoo\PycharmProjects\orbitshield-CV\orbitshield-acv\dataset\synthetic\rocket\rocket_family_133_var_05.png,rocket,synthetic,synthetic_rocket_family_133_var_05.jpg,synthetic::rocket::family_133
C:\Users\enzoo\PycharmProjects\orbitshield-CV\orbitshield-acv\dataset\synthetic\rocket\rocket_family_134_var_01.png,rocket,synthetic,synthetic_rocket_family_134_var_01.jpg,synthetic::rocket::family_134
C:\Users\enzoo\PycharmProjects\orbitshield-CV\orbitshield-acv\dataset\synthetic\rocket\rocket_family_134_var_02.png,rocket,synthetic,synthetic_rocket_family_134_var_02.jpg,synthetic::rocket::family_134
C:\Users\enzoo\PycharmProjects\orbitshield-CV\orbitshield-acv\dataset\synthetic\rocket\rocket_family_134_var_03.png,rocket,synthetic,synthetic_rocket_family_134_var_03.jpg,synthetic::rocket::family_134
C:\Users\enzoo\PycharmProjects\orbitshield-CV\orbitshield-acv\dataset\synthetic\rocket\rocket_family_134_var_04.png,rocket,synthetic,synthetic_rocket_family_134_var_04.jpg,synthetic::rocket::family_134
C:\Users\enzoo\PycharmProjects\orbitshield-CV\orbitshield-acv\dataset\synthetic\rocket\rocket_family_134_var_05.png,rocket,synthetic,synthetic_rocket_family_134_var_05.jpg,synthetic::rocket::family_134
C:\Users\enzoo\PycharmProjects\orbitshield-CV\orbitshield-acv\dataset\synthetic\rocket\rocket_family_135_var_01.png,rocket,synthetic,synthetic_rocket_family_135_var_01.jpg,synthetic::rocket::family_135
C:\Users\enzoo\PycharmProjects\orbitshield-CV\orbitshield-acv\dataset\synthetic\rocket\rocket_family_135_var_02.png,rocket,synthetic,synthetic_rocket_family_135_var_02.jpg,synthetic::rocket::family_135
C:\Users\enzoo\PycharmProjects\orbitshield-CV\orbitshield-acv\dataset\synthetic\rocket\rocket_family_135_var_03.png,rocket,synthetic,synthetic_rocket_family_135_var_03.jpg,synthetic::rocket::family_135
C:\Users\enzoo\PycharmProjects\orbitshield-CV\orbitshield-acv\dataset\synthetic\rocket\rocket_family_135_var_04.png,rocket,synthetic,synthetic_rocket_family_135_var_04.jpg,synthetic::rocket::family_135
C:\Users\enzoo\PycharmProjects\orbitshield-CV\orbitshield-acv\dataset\synthetic\rocket\rocket_family_135_var_05.png,rocket,synthetic,synthetic_rocket_family_135_var_05.jpg,synthetic::rocket::family_135
C:\Users\enzoo\PycharmProjects\orbitshield-CV\orbitshield-acv\dataset\synthetic\rocket\rocket_family_136_var_01.png,rocket,synthetic,synthetic_rocket_family_136_var_01.jpg,synthetic::rocket::family_136
C:\Users\enzoo\PycharmProjects\orbitshield-CV\orbitshield-acv\dataset\synthetic\rocket\rocket_family_136_var_02.png,rocket,synthetic,synthetic_rocket_family_136_var_02.jpg,synthetic::rocket::family_136
C:\Users\enzoo\PycharmProjects\orbitshield-CV\orbitshield-acv\dataset\synthetic\rocket\rocket_family_136_var_03.png,rocket,synthetic,synthetic_rocket_family_136_var_03.jpg,synthetic::rocket::family_136
C:\Users\enzoo\PycharmProjects\orbitshield-CV\orbitshield-acv\dataset\synthetic\rocket\rocket_family_136_var_04.png,rocket,synthetic,synthetic_rocket_family_136_var_04.jpg,synthetic::rocket::family_136
C:\Users\enzoo\PycharmProjects\orbitshield-CV\orbitshield-acv\dataset\synthetic\rocket\rocket_family_136_var_05.png,rocket,synthetic,synthetic_rocket_family_136_var_05.jpg,synthetic::rocket::family_136
C:\Users\enzoo\PycharmProjects\orbitshield-CV\orbitshield-acv\dataset\synthetic\rocket\rocket_family_137_var_01.png,rocket,synthetic,synthetic_rocket_family_137_var_01.jpg,synthetic::rocket::family_137
C:\Users\enzoo\PycharmProjects\orbitshield-CV\orbitshield-acv\dataset\synthetic\rocket\rocket_family_137_var_02.png,rocket,synthetic,synthetic_rocket_family_137_var_02.jpg,synthetic::rocket::family_137
C:\Users\enzoo\PycharmProjects\orbitshield-CV\orbitshield-acv\dataset\synthetic\rocket\rocket_family_137_var_03.png,rocket,synthetic,synthetic_rocket_family_137_var_03.jpg,synthetic::rocket::family_137
C:\Users\enzoo\PycharmProjects\orbitshield-CV\orbitshield-acv\dataset\synthetic\rocket\rocket_family_137_var_04.png,rocket,synthetic,synthetic_rocket_family_137_var_04.jpg,synthetic::rocket::family_137
C:\Users\enzoo\PycharmProjects\orbitshield-CV\orbitshield-acv\dataset\synthetic\rocket\rocket_family_137_var_05.png,rocket,synthetic,synthetic_rocket_family_137_var_05.jpg,synthetic::rocket::family_137
C:\Users\enzoo\PycharmProjects\orbitshield-CV\orbitshield-acv\dataset\synthetic\rocket\rocket_family_138_var_01.png,rocket,synthetic,synthetic_rocket_family_138_var_01.jpg,synthetic::rocket::family_138
C:\Users\enzoo\PycharmProjects\orbitshield-CV\orbitshield-acv\dataset\synthetic\rocket\rocket_family_138_var_02.png,rocket,synthetic,synthetic_rocket_family_138_var_02.jpg,synthetic::rocket::family_138
C:\Users\enzoo\PycharmProjects\orbitshield-CV\orbitshield-acv\dataset\synthetic\rocket\rocket_family_138_var_03.png,rocket,synthetic,synthetic_rocket_family_138_var_03.jpg,synthetic::rocket::family_138
C:\Users\enzoo\PycharmProjects\orbitshield-CV\orbitshield-acv\dataset\synthetic\rocket\rocket_family_138_var_04.png,rocket,synthetic,synthetic_rocket_family_138_var_04.jpg,synthetic::rocket::family_138
C:\Users\enzoo\PycharmProjects\orbitshield-CV\orbitshield-acv\dataset\synthetic\rocket\rocket_family_138_var_05.png,rocket,synthetic,synthetic_rocket_family_138_var_05.jpg,synthetic::rocket::family_138
C:\Users\enzoo\PycharmProjects\orbitshield-CV\orbitshield-acv\dataset\synthetic\rocket\rocket_family_139_var_01.png,rocket,synthetic,synthetic_rocket_family_139_var_01.jpg,synthetic::rocket::family_139
C:\Users\enzoo\PycharmProjects\orbitshield-CV\orbitshield-acv\dataset\synthetic\rocket\rocket_family_139_var_02.png,rocket,synthetic,synthetic_rocket_family_139_var_02.jpg,synthetic::rocket::family_139
C:\Users\enzoo\PycharmProjects\orbitshield-CV\orbitshield-acv\dataset\synthetic\rocket\rocket_family_139_var_03.png,rocket,synthetic,synthetic_rocket_family_139_var_03.jpg,synthetic::rocket::family_139
C:\Users\enzoo\PycharmProjects\orbitshield-CV\orbitshield-acv\dataset\synthetic\rocket\rocket_family_139_var_04.png,rocket,synthetic,synthetic_rocket_family_139_var_04.jpg,synthetic::rocket::family_139
C:\Users\enzoo\PycharmProjects\orbitshield-CV\orbitshield-acv\dataset\synthetic\rocket\rocket_family_139_var_05.png,rocket,synthetic,synthetic_rocket_family_139_var_05.jpg,synthetic::rocket::family_139
C:\Users\enzoo\PycharmProjects\orbitshield-CV\orbitshield-acv\dataset\synthetic\rocket\rocket_family_140_var_01.png,rocket,synthetic,synthetic_rocket_family_140_var_01.jpg,synthetic::rocket::family_140
C:\Users\enzoo\PycharmProjects\orbitshield-CV\orbitshield-acv\dataset\synthetic\rocket\rocket_family_140_var_02.png,rocket,synthetic,synthetic_rocket_family_140_var_02.jpg,synthetic::rocket::family_140
C:\Users\enzoo\PycharmProjects\orbitshield-CV\orbitshield-acv\dataset\synthetic\rocket\rocket_family_140_var_03.png,rocket,synthetic,synthetic_rocket_family_140_var_03.jpg,synthetic::rocket::family_140
C:\Users\enzoo\PycharmProjects\orbitshield-CV\orbitshield-acv\dataset\synthetic\rocket\rocket_family_140_var_04.png,rocket,synthetic,synthetic_rocket_family_140_var_04.jpg,synthetic::rocket::family_140
C:\Users\enzoo\PycharmProjects\orbitshield-CV\orbitshield-acv\dataset\synthetic\rocket\rocket_family_140_var_05.png,rocket,synthetic,synthetic_rocket_family_140_var_05.jpg,synthetic::rocket::family_140
C:\Users\enzoo\PycharmProjects\orbitshield-CV\orbitshield-acv\dataset\synthetic\rocket\rocket_family_141_var_01.png,rocket,synthetic,synthetic_rocket_family_141_var_01.jpg,synthetic::rocket::family_141
C:\Users\enzoo\PycharmProjects\orbitshield-CV\orbitshield-acv\dataset\synthetic\rocket\rocket_family_141_var_02.png,rocket,synthetic,synthetic_rocket_family_141_var_02.jpg,synthetic::rocket::family_141
C:\Users\enzoo\PycharmProjects\orbitshield-CV\orbitshield-acv\dataset\synthetic\rocket\rocket_family_141_var_03.png,rocket,synthetic,synthetic_rocket_family_141_var_03.jpg,synthetic::rocket::family_141
C:\Users\enzoo\PycharmProjects\orbitshield-CV\orbitshield-acv\dataset\synthetic\rocket\rocket_family_141_var_04.png,rocket,synthetic,synthetic_rocket_family_141_var_04.jpg,synthetic::rocket::family_141
C:\Users\enzoo\PycharmProjects\orbitshield-CV\orbitshield-acv\dataset\synthetic\rocket\rocket_family_141_var_05.png,rocket,synthetic,synthetic_rocket_family_141_var_05.jpg,synthetic::rocket::family_141
C:\Users\enzoo\PycharmProjects\orbitshield-CV\orbitshield-acv\dataset\synthetic\rocket\rocket_family_142_var_01.png,rocket,synthetic,synthetic_rocket_family_142_var_01.jpg,synthetic::rocket::family_142
C:\Users\enzoo\PycharmProjects\orbitshield-CV\orbitshield-acv\dataset\synthetic\rocket\rocket_family_142_var_02.png,rocket,synthetic,synthetic_rocket_family_142_var_02.jpg,synthetic::rocket::family_142
C:\Users\enzoo\PycharmProjects\orbitshield-CV\orbitshield-acv\dataset\synthetic\rocket\rocket_family_142_var_03.png,rocket,synthetic,synthetic_rocket_family_142_var_03.jpg,synthetic::rocket::family_142
C:\Users\enzoo\PycharmProjects\orbitshield-CV\orbitshield-acv\dataset\synthetic\rocket\rocket_family_142_var_04.png,rocket,synthetic,synthetic_rocket_family_142_var_04.jpg,synthetic::rocket::family_142
C:\Users\enzoo\PycharmProjects\orbitshield-CV\orbitshield-acv\dataset\synthetic\rocket\rocket_family_142_var_05.png,rocket,synthetic,synthetic_rocket_family_142_var_05.jpg,synthetic::rocket::family_142
C:\Users\enzoo\PycharmProjects\orbitshield-CV\orbitshield-acv\dataset\synthetic\rocket\rocket_family_143_var_01.png,rocket,synthetic,synthetic_rocket_family_143_var_01.jpg,synthetic::rocket::family_143
C:\Users\enzoo\PycharmProjects\orbitshield-CV\orbitshield-acv\dataset\synthetic\rocket\rocket_family_143_var_02.png,rocket,synthetic,synthetic_rocket_family_143_var_02.jpg,synthetic::rocket::family_143
C:\Users\enzoo\PycharmProjects\orbitshield-CV\orbitshield-acv\dataset\synthetic\rocket\rocket_family_143_var_03.png,rocket,synthetic,synthetic_rocket_family_143_var_03.jpg,synthetic::rocket::family_143
C:\Users\enzoo\PycharmProjects\orbitshield-CV\orbitshield-acv\dataset\synthetic\rocket\rocket_family_143_var_04.png,rocket,synthetic,synthetic_rocket_family_143_var_04.jpg,synthetic::rocket::family_143
C:\Users\enzoo\PycharmProjects\orbitshield-CV\orbitshield-acv\dataset\synthetic\rocket\rocket_family_143_var_05.png,rocket,synthetic,synthetic_rocket_family_143_var_05.jpg,synthetic::rocket::family_143
C:\Users\enzoo\PycharmProjects\orbitshield-CV\orbitshield-acv\dataset\synthetic\rocket\rocket_family_144_var_01.png,rocket,synthetic,synthetic_rocket_family_144_var_01.jpg,synthetic::rocket::family_144
C:\Users\enzoo\PycharmProjects\orbitshield-CV\orbitshield-acv\dataset\synthetic\rocket\rocket_family_144_var_02.png,rocket,synthetic,synthetic_rocket_family_144_var_02.jpg,synthetic::rocket::family_144
C:\Users\enzoo\PycharmProjects\orbitshield-CV\orbitshield-acv\dataset\synthetic\rocket\rocket_family_144_var_03.png,rocket,synthetic,synthetic_rocket_family_144_var_03.jpg,synthetic::rocket::family_144
C:\Users\enzoo\PycharmProjects\orbitshield-CV\orbitshield-acv\dataset\synthetic\rocket\rocket_family_144_var_04.png,rocket,synthetic,synthetic_rocket_family_144_var_04.jpg,synthetic::rocket::family_144
C:\Users\enzoo\PycharmProjects\orbitshield-CV\orbitshield-acv\dataset\synthetic\rocket\rocket_family_144_var_05.png,rocket,synthetic,synthetic_rocket_family_144_var_05.jpg,synthetic::rocket::family_144
C:\Users\enzoo\PycharmProjects\orbitshield-CV\orbitshield-acv\dataset\synthetic\rocket\rocket_family_145_var_01.png,rocket,synthetic,synthetic_rocket_family_145_var_01.jpg,synthetic::rocket::family_145
C:\Users\enzoo\PycharmProjects\orbitshield-CV\orbitshield-acv\dataset\synthetic\rocket\rocket_family_145_var_02.png,rocket,synthetic,synthetic_rocket_family_145_var_02.jpg,synthetic::rocket::family_145
C:\Users\enzoo\PycharmProjects\orbitshield-CV\orbitshield-acv\dataset\synthetic\rocket\rocket_family_145_var_03.png,rocket,synthetic,synthetic_rocket_family_145_var_03.jpg,synthetic::rocket::family_145
C:\Users\enzoo\PycharmProjects\orbitshield-CV\orbitshield-acv\dataset\synthetic\rocket\rocket_family_145_var_04.png,rocket,synthetic,synthetic_rocket_family_145_var_04.jpg,synthetic::rocket::family_145
C:\Users\enzoo\PycharmProjects\orbitshield-CV\orbitshield-acv\dataset\synthetic\rocket\rocket_family_145_var_05.png,rocket,synthetic,synthetic_rocket_family_145_var_05.jpg,synthetic::rocket::family_145
C:\Users\enzoo\PycharmProjects\orbitshield-CV\orbitshield-acv\dataset\synthetic\rocket\rocket_family_146_var_01.png,rocket,synthetic,synthetic_rocket_family_146_var_01.jpg,synthetic::rocket::family_146
C:\Users\enzoo\PycharmProjects\orbitshield-CV\orbitshield-acv\dataset\synthetic\rocket\rocket_family_146_var_02.png,rocket,synthetic,synthetic_rocket_family_146_var_02.jpg,synthetic::rocket::family_146
C:\Users\enzoo\PycharmProjects\orbitshield-CV\orbitshield-acv\dataset\synthetic\rocket\rocket_family_146_var_03.png,rocket,synthetic,synthetic_rocket_family_146_var_03.jpg,synthetic::rocket::family_146
C:\Users\enzoo\PycharmProjects\orbitshield-CV\orbitshield-acv\dataset\synthetic\rocket\rocket_family_146_var_04.png,rocket,synthetic,synthetic_rocket_family_146_var_04.jpg,synthetic::rocket::family_146
C:\Users\enzoo\PycharmProjects\orbitshield-CV\orbitshield-acv\dataset\synthetic\rocket\rocket_family_146_var_05.png,rocket,synthetic,synthetic_rocket_family_146_var_05.jpg,synthetic::rocket::family_146
C:\Users\enzoo\PycharmProjects\orbitshield-CV\orbitshield-acv\dataset\synthetic\rocket\rocket_family_147_var_01.png,rocket,synthetic,synthetic_rocket_family_147_var_01.jpg,synthetic::rocket::family_147
C:\Users\enzoo\PycharmProjects\orbitshield-CV\orbitshield-acv\dataset\synthetic\rocket\rocket_family_147_var_02.png,rocket,synthetic,synthetic_rocket_family_147_var_02.jpg,synthetic::rocket::family_147
C:\Users\enzoo\PycharmProjects\orbitshield-CV\orbitshield-acv\dataset\synthetic\rocket\rocket_family_147_var_03.png,rocket,synthetic,synthetic_rocket_family_147_var_03.jpg,synthetic::rocket::family_147
C:\Users\enzoo\PycharmProjects\orbitshield-CV\orbitshield-acv\dataset\synthetic\rocket\rocket_family_147_var_04.png,rocket,synthetic,synthetic_rocket_family_147_var_04.jpg,synthetic::rocket::family_147
C:\Users\enzoo\PycharmProjects\orbitshield-CV\orbitshield-acv\dataset\synthetic\rocket\rocket_family_147_var_05.png,rocket,synthetic,synthetic_rocket_family_147_var_05.jpg,synthetic::rocket::family_147
C:\Users\enzoo\PycharmProjects\orbitshield-CV\orbitshield-acv\dataset\synthetic\rocket\rocket_family_148_var_01.png,rocket,synthetic,synthetic_rocket_family_148_var_01.jpg,synthetic::rocket::family_148
C:\Users\enzoo\PycharmProjects\orbitshield-CV\orbitshield-acv\dataset\synthetic\rocket\rocket_family_148_var_02.png,rocket,synthetic,synthetic_rocket_family_148_var_02.jpg,synthetic::rocket::family_148
C:\Users\enzoo\PycharmProjects\orbitshield-CV\orbitshield-acv\dataset\synthetic\rocket\rocket_family_148_var_03.png,rocket,synthetic,synthetic_rocket_family_148_var_03.jpg,synthetic::rocket::family_148
C:\Users\enzoo\PycharmProjects\orbitshield-CV\orbitshield-acv\dataset\synthetic\rocket\rocket_family_148_var_04.png,rocket,synthetic,synthetic_rocket_family_148_var_04.jpg,synthetic::rocket::family_148
C:\Users\enzoo\PycharmProjects\orbitshield-CV\orbitshield-acv\dataset\synthetic\rocket\rocket_family_148_var_05.png,rocket,synthetic,synthetic_rocket_family_148_var_05.jpg,synthetic::rocket::family_148
C:\Users\enzoo\PycharmProjects\orbitshield-CV\orbitshield-acv\dataset\synthetic\rocket\rocket_family_149_var_01.png,rocket,synthetic,synthetic_rocket_family_149_var_01.jpg,synthetic::rocket::family_149
C:\Users\enzoo\PycharmProjects\orbitshield-CV\orbitshield-acv\dataset\synthetic\rocket\rocket_family_149_var_02.png,rocket,synthetic,synthetic_rocket_family_149_var_02.jpg,synthetic::rocket::family_149
C:\Users\enzoo\PycharmProjects\orbitshield-CV\orbitshield-acv\dataset\synthetic\rocket\rocket_family_149_var_03.png,rocket,synthetic,synthetic_rocket_family_149_var_03.jpg,synthetic::rocket::family_149
C:\Users\enzoo\PycharmProjects\orbitshield-CV\orbitshield-acv\dataset\synthetic\rocket\rocket_family_149_var_04.png,rocket,synthetic,synthetic_rocket_family_149_var_04.jpg,synthetic::rocket::family_149
C:\Users\enzoo\PycharmProjects\orbitshield-CV\orbitshield-acv\dataset\synthetic\rocket\rocket_family_149_var_05.png,rocket,synthetic,synthetic_rocket_family_149_var_05.jpg,synthetic::rocket::family_149
C:\Users\enzoo\PycharmProjects\orbitshield-CV\orbitshield-acv\dataset\synthetic\rocket\rocket_family_150_var_01.png,rocket,synthetic,synthetic_rocket_family_150_var_01.jpg,synthetic::rocket::family_150
C:\Users\enzoo\PycharmProjects\orbitshield-CV\orbitshield-acv\dataset\synthetic\rocket\rocket_family_150_var_02.png,rocket,synthetic,synthetic_rocket_family_150_var_02.jpg,synthetic::rocket::family_150
C:\Users\enzoo\PycharmProjects\orbitshield-CV\orbitshield-acv\dataset\synthetic\rocket\rocket_family_150_var_03.png,rocket,synthetic,synthetic_rocket_family_150_var_03.jpg,synthetic::rocket::family_150
C:\Users\enzoo\PycharmProjects\orbitshield-CV\orbitshield-acv\dataset\synthetic\rocket\rocket_family_150_var_04.png,rocket,synthetic,synthetic_rocket_family_150_var_04.jpg,synthetic::rocket::family_150
C:\Users\enzoo\PycharmProjects\orbitshield-CV\orbitshield-acv\dataset\synthetic\rocket\rocket_family_150_var_05.png,rocket,synthetic,synthetic_rocket_family_150_var_05.jpg,synthetic::rocket::family_150
C:\Users\enzoo\PycharmProjects\orbitshield-CV\orbitshield-acv\dataset\synthetic\rocket\rocket_family_151_var_01.png,rocket,synthetic,synthetic_rocket_family_151_var_01.jpg,synthetic::rocket::family_151
C:\Users\enzoo\PycharmProjects\orbitshield-CV\orbitshield-acv\dataset\synthetic\rocket\rocket_family_151_var_02.png,rocket,synthetic,synthetic_rocket_family_151_var_02.jpg,synthetic::rocket::family_151
C:\Users\enzoo\PycharmProjects\orbitshield-CV\orbitshield-acv\dataset\synthetic\rocket\rocket_family_151_var_03.png,rocket,synthetic,synthetic_rocket_family_151_var_03.jpg,synthetic::rocket::family_151
C:\Users\enzoo\PycharmProjects\orbitshield-CV\orbitshield-acv\dataset\synthetic\rocket\rocket_family_151_var_04.png,rocket,synthetic,synthetic_rocket_family_151_var_04.jpg,synthetic::rocket::family_151
C:\Users\enzoo\PycharmProjects\orbitshield-CV\orbitshield-acv\dataset\synthetic\rocket\rocket_family_151_var_05.png,rocket,synthetic,synthetic_rocket_family_151_var_05.jpg,synthetic::rocket::family_151
C:\Users\enzoo\PycharmProjects\orbitshield-CV\orbitshield-acv\dataset\synthetic\rocket\rocket_family_152_var_01.png,rocket,synthetic,synthetic_rocket_family_152_var_01.jpg,synthetic::rocket::family_152
C:\Users\enzoo\PycharmProjects\orbitshield-CV\orbitshield-acv\dataset\synthetic\rocket\rocket_family_152_var_02.png,rocket,synthetic,synthetic_rocket_family_152_var_02.jpg,synthetic::rocket::family_152
C:\Users\enzoo\PycharmProjects\orbitshield-CV\orbitshield-acv\dataset\synthetic\rocket\rocket_family_152_var_03.png,rocket,synthetic,synthetic_rocket_family_152_var_03.jpg,synthetic::rocket::family_152
C:\Users\enzoo\PycharmProjects\orbitshield-CV\orbitshield-acv\dataset\synthetic\rocket\rocket_family_152_var_04.png,rocket,synthetic,synthetic_rocket_family_152_var_04.jpg,synthetic::rocket::family_152
C:\Users\enzoo\PycharmProjects\orbitshield-CV\orbitshield-acv\dataset\synthetic\rocket\rocket_family_152_var_05.png,rocket,synthetic,synthetic_rocket_family_152_var_05.jpg,synthetic::rocket::family_152
C:\Users\enzoo\PycharmProjects\orbitshield-CV\orbitshield-acv\dataset\synthetic\rocket\rocket_family_153_var_01.png,rocket,synthetic,synthetic_rocket_family_153_var_01.jpg,synthetic::rocket::family_153
C:\Users\enzoo\PycharmProjects\orbitshield-CV\orbitshield-acv\dataset\synthetic\rocket\rocket_family_153_var_02.png,rocket,synthetic,synthetic_rocket_family_153_var_02.jpg,synthetic::rocket::family_153
C:\Users\enzoo\PycharmProjects\orbitshield-CV\orbitshield-acv\dataset\synthetic\rocket\rocket_family_153_var_03.png,rocket,synthetic,synthetic_rocket_family_153_var_03.jpg,synthetic::rocket::family_153
C:\Users\enzoo\PycharmProjects\orbitshield-CV\orbitshield-acv\dataset\synthetic\rocket\rocket_family_153_var_04.png,rocket,synthetic,synthetic_rocket_family_153_var_04.jpg,synthetic::rocket::family_153
C:\Users\enzoo\PycharmProjects\orbitshield-CV\orbitshield-acv\dataset\synthetic\rocket\rocket_family_153_var_05.png,rocket,synthetic,synthetic_rocket_family_153_var_05.jpg,synthetic::rocket::family_153
C:\Users\enzoo\PycharmProjects\orbitshield-CV\orbitshield-acv\dataset\synthetic\rocket\rocket_family_154_var_01.png,rocket,synthetic,synthetic_rocket_family_154_var_01.jpg,synthetic::rocket::family_154
C:\Users\enzoo\PycharmProjects\orbitshield-CV\orbitshield-acv\dataset\synthetic\rocket\rocket_family_154_var_02.png,rocket,synthetic,synthetic_rocket_family_154_var_02.jpg,synthetic::rocket::family_154
C:\Users\enzoo\PycharmProjects\orbitshield-CV\orbitshield-acv\dataset\synthetic\rocket\rocket_family_154_var_03.png,rocket,synthetic,synthetic_rocket_family_154_var_03.jpg,synthetic::rocket::family_154
C:\Users\enzoo\PycharmProjects\orbitshield-CV\orbitshield-acv\dataset\synthetic\rocket\rocket_family_154_var_04.png,rocket,synthetic,synthetic_rocket_family_154_var_04.jpg,synthetic::rocket::family_154
C:\Users\enzoo\PycharmProjects\orbitshield-CV\orbitshield-acv\dataset\synthetic\rocket\rocket_family_154_var_05.png,rocket,synthetic,synthetic_rocket_family_154_var_05.jpg,synthetic::rocket::family_154
C:\Users\enzoo\PycharmProjects\orbitshield-CV\orbitshield-acv\dataset\synthetic\rocket\rocket_family_155_var_01.png,rocket,synthetic,synthetic_rocket_family_155_var_01.jpg,synthetic::rocket::family_155
C:\Users\enzoo\PycharmProjects\orbitshield-CV\orbitshield-acv\dataset\synthetic\rocket\rocket_family_155_var_02.png,rocket,synthetic,synthetic_rocket_family_155_var_02.jpg,synthetic::rocket::family_155
C:\Users\enzoo\PycharmProjects\orbitshield-CV\orbitshield-acv\dataset\synthetic\rocket\rocket_family_155_var_03.png,rocket,synthetic,synthetic_rocket_family_155_var_03.jpg,synthetic::rocket::family_155
C:\Users\enzoo\PycharmProjects\orbitshield-CV\orbitshield-acv\dataset\synthetic\rocket\rocket_family_155_var_04.png,rocket,synthetic,synthetic_rocket_family_155_var_04.jpg,synthetic::rocket::family_155
C:\Users\enzoo\PycharmProjects\orbitshield-CV\orbitshield-acv\dataset\synthetic\rocket\rocket_family_155_var_05.png,rocket,synthetic,synthetic_rocket_family_155_var_05.jpg,synthetic::rocket::family_155
C:\Users\enzoo\PycharmProjects\orbitshield-CV\orbitshield-acv\dataset\synthetic\rocket\rocket_family_156_var_01.png,rocket,synthetic,synthetic_rocket_family_156_var_01.jpg,synthetic::rocket::family_156
C:\Users\enzoo\PycharmProjects\orbitshield-CV\orbitshield-acv\dataset\synthetic\rocket\rocket_family_156_var_02.png,rocket,synthetic,synthetic_rocket_family_156_var_02.jpg,synthetic::rocket::family_156
C:\Users\enzoo\PycharmProjects\orbitshield-CV\orbitshield-acv\dataset\synthetic\rocket\rocket_family_156_var_03.png,rocket,synthetic,synthetic_rocket_family_156_var_03.jpg,synthetic::rocket::family_156
C:\Users\enzoo\PycharmProjects\orbitshield-CV\orbitshield-acv\dataset\synthetic\rocket\rocket_family_156_var_04.png,rocket,synthetic,synthetic_rocket_family_156_var_04.jpg,synthetic::rocket::family_156
C:\Users\enzoo\PycharmProjects\orbitshield-CV\orbitshield-acv\dataset\synthetic\rocket\rocket_family_156_var_05.png,rocket,synthetic,synthetic_rocket_family_156_var_05.jpg,synthetic::rocket::family_156
C:\Users\enzoo\PycharmProjects\orbitshield-CV\orbitshield-acv\dataset\synthetic\rocket\rocket_family_157_var_01.png,rocket,synthetic,synthetic_rocket_family_157_var_01.jpg,synthetic::rocket::family_157
C:\Users\enzoo\PycharmProjects\orbitshield-CV\orbitshield-acv\dataset\synthetic\rocket\rocket_family_157_var_02.png,rocket,synthetic,synthetic_rocket_family_157_var_02.jpg,synthetic::rocket::family_157
C:\Users\enzoo\PycharmProjects\orbitshield-CV\orbitshield-acv\dataset\synthetic\rocket\rocket_family_157_var_03.png,rocket,synthetic,synthetic_rocket_family_157_var_03.jpg,synthetic::rocket::family_157
C:\Users\enzoo\PycharmProjects\orbitshield-CV\orbitshield-acv\dataset\synthetic\rocket\rocket_family_157_var_04.png,rocket,synthetic,synthetic_rocket_family_157_var_04.jpg,synthetic::rocket::family_157
C:\Users\enzoo\PycharmProjects\orbitshield-CV\orbitshield-acv\dataset\synthetic\rocket\rocket_family_157_var_05.png,rocket,synthetic,synthetic_rocket_family_157_var_05.jpg,synthetic::rocket::family_157
C:\Users\enzoo\PycharmProjects\orbitshield-CV\orbitshield-acv\dataset\synthetic\rocket\rocket_family_158_var_01.png,rocket,synthetic,synthetic_rocket_family_158_var_01.jpg,synthetic::rocket::family_158
C:\Users\enzoo\PycharmProjects\orbitshield-CV\orbitshield-acv\dataset\synthetic\rocket\rocket_family_158_var_02.png,rocket,synthetic,synthetic_rocket_family_158_var_02.jpg,synthetic::rocket::family_158
C:\Users\enzoo\PycharmProjects\orbitshield-CV\orbitshield-acv\dataset\synthetic\rocket\rocket_family_158_var_03.png,rocket,synthetic,synthetic_rocket_family_158_var_03.jpg,synthetic::rocket::family_158
C:\Users\enzoo\PycharmProjects\orbitshield-CV\orbitshield-acv\dataset\synthetic\rocket\rocket_family_158_var_04.png,rocket,synthetic,synthetic_rocket_family_158_var_04.jpg,synthetic::rocket::family_158
C:\Users\enzoo\PycharmProjects\orbitshield-CV\orbitshield-acv\dataset\synthetic\rocket\rocket_family_158_var_05.png,rocket,synthetic,synthetic_rocket_family_158_var_05.jpg,synthetic::rocket::family_158
C:\Users\enzoo\PycharmProjects\orbitshield-CV\orbitshield-acv\dataset\synthetic\rocket\rocket_family_159_var_01.png,rocket,synthetic,synthetic_rocket_family_159_var_01.jpg,synthetic::rocket::family_159
C:\Users\enzoo\PycharmProjects\orbitshield-CV\orbitshield-acv\dataset\synthetic\rocket\rocket_family_159_var_02.png,rocket,synthetic,synthetic_rocket_family_159_var_02.jpg,synthetic::rocket::family_159
C:\Users\enzoo\PycharmProjects\orbitshield-CV\orbitshield-acv\dataset\synthetic\rocket\rocket_family_159_var_03.png,rocket,synthetic,synthetic_rocket_family_159_var_03.jpg,synthetic::rocket::family_159
C:\Users\enzoo\PycharmProjects\orbitshield-CV\orbitshield-acv\dataset\synthetic\rocket\rocket_family_159_var_04.png,rocket,synthetic,synthetic_rocket_family_159_var_04.jpg,synthetic::rocket::family_159
C:\Users\enzoo\PycharmProjects\orbitshield-CV\orbitshield-acv\dataset\synthetic\rocket\rocket_family_159_var_05.png,rocket,synthetic,synthetic_rocket_family_159_var_05.jpg,synthetic::rocket::family_159
C:\Users\enzoo\PycharmProjects\orbitshield-CV\orbitshield-acv\dataset\synthetic\rocket\rocket_family_160_var_01.png,rocket,synthetic,synthetic_rocket_family_160_var_01.jpg,synthetic::rocket::family_160
C:\Users\enzoo\PycharmProjects\orbitshield-CV\orbitshield-acv\dataset\synthetic\rocket\rocket_family_160_var_02.png,rocket,synthetic,synthetic_rocket_family_160_var_02.jpg,synthetic::rocket::family_160
C:\Users\enzoo\PycharmProjects\orbitshield-CV\orbitshield-acv\dataset\synthetic\rocket\rocket_family_160_var_03.png,rocket,synthetic,synthetic_rocket_family_160_var_03.jpg,synthetic::rocket::family_160
C:\Users\enzoo\PycharmProjects\orbitshield-CV\orbitshield-acv\dataset\synthetic\rocket\rocket_family_160_var_04.png,rocket,synthetic,synthetic_rocket_family_160_var_04.jpg,synthetic::rocket::family_160
C:\Users\enzoo\PycharmProjects\orbitshield-CV\orbitshield-acv\dataset\synthetic\rocket\rocket_family_160_var_05.png,rocket,synthetic,synthetic_rocket_family_160_var_05.jpg,synthetic::rocket::family_160
C:\Users\enzoo\PycharmProjects\orbitshield-CV\orbitshield-acv\dataset\synthetic\rocket\rocket_family_161_var_01.png,rocket,synthetic,synthetic_rocket_family_161_var_01.jpg,synthetic::rocket::family_161
C:\Users\enzoo\PycharmProjects\orbitshield-CV\orbitshield-acv\dataset\synthetic\rocket\rocket_family_161_var_02.png,rocket,synthetic,synthetic_rocket_family_161_var_02.jpg,synthetic::rocket::family_161
C:\Users\enzoo\PycharmProjects\orbitshield-CV\orbitshield-acv\dataset\synthetic\rocket\rocket_family_161_var_03.png,rocket,synthetic,synthetic_rocket_family_161_var_03.jpg,synthetic::rocket::family_161
C:\Users\enzoo\PycharmProjects\orbitshield-CV\orbitshield-acv\dataset\synthetic\rocket\rocket_family_161_var_04.png,rocket,synthetic,synthetic_rocket_family_161_var_04.jpg,synthetic::rocket::family_161
C:\Users\enzoo\PycharmProjects\orbitshield-CV\orbitshield-acv\dataset\synthetic\rocket\rocket_family_161_var_05.png,rocket,synthetic,synthetic_rocket_family_161_var_05.jpg,synthetic::rocket::family_161
C:\Users\enzoo\PycharmProjects\orbitshield-CV\orbitshield-acv\dataset\synthetic\rocket\rocket_family_162_var_01.png,rocket,synthetic,synthetic_rocket_family_162_var_01.jpg,synthetic::rocket::family_162
C:\Users\enzoo\PycharmProjects\orbitshield-CV\orbitshield-acv\dataset\synthetic\rocket\rocket_family_162_var_02.png,rocket,synthetic,synthetic_rocket_family_162_var_02.jpg,synthetic::rocket::family_162
C:\Users\enzoo\PycharmProjects\orbitshield-CV\orbitshield-acv\dataset\synthetic\rocket\rocket_family_162_var_03.png,rocket,synthetic,synthetic_rocket_family_162_var_03.jpg,synthetic::rocket::family_162
C:\Users\enzoo\PycharmProjects\orbitshield-CV\orbitshield-acv\dataset\synthetic\rocket\rocket_family_162_var_04.png,rocket,synthetic,synthetic_rocket_family_162_var_04.jpg,synthetic::rocket::family_162
C:\Users\enzoo\PycharmProjects\orbitshield-CV\orbitshield-acv\dataset\synthetic\rocket\rocket_family_162_var_05.png,rocket,synthetic,synthetic_rocket_family_162_var_05.jpg,synthetic::rocket::family_162
C:\Users\enzoo\PycharmProjects\orbitshield-CV\orbitshield-acv\dataset\synthetic\rocket\rocket_family_163_var_01.png,rocket,synthetic,synthetic_rocket_family_163_var_01.jpg,synthetic::rocket::family_163
C:\Users\enzoo\PycharmProjects\orbitshield-CV\orbitshield-acv\dataset\synthetic\rocket\rocket_family_163_var_02.png,rocket,synthetic,synthetic_rocket_family_163_var_02.jpg,synthetic::rocket::family_163
C:\Users\enzoo\PycharmProjects\orbitshield-CV\orbitshield-acv\dataset\synthetic\rocket\rocket_family_163_var_03.png,rocket,synthetic,synthetic_rocket_family_163_var_03.jpg,synthetic::rocket::family_163
C:\Users\enzoo\PycharmProjects\orbitshield-CV\orbitshield-acv\dataset\synthetic\rocket\rocket_family_163_var_04.png,rocket,synthetic,synthetic_rocket_family_163_var_04.jpg,synthetic::rocket::family_163
C:\Users\enzoo\PycharmProjects\orbitshield-CV\orbitshield-acv\dataset\synthetic\rocket\rocket_family_163_var_05.png,rocket,synthetic,synthetic_rocket_family_163_var_05.jpg,synthetic::rocket::family_163
C:\Users\enzoo\PycharmProjects\orbitshield-CV\orbitshield-acv\dataset\synthetic\rocket\rocket_family_164_var_01.png,rocket,synthetic,synthetic_rocket_family_164_var_01.jpg,synthetic::rocket::family_164
C:\Users\enzoo\PycharmProjects\orbitshield-CV\orbitshield-acv\dataset\synthetic\rocket\rocket_family_164_var_02.png,rocket,synthetic,synthetic_rocket_family_164_var_02.jpg,synthetic::rocket::family_164
C:\Users\enzoo\PycharmProjects\orbitshield-CV\orbitshield-acv\dataset\synthetic\rocket\rocket_family_164_var_03.png,rocket,synthetic,synthetic_rocket_family_164_var_03.jpg,synthetic::rocket::family_164
C:\Users\enzoo\PycharmProjects\orbitshield-CV\orbitshield-acv\dataset\synthetic\rocket\rocket_family_164_var_04.png,rocket,synthetic,synthetic_rocket_family_164_var_04.jpg,synthetic::rocket::family_164
C:\Users\enzoo\PycharmProjects\orbitshield-CV\orbitshield-acv\dataset\synthetic\rocket\rocket_family_164_var_05.png,rocket,synthetic,synthetic_rocket_family_164_var_05.jpg,synthetic::rocket::family_164
C:\Users\enzoo\PycharmProjects\orbitshield-CV\orbitshield-acv\dataset\synthetic\rocket\rocket_family_165_var_01.png,rocket,synthetic,synthetic_rocket_family_165_var_01.jpg,synthetic::rocket::family_165
C:\Users\enzoo\PycharmProjects\orbitshield-CV\orbitshield-acv\dataset\synthetic\rocket\rocket_family_165_var_02.png,rocket,synthetic,synthetic_rocket_family_165_var_02.jpg,synthetic::rocket::family_165
C:\Users\enzoo\PycharmProjects\orbitshield-CV\orbitshield-acv\dataset\synthetic\rocket\rocket_family_165_var_03.png,rocket,synthetic,synthetic_rocket_family_165_var_03.jpg,synthetic::rocket::family_165
C:\Users\enzoo\PycharmProjects\orbitshield-CV\orbitshield-acv\dataset\synthetic\rocket\rocket_family_165_var_04.png,rocket,synthetic,synthetic_rocket_family_165_var_04.jpg,synthetic::rocket::family_165
C:\Users\enzoo\PycharmProjects\orbitshield-CV\orbitshield-acv\dataset\synthetic\rocket\rocket_family_165_var_05.png,rocket,synthetic,synthetic_rocket_family_165_var_05.jpg,synthetic::rocket::family_165
C:\Users\enzoo\PycharmProjects\orbitshield-CV\orbitshield-acv\dataset\synthetic\rocket\rocket_family_166_var_01.png,rocket,synthetic,synthetic_rocket_family_166_var_01.jpg,synthetic::rocket::family_166
C:\Users\enzoo\PycharmProjects\orbitshield-CV\orbitshield-acv\dataset\synthetic\rocket\rocket_family_166_var_02.png,rocket,synthetic,synthetic_rocket_family_166_var_02.jpg,synthetic::rocket::family_166
C:\Users\enzoo\PycharmProjects\orbitshield-CV\orbitshield-acv\dataset\synthetic\rocket\rocket_family_166_var_03.png,rocket,synthetic,synthetic_rocket_family_166_var_03.jpg,synthetic::rocket::family_166
C:\Users\enzoo\PycharmProjects\orbitshield-CV\orbitshield-acv\dataset\synthetic\rocket\rocket_family_166_var_04.png,rocket,synthetic,synthetic_rocket_family_166_var_04.jpg,synthetic::rocket::family_166
C:\Users\enzoo\PycharmProjects\orbitshield-CV\orbitshield-acv\dataset\synthetic\rocket\rocket_family_166_var_05.png,rocket,synthetic,synthetic_rocket_family_166_var_05.jpg,synthetic::rocket::family_166
C:\Users\enzoo\PycharmProjects\orbitshield-CV\orbitshield-acv\dataset\synthetic\rocket\rocket_family_167_var_01.png,rocket,synthetic,synthetic_rocket_family_167_var_01.jpg,synthetic::rocket::family_167
C:\Users\enzoo\PycharmProjects\orbitshield-CV\orbitshield-acv\dataset\synthetic\rocket\rocket_family_167_var_02.png,rocket,synthetic,synthetic_rocket_family_167_var_02.jpg,synthetic::rocket::family_167
C:\Users\enzoo\PycharmProjects\orbitshield-CV\orbitshield-acv\dataset\synthetic\rocket\rocket_family_167_var_03.png,rocket,synthetic,synthetic_rocket_family_167_var_03.jpg,synthetic::rocket::family_167
C:\Users\enzoo\PycharmProjects\orbitshield-CV\orbitshield-acv\dataset\synthetic\rocket\rocket_family_167_var_04.png,rocket,synthetic,synthetic_rocket_family_167_var_04.jpg,synthetic::rocket::family_167
C:\Users\enzoo\PycharmProjects\orbitshield-CV\orbitshield-acv\dataset\synthetic\rocket\rocket_family_167_var_05.png,rocket,synthetic,synthetic_rocket_family_167_var_05.jpg,synthetic::rocket::family_167
C:\Users\enzoo\PycharmProjects\orbitshield-CV\orbitshield-acv\dataset\synthetic\rocket\rocket_family_168_var_01.png,rocket,synthetic,synthetic_rocket_family_168_var_01.jpg,synthetic::rocket::family_168
C:\Users\enzoo\PycharmProjects\orbitshield-CV\orbitshield-acv\dataset\synthetic\rocket\rocket_family_168_var_02.png,rocket,synthetic,synthetic_rocket_family_168_var_02.jpg,synthetic::rocket::family_168
C:\Users\enzoo\PycharmProjects\orbitshield-CV\orbitshield-acv\dataset\synthetic\rocket\rocket_family_168_var_03.png,rocket,synthetic,synthetic_rocket_family_168_var_03.jpg,synthetic::rocket::family_168
C:\Users\enzoo\PycharmProjects\orbitshield-CV\orbitshield-acv\dataset\synthetic\rocket\rocket_family_168_var_04.png,rocket,synthetic,synthetic_rocket_family_168_var_04.jpg,synthetic::rocket::family_168
C:\Users\enzoo\PycharmProjects\orbitshield-CV\orbitshield-acv\dataset\synthetic\rocket\rocket_family_168_var_05.png,rocket,synthetic,synthetic_rocket_family_168_var_05.jpg,synthetic::rocket::family_168
C:\Users\enzoo\PycharmProjects\orbitshield-CV\orbitshield-acv\dataset\synthetic\rocket\rocket_family_169_var_01.png,rocket,synthetic,synthetic_rocket_family_169_var_01.jpg,synthetic::rocket::family_169
C:\Users\enzoo\PycharmProjects\orbitshield-CV\orbitshield-acv\dataset\synthetic\rocket\rocket_family_169_var_02.png,rocket,synthetic,synthetic_rocket_family_169_var_02.jpg,synthetic::rocket::family_169
C:\Users\enzoo\PycharmProjects\orbitshield-CV\orbitshield-acv\dataset\synthetic\rocket\rocket_family_169_var_03.png,rocket,synthetic,synthetic_rocket_family_169_var_03.jpg,synthetic::rocket::family_169
C:\Users\enzoo\PycharmProjects\orbitshield-CV\orbitshield-acv\dataset\synthetic\rocket\rocket_family_169_var_04.png,rocket,synthetic,synthetic_rocket_family_169_var_04.jpg,synthetic::rocket::family_169
C:\Users\enzoo\PycharmProjects\orbitshield-CV\orbitshield-acv\dataset\synthetic\rocket\rocket_family_169_var_05.png,rocket,synthetic,synthetic_rocket_family_169_var_05.jpg,synthetic::rocket::family_169
C:\Users\enzoo\PycharmProjects\orbitshield-CV\orbitshield-acv\dataset\synthetic\rocket\rocket_family_170_var_01.png,rocket,synthetic,synthetic_rocket_family_170_var_01.jpg,synthetic::rocket::family_170
C:\Users\enzoo\PycharmProjects\orbitshield-CV\orbitshield-acv\dataset\synthetic\rocket\rocket_family_170_var_02.png,rocket,synthetic,synthetic_rocket_family_170_var_02.jpg,synthetic::rocket::family_170
C:\Users\enzoo\PycharmProjects\orbitshield-CV\orbitshield-acv\dataset\synthetic\rocket\rocket_family_170_var_03.png,rocket,synthetic,synthetic_rocket_family_170_var_03.jpg,synthetic::rocket::family_170
C:\Users\enzoo\PycharmProjects\orbitshield-CV\orbitshield-acv\dataset\synthetic\rocket\rocket_family_170_var_04.png,rocket,synthetic,synthetic_rocket_family_170_var_04.jpg,synthetic::rocket::family_170
C:\Users\enzoo\PycharmProjects\orbitshield-CV\orbitshield-acv\dataset\synthetic\rocket\rocket_family_170_var_05.png,rocket,synthetic,synthetic_rocket_family_170_var_05.jpg,synthetic::rocket::family_170
C:\Users\enzoo\PycharmProjects\orbitshield-CV\orbitshield-acv\dataset\synthetic\rocket\rocket_family_171_var_01.png,rocket,synthetic,synthetic_rocket_family_171_var_01.jpg,synthetic::rocket::family_171
C:\Users\enzoo\PycharmProjects\orbitshield-CV\orbitshield-acv\dataset\synthetic\rocket\rocket_family_171_var_02.png,rocket,synthetic,synthetic_rocket_family_171_var_02.jpg,synthetic::rocket::family_171
C:\Users\enzoo\PycharmProjects\orbitshield-CV\orbitshield-acv\dataset\synthetic\rocket\rocket_family_171_var_03.png,rocket,synthetic,synthetic_rocket_family_171_var_03.jpg,synthetic::rocket::family_171
C:\Users\enzoo\PycharmProjects\orbitshield-CV\orbitshield-acv\dataset\synthetic\rocket\rocket_family_171_var_04.png,rocket,synthetic,synthetic_rocket_family_171_var_04.jpg,synthetic::rocket::family_171
C:\Users\enzoo\PycharmProjects\orbitshield-CV\orbitshield-acv\dataset\synthetic\rocket\rocket_family_171_var_05.png,rocket,synthetic,synthetic_rocket_family_171_var_05.jpg,synthetic::rocket::family_171
C:\Users\enzoo\PycharmProjects\orbitshield-CV\orbitshield-acv\dataset\synthetic\rocket\rocket_family_172_var_01.png,rocket,synthetic,synthetic_rocket_family_172_var_01.jpg,synthetic::rocket::family_172
C:\Users\enzoo\PycharmProjects\orbitshield-CV\orbitshield-acv\dataset\synthetic\rocket\rocket_family_172_var_02.png,rocket,synthetic,synthetic_rocket_family_172_var_02.jpg,synthetic::rocket::family_172
C:\Users\enzoo\PycharmProjects\orbitshield-CV\orbitshield-acv\dataset\synthetic\rocket\rocket_family_172_var_03.png,rocket,synthetic,synthetic_rocket_family_172_var_03.jpg,synthetic::rocket::family_172
C:\Users\enzoo\PycharmProjects\orbitshield-CV\orbitshield-acv\dataset\synthetic\rocket\rocket_family_172_var_04.png,rocket,synthetic,synthetic_rocket_family_172_var_04.jpg,synthetic::rocket::family_172
C:\Users\enzoo\PycharmProjects\orbitshield-CV\orbitshield-acv\dataset\synthetic\rocket\rocket_family_172_var_05.png,rocket,synthetic,synthetic_rocket_family_172_var_05.jpg,synthetic::rocket::family_172
C:\Users\enzoo\PycharmProjects\orbitshield-CV\orbitshield-acv\dataset\synthetic\rocket\rocket_family_173_var_01.png,rocket,synthetic,synthetic_rocket_family_173_var_01.jpg,synthetic::rocket::family_173
C:\Users\enzoo\PycharmProjects\orbitshield-CV\orbitshield-acv\dataset\synthetic\rocket\rocket_family_173_var_02.png,rocket,synthetic,synthetic_rocket_family_173_var_02.jpg,synthetic::rocket::family_173
C:\Users\enzoo\PycharmProjects\orbitshield-CV\orbitshield-acv\dataset\synthetic\rocket\rocket_family_173_var_03.png,rocket,synthetic,synthetic_rocket_family_173_var_03.jpg,synthetic::rocket::family_173
C:\Users\enzoo\PycharmProjects\orbitshield-CV\orbitshield-acv\dataset\synthetic\rocket\rocket_family_173_var_04.png,rocket,synthetic,synthetic_rocket_family_173_var_04.jpg,synthetic::rocket::family_173
C:\Users\enzoo\PycharmProjects\orbitshield-CV\orbitshield-acv\dataset\synthetic\rocket\rocket_family_173_var_05.png,rocket,synthetic,synthetic_rocket_family_173_var_05.jpg,synthetic::rocket::family_173
C:\Users\enzoo\PycharmProjects\orbitshield-CV\orbitshield-acv\dataset\synthetic\rocket\rocket_family_174_var_01.png,rocket,synthetic,synthetic_rocket_family_174_var_01.jpg,synthetic::rocket::family_174
C:\Users\enzoo\PycharmProjects\orbitshield-CV\orbitshield-acv\dataset\synthetic\rocket\rocket_family_174_var_02.png,rocket,synthetic,synthetic_rocket_family_174_var_02.jpg,synthetic::rocket::family_174
C:\Users\enzoo\PycharmProjects\orbitshield-CV\orbitshield-acv\dataset\synthetic\rocket\rocket_family_174_var_03.png,rocket,synthetic,synthetic_rocket_family_174_var_03.jpg,synthetic::rocket::family_174
C:\Users\enzoo\PycharmProjects\orbitshield-CV\orbitshield-acv\dataset\synthetic\rocket\rocket_family_174_var_04.png,rocket,synthetic,synthetic_rocket_family_174_var_04.jpg,synthetic::rocket::family_174
C:\Users\enzoo\PycharmProjects\orbitshield-CV\orbitshield-acv\dataset\synthetic\rocket\rocket_family_174_var_05.png,rocket,synthetic,synthetic_rocket_family_174_var_05.jpg,synthetic::rocket::family_174
C:\Users\enzoo\PycharmProjects\orbitshield-CV\orbitshield-acv\dataset\synthetic\rocket\rocket_family_175_var_01.png,rocket,synthetic,synthetic_rocket_family_175_var_01.jpg,synthetic::rocket::family_175
C:\Users\enzoo\PycharmProjects\orbitshield-CV\orbitshield-acv\dataset\synthetic\rocket\rocket_family_175_var_02.png,rocket,synthetic,synthetic_rocket_family_175_var_02.jpg,synthetic::rocket::family_175
C:\Users\enzoo\PycharmProjects\orbitshield-CV\orbitshield-acv\dataset\synthetic\rocket\rocket_family_175_var_03.png,rocket,synthetic,synthetic_rocket_family_175_var_03.jpg,synthetic::rocket::family_175
C:\Users\enzoo\PycharmProjects\orbitshield-CV\orbitshield-acv\dataset\synthetic\rocket\rocket_family_175_var_04.png,rocket,synthetic,synthetic_rocket_family_175_var_04.jpg,synthetic::rocket::family_175
C:\Users\enzoo\PycharmProjects\orbitshield-CV\orbitshield-acv\dataset\synthetic\rocket\rocket_family_175_var_05.png,rocket,synthetic,synthetic_rocket_family_175_var_05.jpg,synthetic::rocket::family_175
C:\Users\enzoo\PycharmProjects\orbitshield-CV\orbitshield-acv\dataset\synthetic\rocket\rocket_family_176_var_01.png,rocket,synthetic,synthetic_rocket_family_176_var_01.jpg,synthetic::rocket::family_176
C:\Users\enzoo\PycharmProjects\orbitshield-CV\orbitshield-acv\dataset\synthetic\rocket\rocket_family_176_var_02.png,rocket,synthetic,synthetic_rocket_family_176_var_02.jpg,synthetic::rocket::family_176
C:\Users\enzoo\PycharmProjects\orbitshield-CV\orbitshield-acv\dataset\synthetic\rocket\rocket_family_176_var_03.png,rocket,synthetic,synthetic_rocket_family_176_var_03.jpg,synthetic::rocket::family_176
C:\Users\enzoo\PycharmProjects\orbitshield-CV\orbitshield-acv\dataset\synthetic\rocket\rocket_family_176_var_04.png,rocket,synthetic,synthetic_rocket_family_176_var_04.jpg,synthetic::rocket::family_176
C:\Users\enzoo\PycharmProjects\orbitshield-CV\orbitshield-acv\dataset\synthetic\rocket\rocket_family_176_var_05.png,rocket,synthetic,synthetic_rocket_family_176_var_05.jpg,synthetic::rocket::family_176
C:\Users\enzoo\PycharmProjects\orbitshield-CV\orbitshield-acv\dataset\synthetic\rocket\rocket_family_177_var_01.png,rocket,synthetic,synthetic_rocket_family_177_var_01.jpg,synthetic::rocket::family_177
C:\Users\enzoo\PycharmProjects\orbitshield-CV\orbitshield-acv\dataset\synthetic\rocket\rocket_family_177_var_02.png,rocket,synthetic,synthetic_rocket_family_177_var_02.jpg,synthetic::rocket::family_177
C:\Users\enzoo\PycharmProjects\orbitshield-CV\orbitshield-acv\dataset\synthetic\rocket\rocket_family_177_var_03.png,rocket,synthetic,synthetic_rocket_family_177_var_03.jpg,synthetic::rocket::family_177
C:\Users\enzoo\PycharmProjects\orbitshield-CV\orbitshield-acv\dataset\synthetic\rocket\rocket_family_177_var_04.png,rocket,synthetic,synthetic_rocket_family_177_var_04.jpg,synthetic::rocket::family_177
C:\Users\enzoo\PycharmProjects\orbitshield-CV\orbitshield-acv\dataset\synthetic\rocket\rocket_family_177_var_05.png,rocket,synthetic,synthetic_rocket_family_177_var_05.jpg,synthetic::rocket::family_177
C:\Users\enzoo\PycharmProjects\orbitshield-CV\orbitshield-acv\dataset\synthetic\rocket\rocket_family_178_var_01.png,rocket,synthetic,synthetic_rocket_family_178_var_01.jpg,synthetic::rocket::family_178
C:\Users\enzoo\PycharmProjects\orbitshield-CV\orbitshield-acv\dataset\synthetic\rocket\rocket_family_178_var_02.png,rocket,synthetic,synthetic_rocket_family_178_var_02.jpg,synthetic::rocket::family_178
C:\Users\enzoo\PycharmProjects\orbitshield-CV\orbitshield-acv\dataset\synthetic\rocket\rocket_family_178_var_03.png,rocket,synthetic,synthetic_rocket_family_178_var_03.jpg,synthetic::rocket::family_178
C:\Users\enzoo\PycharmProjects\orbitshield-CV\orbitshield-acv\dataset\synthetic\rocket\rocket_family_178_var_04.png,rocket,synthetic,synthetic_rocket_family_178_var_04.jpg,synthetic::rocket::family_178
C:\Users\enzoo\PycharmProjects\orbitshield-CV\orbitshield-acv\dataset\synthetic\rocket\rocket_family_178_var_05.png,rocket,synthetic,synthetic_rocket_family_178_var_05.jpg,synthetic::rocket::family_178
C:\Users\enzoo\PycharmProjects\orbitshield-CV\orbitshield-acv\dataset\synthetic\rocket\rocket_family_179_var_01.png,rocket,synthetic,synthetic_rocket_family_179_var_01.jpg,synthetic::rocket::family_179
C:\Users\enzoo\PycharmProjects\orbitshield-CV\orbitshield-acv\dataset\synthetic\rocket\rocket_family_179_var_02.png,rocket,synthetic,synthetic_rocket_family_179_var_02.jpg,synthetic::rocket::family_179
C:\Users\enzoo\PycharmProjects\orbitshield-CV\orbitshield-acv\dataset\synthetic\rocket\rocket_family_179_var_03.png,rocket,synthetic,synthetic_rocket_family_179_var_03.jpg,synthetic::rocket::family_179
C:\Users\enzoo\PycharmProjects\orbitshield-CV\orbitshield-acv\dataset\synthetic\rocket\rocket_family_179_var_04.png,rocket,synthetic,synthetic_rocket_family_179_var_04.jpg,synthetic::rocket::family_179
C:\Users\enzoo\PycharmProjects\orbitshield-CV\orbitshield-acv\dataset\synthetic\rocket\rocket_family_179_var_05.png,rocket,synthetic,synthetic_rocket_family_179_var_05.jpg,synthetic::rocket::family_179
C:\Users\enzoo\PycharmProjects\orbitshield-CV\orbitshield-acv\dataset\synthetic\rocket\rocket_family_180_var_01.png,rocket,synthetic,synthetic_rocket_family_180_var_01.jpg,synthetic::rocket::family_180
C:\Users\enzoo\PycharmProjects\orbitshield-CV\orbitshield-acv\dataset\synthetic\rocket\rocket_family_180_var_02.png,rocket,synthetic,synthetic_rocket_family_180_var_02.jpg,synthetic::rocket::family_180
C:\Users\enzoo\PycharmProjects\orbitshield-CV\orbitshield-acv\dataset\synthetic\rocket\rocket_family_180_var_03.png,rocket,synthetic,synthetic_rocket_family_180_var_03.jpg,synthetic::rocket::family_180
C:\Users\enzoo\PycharmProjects\orbitshield-CV\orbitshield-acv\dataset\synthetic\rocket\rocket_family_180_var_04.png,rocket,synthetic,synthetic_rocket_family_180_var_04.jpg,synthetic::rocket::family_180
C:\Users\enzoo\PycharmProjects\orbitshield-CV\orbitshield-acv\dataset\synthetic\rocket\rocket_family_180_var_05.png,rocket,synthetic,synthetic_rocket_family_180_var_05.jpg,synthetic::rocket::family_180
C:\Users\enzoo\PycharmProjects\orbitshield-CV\orbitshield-acv\dataset\raw\satellite\01pp1018.jpg,satellite,real,real_01pp1018.jpg,real::satellite::01pp1018
C:\Users\enzoo\PycharmProjects\orbitshield-CV\orbitshield-acv\dataset\raw\satellite\01pp1022.jpg,satellite,real,real_01pp1022.jpg,real::satellite::01pp1022
C:\Users\enzoo\PycharmProjects\orbitshield-CV\orbitshield-acv\dataset\raw\satellite\02pd0112.jpg,satellite,real,real_02pd0112.jpg,real::satellite::02pd0112
C:\Users\enzoo\PycharmProjects\orbitshield-CV\orbitshield-acv\dataset\raw\satellite\02pd0151.jpg,satellite,real,real_02pd0151.jpg,real::satellite::02pd0151
C:\Users\enzoo\PycharmProjects\orbitshield-CV\orbitshield-acv\dataset\raw\satellite\02pd0171.jpg,satellite,real,real_02pd0171.jpg,real::satellite::02pd0171
C:\Users\enzoo\PycharmProjects\orbitshield-CV\orbitshield-acv\dataset\raw\satellite\02pd0175.jpg,satellite,real,real_02pd0175.jpg,real::satellite::02pd0175
C:\Users\enzoo\PycharmProjects\orbitshield-CV\orbitshield-acv\dataset\raw\satellite\02pd0179.jpg,satellite,real,real_02pd0179.jpg,real::satellite::02pd0179
C:\Users\enzoo\PycharmProjects\orbitshield-CV\orbitshield-acv\dataset\raw\satellite\02pd0180.jpg,satellite,real,real_02pd0180.jpg,real::satellite::02pd0180
C:\Users\enzoo\PycharmProjects\orbitshield-CV\orbitshield-acv\dataset\raw\satellite\02pd0253.jpg,satellite,real,real_02pd0253.jpg,real::satellite::02pd0253
C:\Users\enzoo\PycharmProjects\orbitshield-CV\orbitshield-acv\dataset\raw\satellite\02pd0257.jpg,satellite,real,real_02pd0257.jpg,real::satellite::02pd0257
C:\Users\enzoo\PycharmProjects\orbitshield-CV\orbitshield-acv\dataset\raw\satellite\05pd0386.jpg,satellite,real,real_05pd0386.jpg,real::satellite::05pd0386
C:\Users\enzoo\PycharmProjects\orbitshield-CV\orbitshield-acv\dataset\raw\satellite\05pd0391.jpg,satellite,real,real_05pd0391.jpg,real::satellite::05pd0391
C:\Users\enzoo\PycharmProjects\orbitshield-CV\orbitshield-acv\dataset\raw\satellite\05pd0392.jpg,satellite,real,real_05pd0392.jpg,real::satellite::05pd0392
C:\Users\enzoo\PycharmProjects\orbitshield-CV\orbitshield-acv\dataset\raw\satellite\05pd0394.jpg,satellite,real,real_05pd0394.jpg,real::satellite::05pd0394
C:\Users\enzoo\PycharmProjects\orbitshield-CV\orbitshield-acv\dataset\raw\satellite\05pd0395.jpg,satellite,real,real_05pd0395.jpg,real::satellite::05pd0395
C:\Users\enzoo\PycharmProjects\orbitshield-CV\orbitshield-acv\dataset\raw\satellite\05pd0501.jpg,satellite,real,real_05pd0501.jpg,real::satellite::05pd0501
C:\Users\enzoo\PycharmProjects\orbitshield-CV\orbitshield-acv\dataset\raw\satellite\2014_1198.jpg,satellite,real,real_2014_1198.jpg,real::satellite::2014_1198
C:\Users\enzoo\PycharmProjects\orbitshield-CV\orbitshield-acv\dataset\raw\satellite\2014_1203.jpg,satellite,real,real_2014_1203.jpg,real::satellite::2014_1203
C:\Users\enzoo\PycharmProjects\orbitshield-CV\orbitshield-acv\dataset\raw\satellite\2014_1205.jpg,satellite,real,real_2014_1205.jpg,real::satellite::2014_1205
C:\Users\enzoo\PycharmProjects\orbitshield-CV\orbitshield-acv\dataset\raw\satellite\2014_1209.jpg,satellite,real,real_2014_1209.jpg,real::satellite::2014_1209
C:\Users\enzoo\PycharmProjects\orbitshield-CV\orbitshield-acv\dataset\raw\satellite\2014_1211.jpg,satellite,real,real_2014_1211.jpg,real::satellite::2014_1211
C:\Users\enzoo\PycharmProjects\orbitshield-CV\orbitshield-acv\dataset\raw\satellite\2014_1212.jpg,satellite,real,real_2014_1212.jpg,real::satellite::2014_1212
C:\Users\enzoo\PycharmProjects\orbitshield-CV\orbitshield-acv\dataset\raw\satellite\2014_1213.jpg,satellite,real,real_2014_1213.jpg,real::satellite::2014_1213
C:\Users\enzoo\PycharmProjects\orbitshield-CV\orbitshield-acv\dataset\raw\satellite\2014_1215.jpg,satellite,real,real_2014_1215.jpg,real::satellite::2014_1215
C:\Users\enzoo\PycharmProjects\orbitshield-CV\orbitshield-acv\dataset\raw\satellite\2014_1216.jpg,satellite,real,real_2014_1216.jpg,real::satellite::2014_1216
C:\Users\enzoo\PycharmProjects\orbitshield-CV\orbitshield-acv\dataset\raw\satellite\2014_1218.jpg,satellite,real,real_2014_1218.jpg,real::satellite::2014_1218
C:\Users\enzoo\PycharmProjects\orbitshield-CV\orbitshield-acv\dataset\raw\satellite\2014_1222.jpg,satellite,real,real_2014_1222.jpg,real::satellite::2014_1222
C:\Users\enzoo\PycharmProjects\orbitshield-CV\orbitshield-acv\dataset\raw\satellite\2014_1223.jpg,satellite,real,real_2014_1223.jpg,real::satellite::2014_1223
C:\Users\enzoo\PycharmProjects\orbitshield-CV\orbitshield-acv\dataset\raw\satellite\2014_1225.jpg,satellite,real,real_2014_1225.jpg,real::satellite::2014_1225
C:\Users\enzoo\PycharmProjects\orbitshield-CV\orbitshield-acv\dataset\raw\satellite\2014_1226.jpg,satellite,real,real_2014_1226.jpg,real::satellite::2014_1226
C:\Users\enzoo\PycharmProjects\orbitshield-CV\orbitshield-acv\dataset\raw\satellite\2014_1227.jpg,satellite,real,real_2014_1227.jpg,real::satellite::2014_1227
C:\Users\enzoo\PycharmProjects\orbitshield-CV\orbitshield-acv\dataset\raw\satellite\2014_1229.jpg,satellite,real,real_2014_1229.jpg,real::satellite::2014_1229
C:\Users\enzoo\PycharmProjects\orbitshield-CV\orbitshield-acv\dataset\raw\satellite\2014_1231.jpg,satellite,real,real_2014_1231.jpg,real::satellite::2014_1231
C:\Users\enzoo\PycharmProjects\orbitshield-CV\orbitshield-acv\dataset\raw\satellite\2014_1232.jpg,satellite,real,real_2014_1232.jpg,real::satellite::2014_1232
C:\Users\enzoo\PycharmProjects\orbitshield-CV\orbitshield-acv\dataset\raw\satellite\2014_1233.jpg,satellite,real,real_2014_1233.jpg,real::satellite::2014_1233
C:\Users\enzoo\PycharmProjects\orbitshield-CV\orbitshield-acv\dataset\raw\satellite\2014_1234.jpg,satellite,real,real_2014_1234.jpg,real::satellite::2014_1234
C:\Users\enzoo\PycharmProjects\orbitshield-CV\orbitshield-acv\dataset\raw\satellite\2014_1235.jpg,satellite,real,real_2014_1235.jpg,real::satellite::2014_1235
C:\Users\enzoo\PycharmProjects\orbitshield-CV\orbitshield-acv\dataset\raw\satellite\2014_1236.jpg,satellite,real,real_2014_1236.jpg,real::satellite::2014_1236
C:\Users\enzoo\PycharmProjects\orbitshield-CV\orbitshield-acv\dataset\raw\satellite\2014_1237.jpg,satellite,real,real_2014_1237.jpg,real::satellite::2014_1237
C:\Users\enzoo\PycharmProjects\orbitshield-CV\orbitshield-acv\dataset\raw\satellite\2014_1238.jpg,satellite,real,real_2014_1238.jpg,real::satellite::2014_1238
C:\Users\enzoo\PycharmProjects\orbitshield-CV\orbitshield-acv\dataset\raw\satellite\2014_1239.jpg,satellite,real,real_2014_1239.jpg,real::satellite::2014_1239
C:\Users\enzoo\PycharmProjects\orbitshield-CV\orbitshield-acv\dataset\raw\satellite\2014_1240.jpg,satellite,real,real_2014_1240.jpg,real::satellite::2014_1240
C:\Users\enzoo\PycharmProjects\orbitshield-CV\orbitshield-acv\dataset\raw\satellite\2014_1241.jpg,satellite,real,real_2014_1241.jpg,real::satellite::2014_1241
C:\Users\enzoo\PycharmProjects\orbitshield-CV\orbitshield-acv\dataset\raw\satellite\2014_1242.jpg,satellite,real,real_2014_1242.jpg,real::satellite::2014_1242
C:\Users\enzoo\PycharmProjects\orbitshield-CV\orbitshield-acv\dataset\raw\satellite\2014_1243.jpg,satellite,real,real_2014_1243.jpg,real::satellite::2014_1243
C:\Users\enzoo\PycharmProjects\orbitshield-CV\orbitshield-acv\dataset\raw\satellite\2014_1244.jpg,satellite,real,real_2014_1244.jpg,real::satellite::2014_1244
C:\Users\enzoo\PycharmProjects\orbitshield-CV\orbitshield-acv\dataset\raw\satellite\2014_1245.jpg,satellite,real,real_2014_1245.jpg,real::satellite::2014_1245
C:\Users\enzoo\PycharmProjects\orbitshield-CV\orbitshield-acv\dataset\raw\satellite\2014_1246.jpg,satellite,real,real_2014_1246.jpg,real::satellite::2014_1246
C:\Users\enzoo\PycharmProjects\orbitshield-CV\orbitshield-acv\dataset\raw\satellite\2014_1247.jpg,satellite,real,real_2014_1247.jpg,real::satellite::2014_1247
C:\Users\enzoo\PycharmProjects\orbitshield-CV\orbitshield-acv\dataset\raw\satellite\2014_1248.jpg,satellite,real,real_2014_1248.jpg,real::satellite::2014_1248
C:\Users\enzoo\PycharmProjects\orbitshield-CV\orbitshield-acv\dataset\raw\satellite\2014_1249.jpg,satellite,real,real_2014_1249.jpg,real::satellite::2014_1249
C:\Users\enzoo\PycharmProjects\orbitshield-CV\orbitshield-acv\dataset\raw\satellite\2014_1250.jpg,satellite,real,real_2014_1250.jpg,real::satellite::2014_1250
C:\Users\enzoo\PycharmProjects\orbitshield-CV\orbitshield-acv\dataset\raw\satellite\2014_1251.jpg,satellite,real,real_2014_1251.jpg,real::satellite::2014_1251
C:\Users\enzoo\PycharmProjects\orbitshield-CV\orbitshield-acv\dataset\raw\satellite\2014_1252.jpg,satellite,real,real_2014_1252.jpg,real::satellite::2014_1252
C:\Users\enzoo\PycharmProjects\orbitshield-CV\orbitshield-acv\dataset\raw\satellite\2014_1253.jpg,satellite,real,real_2014_1253.jpg,real::satellite::2014_1253
C:\Users\enzoo\PycharmProjects\orbitshield-CV\orbitshield-acv\dataset\raw\satellite\2014_1254.jpg,satellite,real,real_2014_1254.jpg,real::satellite::2014_1254
C:\Users\enzoo\PycharmProjects\orbitshield-CV\orbitshield-acv\dataset\raw\satellite\2014_1255.jpg,satellite,real,real_2014_1255.jpg,real::satellite::2014_1255
C:\Users\enzoo\PycharmProjects\orbitshield-CV\orbitshield-acv\dataset\raw\satellite\2014_1256.jpg,satellite,real,real_2014_1256.jpg,real::satellite::2014_1256
C:\Users\enzoo\PycharmProjects\orbitshield-CV\orbitshield-acv\dataset\raw\satellite\2014_1257.jpg,satellite,real,real_2014_1257.jpg,real::satellite::2014_1257
C:\Users\enzoo\PycharmProjects\orbitshield-CV\orbitshield-acv\dataset\raw\satellite\2014_1258.jpg,satellite,real,real_2014_1258.jpg,real::satellite::2014_1258
C:\Users\enzoo\PycharmProjects\orbitshield-CV\orbitshield-acv\dataset\raw\satellite\2014_1259.jpg,satellite,real,real_2014_1259.jpg,real::satellite::2014_1259
C:\Users\enzoo\PycharmProjects\orbitshield-CV\orbitshield-acv\dataset\raw\satellite\2014_1260.jpg,satellite,real,real_2014_1260.jpg,real::satellite::2014_1260
C:\Users\enzoo\PycharmProjects\orbitshield-CV\orbitshield-acv\dataset\raw\satellite\2014_1262.jpg,satellite,real,real_2014_1262.jpg,real::satellite::2014_1262
C:\Users\enzoo\PycharmProjects\orbitshield-CV\orbitshield-acv\dataset\raw\satellite\2014_1263.jpg,satellite,real,real_2014_1263.jpg,real::satellite::2014_1263
C:\Users\enzoo\PycharmProjects\orbitshield-CV\orbitshield-acv\dataset\raw\satellite\2014_1264.jpg,satellite,real,real_2014_1264.jpg,real::satellite::2014_1264
C:\Users\enzoo\PycharmProjects\orbitshield-CV\orbitshield-acv\dataset\raw\satellite\2014_1265.jpg,satellite,real,real_2014_1265.jpg,real::satellite::2014_1265
C:\Users\enzoo\PycharmProjects\orbitshield-CV\orbitshield-acv\dataset\raw\satellite\2014_1266.jpg,satellite,real,real_2014_1266.jpg,real::satellite::2014_1266
C:\Users\enzoo\PycharmProjects\orbitshield-CV\orbitshield-acv\dataset\raw\satellite\2014_1267.jpg,satellite,real,real_2014_1267.jpg,real::satellite::2014_1267
C:\Users\enzoo\PycharmProjects\orbitshield-CV\orbitshield-acv\dataset\raw\satellite\2014_1268.jpg,satellite,real,real_2014_1268.jpg,real::satellite::2014_1268
C:\Users\enzoo\PycharmProjects\orbitshield-CV\orbitshield-acv\dataset\raw\satellite\2014_1269.jpg,satellite,real,real_2014_1269.jpg,real::satellite::2014_1269
C:\Users\enzoo\PycharmProjects\orbitshield-CV\orbitshield-acv\dataset\raw\satellite\2014_1316.jpg,satellite,real,real_2014_1316.jpg,real::satellite::2014_1316
C:\Users\enzoo\PycharmProjects\orbitshield-CV\orbitshield-acv\dataset\raw\satellite\2014_1317.jpg,satellite,real,real_2014_1317.jpg,real::satellite::2014_1317
C:\Users\enzoo\PycharmProjects\orbitshield-CV\orbitshield-acv\dataset\raw\satellite\2014_1318.jpg,satellite,real,real_2014_1318.jpg,real::satellite::2014_1318
C:\Users\enzoo\PycharmProjects\orbitshield-CV\orbitshield-acv\dataset\raw\satellite\2014_1319.jpg,satellite,real,real_2014_1319.jpg,real::satellite::2014_1319
C:\Users\enzoo\PycharmProjects\orbitshield-CV\orbitshield-acv\dataset\raw\satellite\2014_1320.jpg,satellite,real,real_2014_1320.jpg,real::satellite::2014_1320
C:\Users\enzoo\PycharmProjects\orbitshield-CV\orbitshield-acv\dataset\raw\satellite\2014_1322.jpg,satellite,real,real_2014_1322.jpg,real::satellite::2014_1322
C:\Users\enzoo\PycharmProjects\orbitshield-CV\orbitshield-acv\dataset\raw\satellite\2014_1323.jpg,satellite,real,real_2014_1323.jpg,real::satellite::2014_1323
C:\Users\enzoo\PycharmProjects\orbitshield-CV\orbitshield-acv\dataset\raw\satellite\2014_1324.jpg,satellite,real,real_2014_1324.jpg,real::satellite::2014_1324
C:\Users\enzoo\PycharmProjects\orbitshield-CV\orbitshield-acv\dataset\raw\satellite\2014_1325.jpg,satellite,real,real_2014_1325.jpg,real::satellite::2014_1325
C:\Users\enzoo\PycharmProjects\orbitshield-CV\orbitshield-acv\dataset\raw\satellite\2014_1326.jpg,satellite,real,real_2014_1326.jpg,real::satellite::2014_1326
C:\Users\enzoo\PycharmProjects\orbitshield-CV\orbitshield-acv\dataset\raw\satellite\41d_037_050.jpg,satellite,real,real_41d_037_050.jpg,real::satellite::41d_037_050
C:\Users\enzoo\PycharmProjects\orbitshield-CV\orbitshield-acv\dataset\raw\satellite\41d_36_0034.jpg,satellite,real,real_41d_36_0034.jpg,real::satellite::41d_36_0034
C:\Users\enzoo\PycharmProjects\orbitshield-CV\orbitshield-acv\dataset\raw\satellite\41d_39_0068.jpg,satellite,real,real_41d_39_0068.jpg,real::satellite::41d_39_0068
C:\Users\enzoo\PycharmProjects\orbitshield-CV\orbitshield-acv\dataset\raw\satellite\51a_104_029.jpg,satellite,real,real_51a_104_029.jpg,real::satellite::51a_104_029
C:\Users\enzoo\PycharmProjects\orbitshield-CV\orbitshield-acv\dataset\raw\satellite\51a_41_058.jpg,satellite,real,real_51a_41_058.jpg,real::satellite::51a_41_058
C:\Users\enzoo\PycharmProjects\orbitshield-CV\orbitshield-acv\dataset\raw\satellite\51d_11_010.jpg,satellite,real,real_51d_11_010.jpg,real::satellite::51d_11_010
C:\Users\enzoo\PycharmProjects\orbitshield-CV\orbitshield-acv\dataset\raw\satellite\51g_034_045.jpg,satellite,real,real_51g_034_045.jpg,real::satellite::51g_034_045
C:\Users\enzoo\PycharmProjects\orbitshield-CV\orbitshield-acv\dataset\raw\satellite\51g_046_030.jpg,satellite,real,real_51g_046_030.jpg,real::satellite::51g_046_030
C:\Users\enzoo\PycharmProjects\orbitshield-CV\orbitshield-acv\dataset\raw\satellite\51i_32_023.jpg,satellite,real,real_51i_32_023.jpg,real::satellite::51i_32_023
C:\Users\enzoo\PycharmProjects\orbitshield-CV\orbitshield-acv\dataset\raw\satellite\51i_32_059.jpg,satellite,real,real_51i_32_059.jpg,real::satellite::51i_32_059
C:\Users\enzoo\PycharmProjects\orbitshield-CV\orbitshield-acv\dataset\raw\satellite\51i_41_086.jpg,satellite,real,real_51i_41_086.jpg,real::satellite::51i_41_086
C:\Users\enzoo\PycharmProjects\orbitshield-CV\orbitshield-acv\dataset\raw\satellite\51i_44_081.jpg,satellite,real,real_51i_44_081.jpg,real::satellite::51i_44_081
C:\Users\enzoo\PycharmProjects\orbitshield-CV\orbitshield-acv\dataset\raw\satellite\61b_38_036w.jpg,satellite,real,real_61b_38_036w.jpg,real::satellite::61b_38_036w
C:\Users\enzoo\PycharmProjects\orbitshield-CV\orbitshield-acv\dataset\raw\satellite\61b_39_031.jpg,satellite,real,real_61b_39_031.jpg,real::satellite::61b_39_031
C:\Users\enzoo\PycharmProjects\orbitshield-CV\orbitshield-acv\dataset\raw\satellite\61b_44_054e.jpg,satellite,real,real_61b_44_054e.jpg,real::satellite::61b_44_054e
C:\Users\enzoo\PycharmProjects\orbitshield-CV\orbitshield-acv\dataset\raw\satellite\74p_126.jpg,satellite,real,real_74p_126.jpg,real::satellite::74p_126
C:\Users\enzoo\PycharmProjects\orbitshield-CV\orbitshield-acv\dataset\raw\satellite\74p_127.jpg,satellite,real,real_74p_127.jpg,real::satellite::74p_127
C:\Users\enzoo\PycharmProjects\orbitshield-CV\orbitshield-acv\dataset\raw\satellite\74pc_374.jpg,satellite,real,real_74pc_374.jpg,real::satellite::74pc_374
C:\Users\enzoo\PycharmProjects\orbitshield-CV\orbitshield-acv\dataset\raw\satellite\8448981.jpg,satellite,real,real_8448981.jpg,real::satellite::8448981
C:\Users\enzoo\PycharmProjects\orbitshield-CV\orbitshield-acv\dataset\raw\satellite\8451228.jpg,satellite,real,real_8451228.jpg,real::satellite::8451228
C:\Users\enzoo\PycharmProjects\orbitshield-CV\orbitshield-acv\dataset\raw\satellite\8451229.jpg,satellite,real,real_8451229.jpg,real::satellite::8451229
C:\Users\enzoo\PycharmProjects\orbitshield-CV\orbitshield-acv\dataset\raw\satellite\8554678.jpg,satellite,real,real_8554678.jpg,real::satellite::8554678
C:\Users\enzoo\PycharmProjects\orbitshield-CV\orbitshield-acv\dataset\raw\satellite\8554680.jpg,satellite,real,real_8554680.jpg,real::satellite::8554680
C:\Users\enzoo\PycharmProjects\orbitshield-CV\orbitshield-acv\dataset\raw\satellite\8557011.jpg,satellite,real,real_8557011.jpg,real::satellite::8557011
C:\Users\enzoo\PycharmProjects\orbitshield-CV\orbitshield-acv\dataset\raw\satellite\8558039.jpg,satellite,real,real_8558039.jpg,real::satellite::8558039
C:\Users\enzoo\PycharmProjects\orbitshield-CV\orbitshield-acv\dataset\raw\satellite\9022340.jpg,satellite,real,real_9022340.jpg,real::satellite::9022340
C:\Users\enzoo\PycharmProjects\orbitshield-CV\orbitshield-acv\dataset\raw\satellite\9257753.jpg,satellite,real,real_9257753.jpg,real::satellite::9257753
C:\Users\enzoo\PycharmProjects\orbitshield-CV\orbitshield-acv\dataset\raw\satellite\grc_1977_c_01038.jpg,satellite,real,real_grc_1977_c_01038.jpg,real::satellite::grc_1977_c_01038
C:\Users\enzoo\PycharmProjects\orbitshield-CV\orbitshield-acv\dataset\raw\satellite\grc_1998_c_00466.jpg,satellite,real,real_grc_1998_c_00466.jpg,real::satellite::grc_1998_c_00466
C:\Users\enzoo\PycharmProjects\orbitshield-CV\orbitshield-acv\dataset\raw\satellite\grc_2010_c_00516.jpg,satellite,real,real_grc_2010_c_00516.jpg,real::satellite::grc_2010_c_00516
C:\Users\enzoo\PycharmProjects\orbitshield-CV\orbitshield-acv\dataset\raw\satellite\iss063e010534.jpg,satellite,real,real_iss063e010534.jpg,real::satellite::iss063e010534
C:\Users\enzoo\PycharmProjects\orbitshield-CV\orbitshield-acv\dataset\raw\satellite\ksc00pp0700.jpg,satellite,real,real_ksc00pp0700.jpg,real::satellite::ksc00pp0700
C:\Users\enzoo\PycharmProjects\orbitshield-CV\orbitshield-acv\dataset\raw\satellite\ksc00pp0701.jpg,satellite,real,real_ksc00pp0701.jpg,real::satellite::ksc00pp0701
C:\Users\enzoo\PycharmProjects\orbitshield-CV\orbitshield-acv\dataset\raw\satellite\ksc00pp0702.jpg,satellite,real,real_ksc00pp0702.jpg,real::satellite::ksc00pp0702
C:\Users\enzoo\PycharmProjects\orbitshield-CV\orbitshield-acv\dataset\raw\satellite\ksc00pp0703.jpg,satellite,real,real_ksc00pp0703.jpg,real::satellite::ksc00pp0703
C:\Users\enzoo\PycharmProjects\orbitshield-CV\orbitshield-acv\dataset\raw\satellite\ksc00pp0704.jpg,satellite,real,real_ksc00pp0704.jpg,real::satellite::ksc00pp0704
C:\Users\enzoo\PycharmProjects\orbitshield-CV\orbitshield-acv\dataset\raw\satellite\ksc00pp0705.jpg,satellite,real,real_ksc00pp0705.jpg,real::satellite::ksc00pp0705
C:\Users\enzoo\PycharmProjects\orbitshield-CV\orbitshield-acv\dataset\raw\satellite\ksc00pp0712.jpg,satellite,real,real_ksc00pp0712.jpg,real::satellite::ksc00pp0712
C:\Users\enzoo\PycharmProjects\orbitshield-CV\orbitshield-acv\dataset\raw\satellite\ksc00pp0713.jpg,satellite,real,real_ksc00pp0713.jpg,real::satellite::ksc00pp0713
C:\Users\enzoo\PycharmProjects\orbitshield-CV\orbitshield-acv\dataset\raw\satellite\ksc00pp0755.jpg,satellite,real,real_ksc00pp0755.jpg,real::satellite::ksc00pp0755
C:\Users\enzoo\PycharmProjects\orbitshield-CV\orbitshield-acv\dataset\raw\satellite\ksc00pp0819.jpg,satellite,real,real_ksc00pp0819.jpg,real::satellite::ksc00pp0819
C:\Users\enzoo\PycharmProjects\orbitshield-CV\orbitshield-acv\dataset\raw\satellite\ksc00pp0820.jpg,satellite,real,real_ksc00pp0820.jpg,real::satellite::ksc00pp0820
C:\Users\enzoo\PycharmProjects\orbitshield-CV\orbitshield-acv\dataset\raw\satellite\ksc00pp0821.jpg,satellite,real,real_ksc00pp0821.jpg,real::satellite::ksc00pp0821
C:\Users\enzoo\PycharmProjects\orbitshield-CV\orbitshield-acv\dataset\raw\satellite\ksc00pp0822.jpg,satellite,real,real_ksc00pp0822.jpg,real::satellite::ksc00pp0822
C:\Users\enzoo\PycharmProjects\orbitshield-CV\orbitshield-acv\dataset\raw\satellite\ksc00pp0823.jpg,satellite,real,real_ksc00pp0823.jpg,real::satellite::ksc00pp0823
C:\Users\enzoo\PycharmProjects\orbitshield-CV\orbitshield-acv\dataset\raw\satellite\ksc00pp0824.jpg,satellite,real,real_ksc00pp0824.jpg,real::satellite::ksc00pp0824
C:\Users\enzoo\PycharmProjects\orbitshield-CV\orbitshield-acv\dataset\raw\satellite\ksc00pp0825.jpg,satellite,real,real_ksc00pp0825.jpg,real::satellite::ksc00pp0825
C:\Users\enzoo\PycharmProjects\orbitshield-CV\orbitshield-acv\dataset\raw\satellite\ksc00pp0826.jpg,satellite,real,real_ksc00pp0826.jpg,real::satellite::ksc00pp0826
C:\Users\enzoo\PycharmProjects\orbitshield-CV\orbitshield-acv\dataset\raw\satellite\ksc00pp0827.jpg,satellite,real,real_ksc00pp0827.jpg,real::satellite::ksc00pp0827
C:\Users\enzoo\PycharmProjects\orbitshield-CV\orbitshield-acv\dataset\raw\satellite\ksc_00pp0702.jpg,satellite,real,real_ksc_00pp0702.jpg,real::satellite::ksc_00pp0702
C:\Users\enzoo\PycharmProjects\orbitshield-CV\orbitshield-acv\dataset\raw\satellite\ksc_00pp0703.jpg,satellite,real,real_ksc_00pp0703.jpg,real::satellite::ksc_00pp0703
C:\Users\enzoo\PycharmProjects\orbitshield-CV\orbitshield-acv\dataset\raw\satellite\ksc_00pp0715.jpg,satellite,real,real_ksc_00pp0715.jpg,real::satellite::ksc_00pp0715
C:\Users\enzoo\PycharmProjects\orbitshield-CV\orbitshield-acv\dataset\raw\satellite\ksc_00pp0820.jpg,satellite,real,real_ksc_00pp0820.jpg,real::satellite::ksc_00pp0820
C:\Users\enzoo\PycharmProjects\orbitshield-CV\orbitshield-acv\dataset\raw\satellite\ksc_00pp0821.jpg,satellite,real,real_ksc_00pp0821.jpg,real::satellite::ksc_00pp0821
C:\Users\enzoo\PycharmProjects\orbitshield-CV\orbitshield-acv\dataset\raw\satellite\ksc_00pp0822.jpg,satellite,real,real_ksc_00pp0822.jpg,real::satellite::ksc_00pp0822
C:\Users\enzoo\PycharmProjects\orbitshield-CV\orbitshield-acv\dataset\raw\satellite\ksc_01pp1019.jpg,satellite,real,real_ksc_01pp1019.jpg,real::satellite::ksc_01pp1019
C:\Users\enzoo\PycharmProjects\orbitshield-CV\orbitshield-acv\dataset\raw\satellite\ksc_01pp1021.jpg,satellite,real,real_ksc_01pp1021.jpg,real::satellite::ksc_01pp1021
C:\Users\enzoo\PycharmProjects\orbitshield-CV\orbitshield-acv\dataset\raw\satellite\ksc_02pd0111.jpg,satellite,real,real_ksc_02pd0111.jpg,real::satellite::ksc_02pd0111
C:\Users\enzoo\PycharmProjects\orbitshield-CV\orbitshield-acv\dataset\raw\satellite\ksc_02pd0113.jpg,satellite,real,real_ksc_02pd0113.jpg,real::satellite::ksc_02pd0113
C:\Users\enzoo\PycharmProjects\orbitshield-CV\orbitshield-acv\dataset\raw\satellite\ksc_02pd0114.jpg,satellite,real,real_ksc_02pd0114.jpg,real::satellite::ksc_02pd0114
C:\Users\enzoo\PycharmProjects\orbitshield-CV\orbitshield-acv\dataset\raw\satellite\ksc_02pd0115.jpg,satellite,real,real_ksc_02pd0115.jpg,real::satellite::ksc_02pd0115
C:\Users\enzoo\PycharmProjects\orbitshield-CV\orbitshield-acv\dataset\raw\satellite\ksc_02pd0149.jpg,satellite,real,real_ksc_02pd0149.jpg,real::satellite::ksc_02pd0149
C:\Users\enzoo\PycharmProjects\orbitshield-CV\orbitshield-acv\dataset\raw\satellite\ksc_02pd0150.jpg,satellite,real,real_ksc_02pd0150.jpg,real::satellite::ksc_02pd0150
C:\Users\enzoo\PycharmProjects\orbitshield-CV\orbitshield-acv\dataset\raw\satellite\ksc_02pd0152.jpg,satellite,real,real_ksc_02pd0152.jpg,real::satellite::ksc_02pd0152
C:\Users\enzoo\PycharmProjects\orbitshield-CV\orbitshield-acv\dataset\raw\satellite\ksc_02pd0170.jpg,satellite,real,real_ksc_02pd0170.jpg,real::satellite::ksc_02pd0170
C:\Users\enzoo\PycharmProjects\orbitshield-CV\orbitshield-acv\dataset\raw\satellite\ksc_02pd0172.jpg,satellite,real,real_ksc_02pd0172.jpg,real::satellite::ksc_02pd0172
C:\Users\enzoo\PycharmProjects\orbitshield-CV\orbitshield-acv\dataset\raw\satellite\ksc_02pd0173.jpg,satellite,real,real_ksc_02pd0173.jpg,real::satellite::ksc_02pd0173
C:\Users\enzoo\PycharmProjects\orbitshield-CV\orbitshield-acv\dataset\raw\satellite\ksc_02pd0174.jpg,satellite,real,real_ksc_02pd0174.jpg,real::satellite::ksc_02pd0174
C:\Users\enzoo\PycharmProjects\orbitshield-CV\orbitshield-acv\dataset\raw\satellite\ksc_02pd0176.jpg,satellite,real,real_ksc_02pd0176.jpg,real::satellite::ksc_02pd0176
C:\Users\enzoo\PycharmProjects\orbitshield-CV\orbitshield-acv\dataset\raw\satellite\ksc_02pd0177.jpg,satellite,real,real_ksc_02pd0177.jpg,real::satellite::ksc_02pd0177
C:\Users\enzoo\PycharmProjects\orbitshield-CV\orbitshield-acv\dataset\raw\satellite\ksc_02pd0178.jpg,satellite,real,real_ksc_02pd0178.jpg,real::satellite::ksc_02pd0178
C:\Users\enzoo\PycharmProjects\orbitshield-CV\orbitshield-acv\dataset\raw\satellite\ksc_02pd0181.jpg,satellite,real,real_ksc_02pd0181.jpg,real::satellite::ksc_02pd0181
C:\Users\enzoo\PycharmProjects\orbitshield-CV\orbitshield-acv\dataset\raw\satellite\ksc_02pd0182.jpg,satellite,real,real_ksc_02pd0182.jpg,real::satellite::ksc_02pd0182
C:\Users\enzoo\PycharmProjects\orbitshield-CV\orbitshield-acv\dataset\raw\satellite\ksc_02pd0250.jpg,satellite,real,real_ksc_02pd0250.jpg,real::satellite::ksc_02pd0250
C:\Users\enzoo\PycharmProjects\orbitshield-CV\orbitshield-acv\dataset\raw\satellite\ksc_02pd0252.jpg,satellite,real,real_ksc_02pd0252.jpg,real::satellite::ksc_02pd0252
C:\Users\enzoo\PycharmProjects\orbitshield-CV\orbitshield-acv\dataset\raw\satellite\ksc_02pd0254.jpg,satellite,real,real_ksc_02pd0254.jpg,real::satellite::ksc_02pd0254
C:\Users\enzoo\PycharmProjects\orbitshield-CV\orbitshield-acv\dataset\raw\satellite\ksc_02pd0258.jpg,satellite,real,real_ksc_02pd0258.jpg,real::satellite::ksc_02pd0258
C:\Users\enzoo\PycharmProjects\orbitshield-CV\orbitshield-acv\dataset\raw\satellite\ksc_02pd0259.jpg,satellite,real,real_ksc_02pd0259.jpg,real::satellite::ksc_02pd0259
C:\Users\enzoo\PycharmProjects\orbitshield-CV\orbitshield-acv\dataset\raw\satellite\ksc_02pd1489.jpg,satellite,real,real_ksc_02pd1489.jpg,real::satellite::ksc_02pd1489
C:\Users\enzoo\PycharmProjects\orbitshield-CV\orbitshield-acv\dataset\raw\satellite\ksc_02pd1490.jpg,satellite,real,real_ksc_02pd1490.jpg,real::satellite::ksc_02pd1490
C:\Users\enzoo\PycharmProjects\orbitshield-CV\orbitshield-acv\dataset\raw\satellite\ksc_02pd1491.jpg,satellite,real,real_ksc_02pd1491.jpg,real::satellite::ksc_02pd1491
C:\Users\enzoo\PycharmProjects\orbitshield-CV\orbitshield-acv\dataset\raw\satellite\ksc_02pd1493.jpg,satellite,real,real_ksc_02pd1493.jpg,real::satellite::ksc_02pd1493
C:\Users\enzoo\PycharmProjects\orbitshield-CV\orbitshield-acv\dataset\raw\satellite\ksc_02pd1498.jpg,satellite,real,real_ksc_02pd1498.jpg,real::satellite::ksc_02pd1498
C:\Users\enzoo\PycharmProjects\orbitshield-CV\orbitshield-acv\dataset\raw\satellite\ksc_02pd1499.jpg,satellite,real,real_ksc_02pd1499.jpg,real::satellite::ksc_02pd1499
C:\Users\enzoo\PycharmProjects\orbitshield-CV\orbitshield-acv\dataset\raw\satellite\ksc_02pd1500.jpg,satellite,real,real_ksc_02pd1500.jpg,real::satellite::ksc_02pd1500
C:\Users\enzoo\PycharmProjects\orbitshield-CV\orbitshield-acv\dataset\raw\satellite\ksc_02pd1524.jpg,satellite,real,real_ksc_02pd1524.jpg,real::satellite::ksc_02pd1524
C:\Users\enzoo\PycharmProjects\orbitshield-CV\orbitshield-acv\dataset\raw\satellite\ksc_02pd1525.jpg,satellite,real,real_ksc_02pd1525.jpg,real::satellite::ksc_02pd1525
C:\Users\enzoo\PycharmProjects\orbitshield-CV\orbitshield-acv\dataset\raw\satellite\ksc_02pd1526.jpg,satellite,real,real_ksc_02pd1526.jpg,real::satellite::ksc_02pd1526
C:\Users\enzoo\PycharmProjects\orbitshield-CV\orbitshield-acv\dataset\raw\satellite\ksc_02pd1527.jpg,satellite,real,real_ksc_02pd1527.jpg,real::satellite::ksc_02pd1527
C:\Users\enzoo\PycharmProjects\orbitshield-CV\orbitshield-acv\dataset\raw\satellite\ksc_02pd1528.jpg,satellite,real,real_ksc_02pd1528.jpg,real::satellite::ksc_02pd1528
C:\Users\enzoo\PycharmProjects\orbitshield-CV\orbitshield-acv\dataset\raw\satellite\ksc_02pd1574.jpg,satellite,real,real_ksc_02pd1574.jpg,real::satellite::ksc_02pd1574
C:\Users\enzoo\PycharmProjects\orbitshield-CV\orbitshield-acv\dataset\raw\satellite\ksc_02pd1575.jpg,satellite,real,real_ksc_02pd1575.jpg,real::satellite::ksc_02pd1575
C:\Users\enzoo\PycharmProjects\orbitshield-CV\orbitshield-acv\dataset\raw\satellite\ksc_02pd1576.jpg,satellite,real,real_ksc_02pd1576.jpg,real::satellite::ksc_02pd1576
C:\Users\enzoo\PycharmProjects\orbitshield-CV\orbitshield-acv\dataset\raw\satellite\ksc_02pd1577.jpg,satellite,real,real_ksc_02pd1577.jpg,real::satellite::ksc_02pd1577
C:\Users\enzoo\PycharmProjects\orbitshield-CV\orbitshield-acv\dataset\raw\satellite\ksc_02pd1578.jpg,satellite,real,real_ksc_02pd1578.jpg,real::satellite::ksc_02pd1578
C:\Users\enzoo\PycharmProjects\orbitshield-CV\orbitshield-acv\dataset\raw\satellite\ksc_02pd1579.jpg,satellite,real,real_ksc_02pd1579.jpg,real::satellite::ksc_02pd1579
C:\Users\enzoo\PycharmProjects\orbitshield-CV\orbitshield-acv\dataset\raw\satellite\ksc_02pd1772.jpg,satellite,real,real_ksc_02pd1772.jpg,real::satellite::ksc_02pd1772
C:\Users\enzoo\PycharmProjects\orbitshield-CV\orbitshield-acv\dataset\raw\satellite\ksc_02pd1773.jpg,satellite,real,real_ksc_02pd1773.jpg,real::satellite::ksc_02pd1773
C:\Users\enzoo\PycharmProjects\orbitshield-CV\orbitshield-acv\dataset\raw\satellite\ksc_02pd1774.jpg,satellite,real,real_ksc_02pd1774.jpg,real::satellite::ksc_02pd1774
C:\Users\enzoo\PycharmProjects\orbitshield-CV\orbitshield-acv\dataset\raw\satellite\ksc_02pd1775.jpg,satellite,real,real_ksc_02pd1775.jpg,real::satellite::ksc_02pd1775
C:\Users\enzoo\PycharmProjects\orbitshield-CV\orbitshield-acv\dataset\raw\satellite\ksc_02pd1776.jpg,satellite,real,real_ksc_02pd1776.jpg,real::satellite::ksc_02pd1776
C:\Users\enzoo\PycharmProjects\orbitshield-CV\orbitshield-acv\dataset\raw\satellite\ksc_02pd1777.jpg,satellite,real,real_ksc_02pd1777.jpg,real::satellite::ksc_02pd1777
C:\Users\enzoo\PycharmProjects\orbitshield-CV\orbitshield-acv\dataset\raw\satellite\ksc_02pd1778.jpg,satellite,real,real_ksc_02pd1778.jpg,real::satellite::ksc_02pd1778
C:\Users\enzoo\PycharmProjects\orbitshield-CV\orbitshield-acv\dataset\raw\satellite\ksc_02pd1779.jpg,satellite,real,real_ksc_02pd1779.jpg,real::satellite::ksc_02pd1779
C:\Users\enzoo\PycharmProjects\orbitshield-CV\orbitshield-acv\dataset\raw\satellite\ksc_02pd1780.jpg,satellite,real,real_ksc_02pd1780.jpg,real::satellite::ksc_02pd1780
C:\Users\enzoo\PycharmProjects\orbitshield-CV\orbitshield-acv\dataset\raw\satellite\ksc_02pd1781.jpg,satellite,real,real_ksc_02pd1781.jpg,real::satellite::ksc_02pd1781
C:\Users\enzoo\PycharmProjects\orbitshield-CV\orbitshield-acv\dataset\raw\satellite\ksc_02pd1831.jpg,satellite,real,real_ksc_02pd1831.jpg,real::satellite::ksc_02pd1831
C:\Users\enzoo\PycharmProjects\orbitshield-CV\orbitshield-acv\dataset\raw\satellite\ksc_02pd1832.jpg,satellite,real,real_ksc_02pd1832.jpg,real::satellite::ksc_02pd1832
C:\Users\enzoo\PycharmProjects\orbitshield-CV\orbitshield-acv\dataset\raw\satellite\ksc_02pd1833.jpg,satellite,real,real_ksc_02pd1833.jpg,real::satellite::ksc_02pd1833
C:\Users\enzoo\PycharmProjects\orbitshield-CV\orbitshield-acv\dataset\raw\satellite\ksc_02pd1834.jpg,satellite,real,real_ksc_02pd1834.jpg,real::satellite::ksc_02pd1834
C:\Users\enzoo\PycharmProjects\orbitshield-CV\orbitshield-acv\dataset\raw\satellite\ksc_02pd1835.jpg,satellite,real,real_ksc_02pd1835.jpg,real::satellite::ksc_02pd1835
C:\Users\enzoo\PycharmProjects\orbitshield-CV\orbitshield-acv\dataset\raw\satellite\ksc_02pd1836.jpg,satellite,real,real_ksc_02pd1836.jpg,real::satellite::ksc_02pd1836
C:\Users\enzoo\PycharmProjects\orbitshield-CV\orbitshield-acv\dataset\raw\satellite\ksc_02pd1837.jpg,satellite,real,real_ksc_02pd1837.jpg,real::satellite::ksc_02pd1837
C:\Users\enzoo\PycharmProjects\orbitshield-CV\orbitshield-acv\dataset\raw\satellite\ksc_02pd1838.jpg,satellite,real,real_ksc_02pd1838.jpg,real::satellite::ksc_02pd1838
C:\Users\enzoo\PycharmProjects\orbitshield-CV\orbitshield-acv\dataset\raw\satellite\ksc_02pd1839.jpg,satellite,real,real_ksc_02pd1839.jpg,real::satellite::ksc_02pd1839
C:\Users\enzoo\PycharmProjects\orbitshield-CV\orbitshield-acv\dataset\raw\satellite\ksc_02pd1840.jpg,satellite,real,real_ksc_02pd1840.jpg,real::satellite::ksc_02pd1840
C:\Users\enzoo\PycharmProjects\orbitshield-CV\orbitshield-acv\dataset\raw\satellite\ksc_02pd1841.jpg,satellite,real,real_ksc_02pd1841.jpg,real::satellite::ksc_02pd1841
C:\Users\enzoo\PycharmProjects\orbitshield-CV\orbitshield-acv\dataset\raw\satellite\ksc_02pd1848.jpg,satellite,real,real_ksc_02pd1848.jpg,real::satellite::ksc_02pd1848
C:\Users\enzoo\PycharmProjects\orbitshield-CV\orbitshield-acv\dataset\raw\satellite\ksc_02pd1849.jpg,satellite,real,real_ksc_02pd1849.jpg,real::satellite::ksc_02pd1849
C:\Users\enzoo\PycharmProjects\orbitshield-CV\orbitshield-acv\dataset\raw\satellite\ksc_02pd1850.jpg,satellite,real,real_ksc_02pd1850.jpg,real::satellite::ksc_02pd1850
C:\Users\enzoo\PycharmProjects\orbitshield-CV\orbitshield-acv\dataset\raw\satellite\ksc_02pd1851.jpg,satellite,real,real_ksc_02pd1851.jpg,real::satellite::ksc_02pd1851
C:\Users\enzoo\PycharmProjects\orbitshield-CV\orbitshield-acv\dataset\raw\satellite\ksc_02pd1852.jpg,satellite,real,real_ksc_02pd1852.jpg,real::satellite::ksc_02pd1852
C:\Users\enzoo\PycharmProjects\orbitshield-CV\orbitshield-acv\dataset\raw\satellite\ksc_02pp0260.jpg,satellite,real,real_ksc_02pp0260.jpg,real::satellite::ksc_02pp0260
C:\Users\enzoo\PycharmProjects\orbitshield-CV\orbitshield-acv\dataset\raw\satellite\ksc_02pp0261.jpg,satellite,real,real_ksc_02pp0261.jpg,real::satellite::ksc_02pp0261
C:\Users\enzoo\PycharmProjects\orbitshield-CV\orbitshield-acv\dataset\raw\satellite\ksc_02pp0262.jpg,satellite,real,real_ksc_02pp0262.jpg,real::satellite::ksc_02pp0262
C:\Users\enzoo\PycharmProjects\orbitshield-CV\orbitshield-acv\dataset\raw\satellite\ksc_02pp1635.jpg,satellite,real,real_ksc_02pp1635.jpg,real::satellite::ksc_02pp1635
C:\Users\enzoo\PycharmProjects\orbitshield-CV\orbitshield-acv\dataset\raw\satellite\ksc_02pp1636.jpg,satellite,real,real_ksc_02pp1636.jpg,real::satellite::ksc_02pp1636
C:\Users\enzoo\PycharmProjects\orbitshield-CV\orbitshield-acv\dataset\raw\satellite\ksc_02pp1637.jpg,satellite,real,real_ksc_02pp1637.jpg,real::satellite::ksc_02pp1637
C:\Users\enzoo\PycharmProjects\orbitshield-CV\orbitshield-acv\dataset\raw\satellite\ksc_02pp1638.jpg,satellite,real,real_ksc_02pp1638.jpg,real::satellite::ksc_02pp1638
C:\Users\enzoo\PycharmProjects\orbitshield-CV\orbitshield-acv\dataset\raw\satellite\ksc_02pp1639.jpg,satellite,real,real_ksc_02pp1639.jpg,real::satellite::ksc_02pp1639
C:\Users\enzoo\PycharmProjects\orbitshield-CV\orbitshield-acv\dataset\raw\satellite\ksc_02pp1640.jpg,satellite,real,real_ksc_02pp1640.jpg,real::satellite::ksc_02pp1640
C:\Users\enzoo\PycharmProjects\orbitshield-CV\orbitshield-acv\dataset\raw\satellite\ksc_02pp1641.jpg,satellite,real,real_ksc_02pp1641.jpg,real::satellite::ksc_02pp1641
C:\Users\enzoo\PycharmProjects\orbitshield-CV\orbitshield-acv\dataset\raw\satellite\ksc_02pp1642.jpg,satellite,real,real_ksc_02pp1642.jpg,real::satellite::ksc_02pp1642
C:\Users\enzoo\PycharmProjects\orbitshield-CV\orbitshield-acv\dataset\raw\satellite\ksc_02pp1643.jpg,satellite,real,real_ksc_02pp1643.jpg,real::satellite::ksc_02pp1643
C:\Users\enzoo\PycharmProjects\orbitshield-CV\orbitshield-acv\dataset\raw\satellite\ksc_02pp1644.jpg,satellite,real,real_ksc_02pp1644.jpg,real::satellite::ksc_02pp1644
C:\Users\enzoo\PycharmProjects\orbitshield-CV\orbitshield-acv\dataset\raw\satellite\ksc_02pp1645.jpg,satellite,real,real_ksc_02pp1645.jpg,real::satellite::ksc_02pp1645
C:\Users\enzoo\PycharmProjects\orbitshield-CV\orbitshield-acv\dataset\raw\satellite\ksc_02pp1853.jpg,satellite,real,real_ksc_02pp1853.jpg,real::satellite::ksc_02pp1853
C:\Users\enzoo\PycharmProjects\orbitshield-CV\orbitshield-acv\dataset\raw\satellite\ksc_02pp1854.jpg,satellite,real,real_ksc_02pp1854.jpg,real::satellite::ksc_02pp1854
C:\Users\enzoo\PycharmProjects\orbitshield-CV\orbitshield-acv\dataset\raw\satellite\ksc_2012_1862.jpg,satellite,real,real_ksc_2012_1862.jpg,real::satellite::ksc_2012_1862
C:\Users\enzoo\PycharmProjects\orbitshield-CV\orbitshield-acv\dataset\raw\satellite\ksc_2014_1101.jpg,satellite,real,real_ksc_2014_1101.jpg,real::satellite::ksc_2014_1101
C:\Users\enzoo\PycharmProjects\orbitshield-CV\orbitshield-acv\dataset\raw\satellite\ksc_2014_1102.jpg,satellite,real,real_ksc_2014_1102.jpg,real::satellite::ksc_2014_1102
C:\Users\enzoo\PycharmProjects\orbitshield-CV\orbitshield-acv\dataset\raw\satellite\ksc_2014_1103.jpg,satellite,real,real_ksc_2014_1103.jpg,real::satellite::ksc_2014_1103
C:\Users\enzoo\PycharmProjects\orbitshield-CV\orbitshield-acv\dataset\raw\satellite\ksc_2014_1105.jpg,satellite,real,real_ksc_2014_1105.jpg,real::satellite::ksc_2014_1105
C:\Users\enzoo\PycharmProjects\orbitshield-CV\orbitshield-acv\dataset\raw\satellite\ksc_2014_1106.jpg,satellite,real,real_ksc_2014_1106.jpg,real::satellite::ksc_2014_1106
C:\Users\enzoo\PycharmProjects\orbitshield-CV\orbitshield-acv\dataset\raw\satellite\ksc_2014_1107.jpg,satellite,real,real_ksc_2014_1107.jpg,real::satellite::ksc_2014_1107
C:\Users\enzoo\PycharmProjects\orbitshield-CV\orbitshield-acv\dataset\raw\satellite\ksc_2014_1108.jpg,satellite,real,real_ksc_2014_1108.jpg,real::satellite::ksc_2014_1108
C:\Users\enzoo\PycharmProjects\orbitshield-CV\orbitshield-acv\dataset\raw\satellite\ksc_2014_1136.jpg,satellite,real,real_ksc_2014_1136.jpg,real::satellite::ksc_2014_1136
C:\Users\enzoo\PycharmProjects\orbitshield-CV\orbitshield-acv\dataset\raw\satellite\ksc_2014_1137.jpg,satellite,real,real_ksc_2014_1137.jpg,real::satellite::ksc_2014_1137
C:\Users\enzoo\PycharmProjects\orbitshield-CV\orbitshield-acv\dataset\raw\satellite\ksc_2014_1138.jpg,satellite,real,real_ksc_2014_1138.jpg,real::satellite::ksc_2014_1138
C:\Users\enzoo\PycharmProjects\orbitshield-CV\orbitshield-acv\dataset\raw\satellite\ksc_2014_1139.jpg,satellite,real,real_ksc_2014_1139.jpg,real::satellite::ksc_2014_1139
C:\Users\enzoo\PycharmProjects\orbitshield-CV\orbitshield-acv\dataset\raw\satellite\ksc_2014_1140.jpg,satellite,real,real_ksc_2014_1140.jpg,real::satellite::ksc_2014_1140
C:\Users\enzoo\PycharmProjects\orbitshield-CV\orbitshield-acv\dataset\raw\satellite\ksc_2014_1141.jpg,satellite,real,real_ksc_2014_1141.jpg,real::satellite::ksc_2014_1141
C:\Users\enzoo\PycharmProjects\orbitshield-CV\orbitshield-acv\dataset\raw\satellite\ksc_2014_1142.jpg,satellite,real,real_ksc_2014_1142.jpg,real::satellite::ksc_2014_1142
C:\Users\enzoo\PycharmProjects\orbitshield-CV\orbitshield-acv\dataset\raw\satellite\ksc_2014_1143.jpg,satellite,real,real_ksc_2014_1143.jpg,real::satellite::ksc_2014_1143
C:\Users\enzoo\PycharmProjects\orbitshield-CV\orbitshield-acv\dataset\raw\satellite\ksc_2014_1144.jpg,satellite,real,real_ksc_2014_1144.jpg,real::satellite::ksc_2014_1144
C:\Users\enzoo\PycharmProjects\orbitshield-CV\orbitshield-acv\dataset\raw\satellite\ksc_2014_1145.jpg,satellite,real,real_ksc_2014_1145.jpg,real::satellite::ksc_2014_1145
C:\Users\enzoo\PycharmProjects\orbitshield-CV\orbitshield-acv\dataset\raw\satellite\ksc_2014_1146.jpg,satellite,real,real_ksc_2014_1146.jpg,real::satellite::ksc_2014_1146
C:\Users\enzoo\PycharmProjects\orbitshield-CV\orbitshield-acv\dataset\raw\satellite\ksc_2014_1147.jpg,satellite,real,real_ksc_2014_1147.jpg,real::satellite::ksc_2014_1147
C:\Users\enzoo\PycharmProjects\orbitshield-CV\orbitshield-acv\dataset\raw\satellite\ksc_2014_1148.jpg,satellite,real,real_ksc_2014_1148.jpg,real::satellite::ksc_2014_1148
C:\Users\enzoo\PycharmProjects\orbitshield-CV\orbitshield-acv\dataset\raw\satellite\ksc_2014_1149.jpg,satellite,real,real_ksc_2014_1149.jpg,real::satellite::ksc_2014_1149
C:\Users\enzoo\PycharmProjects\orbitshield-CV\orbitshield-acv\dataset\raw\satellite\ksc_2014_1150.jpg,satellite,real,real_ksc_2014_1150.jpg,real::satellite::ksc_2014_1150
C:\Users\enzoo\PycharmProjects\orbitshield-CV\orbitshield-acv\dataset\raw\satellite\ksc_2014_1151.jpg,satellite,real,real_ksc_2014_1151.jpg,real::satellite::ksc_2014_1151
C:\Users\enzoo\PycharmProjects\orbitshield-CV\orbitshield-acv\dataset\raw\satellite\ksc_2014_1152.jpg,satellite,real,real_ksc_2014_1152.jpg,real::satellite::ksc_2014_1152
C:\Users\enzoo\PycharmProjects\orbitshield-CV\orbitshield-acv\dataset\raw\satellite\ksc_2014_1156.jpg,satellite,real,real_ksc_2014_1156.jpg,real::satellite::ksc_2014_1156
C:\Users\enzoo\PycharmProjects\orbitshield-CV\orbitshield-acv\dataset\raw\satellite\ksc_2014_1157.jpg,satellite,real,real_ksc_2014_1157.jpg,real::satellite::ksc_2014_1157
C:\Users\enzoo\PycharmProjects\orbitshield-CV\orbitshield-acv\dataset\raw\satellite\ksc_2014_1195.jpg,satellite,real,real_ksc_2014_1195.jpg,real::satellite::ksc_2014_1195
C:\Users\enzoo\PycharmProjects\orbitshield-CV\orbitshield-acv\dataset\raw\satellite\ksc_2014_1196.jpg,satellite,real,real_ksc_2014_1196.jpg,real::satellite::ksc_2014_1196
C:\Users\enzoo\PycharmProjects\orbitshield-CV\orbitshield-acv\dataset\raw\satellite\ksc_2014_1197.jpg,satellite,real,real_ksc_2014_1197.jpg,real::satellite::ksc_2014_1197
C:\Users\enzoo\PycharmProjects\orbitshield-CV\orbitshield-acv\dataset\raw\satellite\ksc_2014_1199.jpg,satellite,real,real_ksc_2014_1199.jpg,real::satellite::ksc_2014_1199
C:\Users\enzoo\PycharmProjects\orbitshield-CV\orbitshield-acv\dataset\raw\satellite\ksc_2014_1200.jpg,satellite,real,real_ksc_2014_1200.jpg,real::satellite::ksc_2014_1200
C:\Users\enzoo\PycharmProjects\orbitshield-CV\orbitshield-acv\dataset\raw\satellite\ksc_2014_1201.jpg,satellite,real,real_ksc_2014_1201.jpg,real::satellite::ksc_2014_1201
C:\Users\enzoo\PycharmProjects\orbitshield-CV\orbitshield-acv\dataset\raw\satellite\ksc_2014_1202.jpg,satellite,real,real_ksc_2014_1202.jpg,real::satellite::ksc_2014_1202
C:\Users\enzoo\PycharmProjects\orbitshield-CV\orbitshield-acv\dataset\raw\satellite\ksc_2014_1204.jpg,satellite,real,real_ksc_2014_1204.jpg,real::satellite::ksc_2014_1204
C:\Users\enzoo\PycharmProjects\orbitshield-CV\orbitshield-acv\dataset\raw\satellite\ksc_2014_1206.jpg,satellite,real,real_ksc_2014_1206.jpg,real::satellite::ksc_2014_1206
C:\Users\enzoo\PycharmProjects\orbitshield-CV\orbitshield-acv\dataset\raw\satellite\ksc_2014_1207.jpg,satellite,real,real_ksc_2014_1207.jpg,real::satellite::ksc_2014_1207
C:\Users\enzoo\PycharmProjects\orbitshield-CV\orbitshield-acv\dataset\raw\satellite\ksc_2014_1208.jpg,satellite,real,real_ksc_2014_1208.jpg,real::satellite::ksc_2014_1208
C:\Users\enzoo\PycharmProjects\orbitshield-CV\orbitshield-acv\dataset\raw\satellite\ksc_2014_1210.jpg,satellite,real,real_ksc_2014_1210.jpg,real::satellite::ksc_2014_1210
C:\Users\enzoo\PycharmProjects\orbitshield-CV\orbitshield-acv\dataset\raw\satellite\ksc_2014_1214.jpg,satellite,real,real_ksc_2014_1214.jpg,real::satellite::ksc_2014_1214
C:\Users\enzoo\PycharmProjects\orbitshield-CV\orbitshield-acv\dataset\raw\satellite\ksc_2014_1217.jpg,satellite,real,real_ksc_2014_1217.jpg,real::satellite::ksc_2014_1217
C:\Users\enzoo\PycharmProjects\orbitshield-CV\orbitshield-acv\dataset\raw\satellite\ksc_2014_1219.jpg,satellite,real,real_ksc_2014_1219.jpg,real::satellite::ksc_2014_1219
C:\Users\enzoo\PycharmProjects\orbitshield-CV\orbitshield-acv\dataset\raw\satellite\ksc_2014_1220.jpg,satellite,real,real_ksc_2014_1220.jpg,real::satellite::ksc_2014_1220
C:\Users\enzoo\PycharmProjects\orbitshield-CV\orbitshield-acv\dataset\raw\satellite\ksc_2014_1221.jpg,satellite,real,real_ksc_2014_1221.jpg,real::satellite::ksc_2014_1221
C:\Users\enzoo\PycharmProjects\orbitshield-CV\orbitshield-acv\dataset\raw\satellite\ksc_2014_1224.jpg,satellite,real,real_ksc_2014_1224.jpg,real::satellite::ksc_2014_1224
C:\Users\enzoo\PycharmProjects\orbitshield-CV\orbitshield-acv\dataset\raw\satellite\ksc_2014_1228.jpg,satellite,real,real_ksc_2014_1228.jpg,real::satellite::ksc_2014_1228
C:\Users\enzoo\PycharmProjects\orbitshield-CV\orbitshield-acv\dataset\raw\satellite\ksc_2014_1230.jpg,satellite,real,real_ksc_2014_1230.jpg,real::satellite::ksc_2014_1230
C:\Users\enzoo\PycharmProjects\orbitshield-CV\orbitshield-acv\dataset\raw\satellite\ksc_20161117_ph_kls02_0023.jpg,satellite,real,real_ksc_20161117_ph_kls02_0023.jpg,real::satellite::ksc_20161117_ph_kls02_0023
C:\Users\enzoo\PycharmProjects\orbitshield-CV\orbitshield-acv\dataset\raw\satellite\ksc_20161119_ph_kls01_0009.jpg,satellite,real,real_ksc_20161119_ph_kls01_0009.jpg,real::satellite::ksc_20161119_ph_kls01_0009
C:\Users\enzoo\PycharmProjects\orbitshield-CV\orbitshield-acv\dataset\raw\satellite\ksc_20161119_ph_kls01_0040.jpg,satellite,real,real_ksc_20161119_ph_kls01_0040.jpg,real::satellite::ksc_20161119_ph_kls01_0040
C:\Users\enzoo\PycharmProjects\orbitshield-CV\orbitshield-acv\dataset\raw\satellite\ksc_20161119_ph_kls01_0098.jpg,satellite,real,real_ksc_20161119_ph_kls01_0098.jpg,real::satellite::ksc_20161119_ph_kls01_0098
C:\Users\enzoo\PycharmProjects\orbitshield-CV\orbitshield-acv\dataset\raw\satellite\ksc_20170817_ph_kls01_0012.jpg,satellite,real,real_ksc_20170817_ph_kls01_0012.jpg,real::satellite::ksc_20170817_ph_kls01_0012
C:\Users\enzoo\PycharmProjects\orbitshield-CV\orbitshield-acv\dataset\raw\satellite\ksc_20170818_ph_kaa01_0007.jpg,satellite,real,real_ksc_20170818_ph_kaa01_0007.jpg,real::satellite::ksc_20170818_ph_kaa01_0007
C:\Users\enzoo\PycharmProjects\orbitshield-CV\orbitshield-acv\dataset\raw\satellite\ksc_20170818_ph_kaa01_0029.jpg,satellite,real,real_ksc_20170818_ph_kaa01_0029.jpg,real::satellite::ksc_20170818_ph_kaa01_0029
C:\Users\enzoo\PycharmProjects\orbitshield-CV\orbitshield-acv\dataset\raw\satellite\ksc_20180131_ph_kls01_0003.jpg,satellite,real,real_ksc_20180131_ph_kls01_0003.jpg,real::satellite::ksc_20180131_ph_kls01_0003
C:\Users\enzoo\PycharmProjects\orbitshield-CV\orbitshield-acv\dataset\raw\satellite\ksc_74pc_0562.jpg,satellite,real,real_ksc_74pc_0562.jpg,real::satellite::ksc_74pc_0562
C:\Users\enzoo\PycharmProjects\orbitshield-CV\orbitshield-acv\dataset\raw\satellite\ksc_75pc_0371.jpg,satellite,real,real_ksc_75pc_0371.jpg,real::satellite::ksc_75pc_0371
C:\Users\enzoo\PycharmProjects\orbitshield-CV\orbitshield-acv\dataset\raw\satellite\ksc_75pc_0372.jpg,satellite,real,real_ksc_75pc_0372.jpg,real::satellite::ksc_75pc_0372
C:\Users\enzoo\PycharmProjects\orbitshield-CV\orbitshield-acv\dataset\raw\satellite\ksc_98pc1874.jpg,satellite,real,real_ksc_98pc1874.jpg,real::satellite::ksc_98pc1874
C:\Users\enzoo\PycharmProjects\orbitshield-CV\orbitshield-acv\dataset\raw\satellite\pia21114.jpg,satellite,real,real_pia21114.jpg,real::satellite::pia21114
C:\Users\enzoo\PycharmProjects\orbitshield-CV\orbitshield-acv\dataset\raw\satellite\pia22452.jpg,satellite,real,real_pia22452.jpg,real::satellite::pia22452
C:\Users\enzoo\PycharmProjects\orbitshield-CV\orbitshield-acv\dataset\raw\satellite\s07_18_770.jpg,satellite,real,real_s07_18_770.jpg,real::satellite::s07_18_770
C:\Users\enzoo\PycharmProjects\orbitshield-CV\orbitshield-acv\dataset\raw\satellite\s43_72_002.jpg,satellite,real,real_s43_72_002.jpg,real::satellite::s43_72_002
C:\Users\enzoo\PycharmProjects\orbitshield-CV\orbitshield-acv\dataset\raw\satellite\s43_72_059.jpg,satellite,real,real_s43_72_059.jpg,real::satellite::s43_72_059
C:\Users\enzoo\PycharmProjects\orbitshield-CV\orbitshield-acv\dataset\raw\satellite\s82_41171.jpg,satellite,real,real_s82_41171.jpg,real::satellite::s82_41171
C:\Users\enzoo\PycharmProjects\orbitshield-CV\orbitshield-acv\dataset\raw\satellite\s83_35764.jpg,satellite,real,real_s83_35764.jpg,real::satellite::s83_35764
C:\Users\enzoo\PycharmProjects\orbitshield-CV\orbitshield-acv\dataset\raw\satellite\s85_30800.jpg,satellite,real,real_s85_30800.jpg,real::satellite::s85_30800
C:\Users\enzoo\PycharmProjects\orbitshield-CV\orbitshield-acv\dataset\raw\satellite\s90_41340.jpg,satellite,real,real_s90_41340.jpg,real::satellite::s90_41340
C:\Users\enzoo\PycharmProjects\orbitshield-CV\orbitshield-acv\dataset\raw\satellite\s91_41111.jpg,satellite,real,real_s91_41111.jpg,real::satellite::s91_41111
C:\Users\enzoo\PycharmProjects\orbitshield-CV\orbitshield-acv\dataset\synthetic\satellite\satellite_family_001_var_01.png,satellite,synthetic,synthetic_satellite_family_001_var_01.jpg,synthetic::satellite::family_001
C:\Users\enzoo\PycharmProjects\orbitshield-CV\orbitshield-acv\dataset\synthetic\satellite\satellite_family_001_var_02.png,satellite,synthetic,synthetic_satellite_family_001_var_02.jpg,synthetic::satellite::family_001
C:\Users\enzoo\PycharmProjects\orbitshield-CV\orbitshield-acv\dataset\synthetic\satellite\satellite_family_001_var_03.png,satellite,synthetic,synthetic_satellite_family_001_var_03.jpg,synthetic::satellite::family_001
C:\Users\enzoo\PycharmProjects\orbitshield-CV\orbitshield-acv\dataset\synthetic\satellite\satellite_family_001_var_04.png,satellite,synthetic,synthetic_satellite_family_001_var_04.jpg,synthetic::satellite::family_001
C:\Users\enzoo\PycharmProjects\orbitshield-CV\orbitshield-acv\dataset\synthetic\satellite\satellite_family_001_var_05.png,satellite,synthetic,synthetic_satellite_family_001_var_05.jpg,synthetic::satellite::family_001
C:\Users\enzoo\PycharmProjects\orbitshield-CV\orbitshield-acv\dataset\synthetic\satellite\satellite_family_002_var_01.png,satellite,synthetic,synthetic_satellite_family_002_var_01.jpg,synthetic::satellite::family_002
C:\Users\enzoo\PycharmProjects\orbitshield-CV\orbitshield-acv\dataset\synthetic\satellite\satellite_family_002_var_02.png,satellite,synthetic,synthetic_satellite_family_002_var_02.jpg,synthetic::satellite::family_002
C:\Users\enzoo\PycharmProjects\orbitshield-CV\orbitshield-acv\dataset\synthetic\satellite\satellite_family_002_var_03.png,satellite,synthetic,synthetic_satellite_family_002_var_03.jpg,synthetic::satellite::family_002
C:\Users\enzoo\PycharmProjects\orbitshield-CV\orbitshield-acv\dataset\synthetic\satellite\satellite_family_002_var_04.png,satellite,synthetic,synthetic_satellite_family_002_var_04.jpg,synthetic::satellite::family_002
C:\Users\enzoo\PycharmProjects\orbitshield-CV\orbitshield-acv\dataset\synthetic\satellite\satellite_family_002_var_05.png,satellite,synthetic,synthetic_satellite_family_002_var_05.jpg,synthetic::satellite::family_002
C:\Users\enzoo\PycharmProjects\orbitshield-CV\orbitshield-acv\dataset\synthetic\satellite\satellite_family_003_var_01.png,satellite,synthetic,synthetic_satellite_family_003_var_01.jpg,synthetic::satellite::family_003
C:\Users\enzoo\PycharmProjects\orbitshield-CV\orbitshield-acv\dataset\synthetic\satellite\satellite_family_003_var_02.png,satellite,synthetic,synthetic_satellite_family_003_var_02.jpg,synthetic::satellite::family_003
C:\Users\enzoo\PycharmProjects\orbitshield-CV\orbitshield-acv\dataset\synthetic\satellite\satellite_family_003_var_03.png,satellite,synthetic,synthetic_satellite_family_003_var_03.jpg,synthetic::satellite::family_003
C:\Users\enzoo\PycharmProjects\orbitshield-CV\orbitshield-acv\dataset\synthetic\satellite\satellite_family_003_var_04.png,satellite,synthetic,synthetic_satellite_family_003_var_04.jpg,synthetic::satellite::family_003
C:\Users\enzoo\PycharmProjects\orbitshield-CV\orbitshield-acv\dataset\synthetic\satellite\satellite_family_003_var_05.png,satellite,synthetic,synthetic_satellite_family_003_var_05.jpg,synthetic::satellite::family_003
C:\Users\enzoo\PycharmProjects\orbitshield-CV\orbitshield-acv\dataset\synthetic\satellite\satellite_family_004_var_01.png,satellite,synthetic,synthetic_satellite_family_004_var_01.jpg,synthetic::satellite::family_004
C:\Users\enzoo\PycharmProjects\orbitshield-CV\orbitshield-acv\dataset\synthetic\satellite\satellite_family_004_var_02.png,satellite,synthetic,synthetic_satellite_family_004_var_02.jpg,synthetic::satellite::family_004
C:\Users\enzoo\PycharmProjects\orbitshield-CV\orbitshield-acv\dataset\synthetic\satellite\satellite_family_004_var_03.png,satellite,synthetic,synthetic_satellite_family_004_var_03.jpg,synthetic::satellite::family_004
C:\Users\enzoo\PycharmProjects\orbitshield-CV\orbitshield-acv\dataset\synthetic\satellite\satellite_family_004_var_04.png,satellite,synthetic,synthetic_satellite_family_004_var_04.jpg,synthetic::satellite::family_004
C:\Users\enzoo\PycharmProjects\orbitshield-CV\orbitshield-acv\dataset\synthetic\satellite\satellite_family_004_var_05.png,satellite,synthetic,synthetic_satellite_family_004_var_05.jpg,synthetic::satellite::family_004
C:\Users\enzoo\PycharmProjects\orbitshield-CV\orbitshield-acv\dataset\synthetic\satellite\satellite_family_005_var_01.png,satellite,synthetic,synthetic_satellite_family_005_var_01.jpg,synthetic::satellite::family_005
C:\Users\enzoo\PycharmProjects\orbitshield-CV\orbitshield-acv\dataset\synthetic\satellite\satellite_family_005_var_02.png,satellite,synthetic,synthetic_satellite_family_005_var_02.jpg,synthetic::satellite::family_005
C:\Users\enzoo\PycharmProjects\orbitshield-CV\orbitshield-acv\dataset\synthetic\satellite\satellite_family_005_var_03.png,satellite,synthetic,synthetic_satellite_family_005_var_03.jpg,synthetic::satellite::family_005
C:\Users\enzoo\PycharmProjects\orbitshield-CV\orbitshield-acv\dataset\synthetic\satellite\satellite_family_005_var_04.png,satellite,synthetic,synthetic_satellite_family_005_var_04.jpg,synthetic::satellite::family_005
C:\Users\enzoo\PycharmProjects\orbitshield-CV\orbitshield-acv\dataset\synthetic\satellite\satellite_family_005_var_05.png,satellite,synthetic,synthetic_satellite_family_005_var_05.jpg,synthetic::satellite::family_005
C:\Users\enzoo\PycharmProjects\orbitshield-CV\orbitshield-acv\dataset\synthetic\satellite\satellite_family_006_var_01.png,satellite,synthetic,synthetic_satellite_family_006_var_01.jpg,synthetic::satellite::family_006
C:\Users\enzoo\PycharmProjects\orbitshield-CV\orbitshield-acv\dataset\synthetic\satellite\satellite_family_006_var_02.png,satellite,synthetic,synthetic_satellite_family_006_var_02.jpg,synthetic::satellite::family_006
C:\Users\enzoo\PycharmProjects\orbitshield-CV\orbitshield-acv\dataset\synthetic\satellite\satellite_family_006_var_03.png,satellite,synthetic,synthetic_satellite_family_006_var_03.jpg,synthetic::satellite::family_006
C:\Users\enzoo\PycharmProjects\orbitshield-CV\orbitshield-acv\dataset\synthetic\satellite\satellite_family_006_var_04.png,satellite,synthetic,synthetic_satellite_family_006_var_04.jpg,synthetic::satellite::family_006
C:\Users\enzoo\PycharmProjects\orbitshield-CV\orbitshield-acv\dataset\synthetic\satellite\satellite_family_006_var_05.png,satellite,synthetic,synthetic_satellite_family_006_var_05.jpg,synthetic::satellite::family_006
C:\Users\enzoo\PycharmProjects\orbitshield-CV\orbitshield-acv\dataset\synthetic\satellite\satellite_family_007_var_01.png,satellite,synthetic,synthetic_satellite_family_007_var_01.jpg,synthetic::satellite::family_007
C:\Users\enzoo\PycharmProjects\orbitshield-CV\orbitshield-acv\dataset\synthetic\satellite\satellite_family_007_var_02.png,satellite,synthetic,synthetic_satellite_family_007_var_02.jpg,synthetic::satellite::family_007
C:\Users\enzoo\PycharmProjects\orbitshield-CV\orbitshield-acv\dataset\synthetic\satellite\satellite_family_007_var_03.png,satellite,synthetic,synthetic_satellite_family_007_var_03.jpg,synthetic::satellite::family_007
C:\Users\enzoo\PycharmProjects\orbitshield-CV\orbitshield-acv\dataset\synthetic\satellite\satellite_family_007_var_04.png,satellite,synthetic,synthetic_satellite_family_007_var_04.jpg,synthetic::satellite::family_007
C:\Users\enzoo\PycharmProjects\orbitshield-CV\orbitshield-acv\dataset\synthetic\satellite\satellite_family_007_var_05.png,satellite,synthetic,synthetic_satellite_family_007_var_05.jpg,synthetic::satellite::family_007
C:\Users\enzoo\PycharmProjects\orbitshield-CV\orbitshield-acv\dataset\synthetic\satellite\satellite_family_008_var_01.png,satellite,synthetic,synthetic_satellite_family_008_var_01.jpg,synthetic::satellite::family_008
C:\Users\enzoo\PycharmProjects\orbitshield-CV\orbitshield-acv\dataset\synthetic\satellite\satellite_family_008_var_02.png,satellite,synthetic,synthetic_satellite_family_008_var_02.jpg,synthetic::satellite::family_008
C:\Users\enzoo\PycharmProjects\orbitshield-CV\orbitshield-acv\dataset\synthetic\satellite\satellite_family_008_var_03.png,satellite,synthetic,synthetic_satellite_family_008_var_03.jpg,synthetic::satellite::family_008
C:\Users\enzoo\PycharmProjects\orbitshield-CV\orbitshield-acv\dataset\synthetic\satellite\satellite_family_008_var_04.png,satellite,synthetic,synthetic_satellite_family_008_var_04.jpg,synthetic::satellite::family_008
C:\Users\enzoo\PycharmProjects\orbitshield-CV\orbitshield-acv\dataset\synthetic\satellite\satellite_family_008_var_05.png,satellite,synthetic,synthetic_satellite_family_008_var_05.jpg,synthetic::satellite::family_008
C:\Users\enzoo\PycharmProjects\orbitshield-CV\orbitshield-acv\dataset\synthetic\satellite\satellite_family_009_var_01.png,satellite,synthetic,synthetic_satellite_family_009_var_01.jpg,synthetic::satellite::family_009
C:\Users\enzoo\PycharmProjects\orbitshield-CV\orbitshield-acv\dataset\synthetic\satellite\satellite_family_009_var_02.png,satellite,synthetic,synthetic_satellite_family_009_var_02.jpg,synthetic::satellite::family_009
C:\Users\enzoo\PycharmProjects\orbitshield-CV\orbitshield-acv\dataset\synthetic\satellite\satellite_family_009_var_03.png,satellite,synthetic,synthetic_satellite_family_009_var_03.jpg,synthetic::satellite::family_009
C:\Users\enzoo\PycharmProjects\orbitshield-CV\orbitshield-acv\dataset\synthetic\satellite\satellite_family_009_var_04.png,satellite,synthetic,synthetic_satellite_family_009_var_04.jpg,synthetic::satellite::family_009
C:\Users\enzoo\PycharmProjects\orbitshield-CV\orbitshield-acv\dataset\synthetic\satellite\satellite_family_009_var_05.png,satellite,synthetic,synthetic_satellite_family_009_var_05.jpg,synthetic::satellite::family_009
C:\Users\enzoo\PycharmProjects\orbitshield-CV\orbitshield-acv\dataset\synthetic\satellite\satellite_family_010_var_01.png,satellite,synthetic,synthetic_satellite_family_010_var_01.jpg,synthetic::satellite::family_010
C:\Users\enzoo\PycharmProjects\orbitshield-CV\orbitshield-acv\dataset\synthetic\satellite\satellite_family_010_var_02.png,satellite,synthetic,synthetic_satellite_family_010_var_02.jpg,synthetic::satellite::family_010
C:\Users\enzoo\PycharmProjects\orbitshield-CV\orbitshield-acv\dataset\synthetic\satellite\satellite_family_010_var_03.png,satellite,synthetic,synthetic_satellite_family_010_var_03.jpg,synthetic::satellite::family_010
C:\Users\enzoo\PycharmProjects\orbitshield-CV\orbitshield-acv\dataset\synthetic\satellite\satellite_family_010_var_04.png,satellite,synthetic,synthetic_satellite_family_010_var_04.jpg,synthetic::satellite::family_010
C:\Users\enzoo\PycharmProjects\orbitshield-CV\orbitshield-acv\dataset\synthetic\satellite\satellite_family_010_var_05.png,satellite,synthetic,synthetic_satellite_family_010_var_05.jpg,synthetic::satellite::family_010
C:\Users\enzoo\PycharmProjects\orbitshield-CV\orbitshield-acv\dataset\synthetic\satellite\satellite_family_011_var_01.png,satellite,synthetic,synthetic_satellite_family_011_var_01.jpg,synthetic::satellite::family_011
C:\Users\enzoo\PycharmProjects\orbitshield-CV\orbitshield-acv\dataset\synthetic\satellite\satellite_family_011_var_02.png,satellite,synthetic,synthetic_satellite_family_011_var_02.jpg,synthetic::satellite::family_011
C:\Users\enzoo\PycharmProjects\orbitshield-CV\orbitshield-acv\dataset\synthetic\satellite\satellite_family_011_var_03.png,satellite,synthetic,synthetic_satellite_family_011_var_03.jpg,synthetic::satellite::family_011
C:\Users\enzoo\PycharmProjects\orbitshield-CV\orbitshield-acv\dataset\synthetic\satellite\satellite_family_011_var_04.png,satellite,synthetic,synthetic_satellite_family_011_var_04.jpg,synthetic::satellite::family_011
C:\Users\enzoo\PycharmProjects\orbitshield-CV\orbitshield-acv\dataset\synthetic\satellite\satellite_family_011_var_05.png,satellite,synthetic,synthetic_satellite_family_011_var_05.jpg,synthetic::satellite::family_011
C:\Users\enzoo\PycharmProjects\orbitshield-CV\orbitshield-acv\dataset\synthetic\satellite\satellite_family_012_var_01.png,satellite,synthetic,synthetic_satellite_family_012_var_01.jpg,synthetic::satellite::family_012
C:\Users\enzoo\PycharmProjects\orbitshield-CV\orbitshield-acv\dataset\synthetic\satellite\satellite_family_012_var_02.png,satellite,synthetic,synthetic_satellite_family_012_var_02.jpg,synthetic::satellite::family_012
C:\Users\enzoo\PycharmProjects\orbitshield-CV\orbitshield-acv\dataset\synthetic\satellite\satellite_family_012_var_03.png,satellite,synthetic,synthetic_satellite_family_012_var_03.jpg,synthetic::satellite::family_012
C:\Users\enzoo\PycharmProjects\orbitshield-CV\orbitshield-acv\dataset\synthetic\satellite\satellite_family_012_var_04.png,satellite,synthetic,synthetic_satellite_family_012_var_04.jpg,synthetic::satellite::family_012
C:\Users\enzoo\PycharmProjects\orbitshield-CV\orbitshield-acv\dataset\synthetic\satellite\satellite_family_012_var_05.png,satellite,synthetic,synthetic_satellite_family_012_var_05.jpg,synthetic::satellite::family_012
C:\Users\enzoo\PycharmProjects\orbitshield-CV\orbitshield-acv\dataset\synthetic\satellite\satellite_family_013_var_01.png,satellite,synthetic,synthetic_satellite_family_013_var_01.jpg,synthetic::satellite::family_013
C:\Users\enzoo\PycharmProjects\orbitshield-CV\orbitshield-acv\dataset\synthetic\satellite\satellite_family_013_var_02.png,satellite,synthetic,synthetic_satellite_family_013_var_02.jpg,synthetic::satellite::family_013
C:\Users\enzoo\PycharmProjects\orbitshield-CV\orbitshield-acv\dataset\synthetic\satellite\satellite_family_013_var_03.png,satellite,synthetic,synthetic_satellite_family_013_var_03.jpg,synthetic::satellite::family_013
C:\Users\enzoo\PycharmProjects\orbitshield-CV\orbitshield-acv\dataset\synthetic\satellite\satellite_family_013_var_04.png,satellite,synthetic,synthetic_satellite_family_013_var_04.jpg,synthetic::satellite::family_013
C:\Users\enzoo\PycharmProjects\orbitshield-CV\orbitshield-acv\dataset\synthetic\satellite\satellite_family_013_var_05.png,satellite,synthetic,synthetic_satellite_family_013_var_05.jpg,synthetic::satellite::family_013
C:\Users\enzoo\PycharmProjects\orbitshield-CV\orbitshield-acv\dataset\synthetic\satellite\satellite_family_014_var_01.png,satellite,synthetic,synthetic_satellite_family_014_var_01.jpg,synthetic::satellite::family_014
C:\Users\enzoo\PycharmProjects\orbitshield-CV\orbitshield-acv\dataset\synthetic\satellite\satellite_family_014_var_02.png,satellite,synthetic,synthetic_satellite_family_014_var_02.jpg,synthetic::satellite::family_014
C:\Users\enzoo\PycharmProjects\orbitshield-CV\orbitshield-acv\dataset\synthetic\satellite\satellite_family_014_var_03.png,satellite,synthetic,synthetic_satellite_family_014_var_03.jpg,synthetic::satellite::family_014
C:\Users\enzoo\PycharmProjects\orbitshield-CV\orbitshield-acv\dataset\synthetic\satellite\satellite_family_014_var_04.png,satellite,synthetic,synthetic_satellite_family_014_var_04.jpg,synthetic::satellite::family_014
C:\Users\enzoo\PycharmProjects\orbitshield-CV\orbitshield-acv\dataset\synthetic\satellite\satellite_family_014_var_05.png,satellite,synthetic,synthetic_satellite_family_014_var_05.jpg,synthetic::satellite::family_014
C:\Users\enzoo\PycharmProjects\orbitshield-CV\orbitshield-acv\dataset\synthetic\satellite\satellite_family_015_var_01.png,satellite,synthetic,synthetic_satellite_family_015_var_01.jpg,synthetic::satellite::family_015
C:\Users\enzoo\PycharmProjects\orbitshield-CV\orbitshield-acv\dataset\synthetic\satellite\satellite_family_015_var_02.png,satellite,synthetic,synthetic_satellite_family_015_var_02.jpg,synthetic::satellite::family_015
C:\Users\enzoo\PycharmProjects\orbitshield-CV\orbitshield-acv\dataset\synthetic\satellite\satellite_family_015_var_03.png,satellite,synthetic,synthetic_satellite_family_015_var_03.jpg,synthetic::satellite::family_015
C:\Users\enzoo\PycharmProjects\orbitshield-CV\orbitshield-acv\dataset\synthetic\satellite\satellite_family_015_var_04.png,satellite,synthetic,synthetic_satellite_family_015_var_04.jpg,synthetic::satellite::family_015
C:\Users\enzoo\PycharmProjects\orbitshield-CV\orbitshield-acv\dataset\synthetic\satellite\satellite_family_015_var_05.png,satellite,synthetic,synthetic_satellite_family_015_var_05.jpg,synthetic::satellite::family_015
C:\Users\enzoo\PycharmProjects\orbitshield-CV\orbitshield-acv\dataset\synthetic\satellite\satellite_family_016_var_01.png,satellite,synthetic,synthetic_satellite_family_016_var_01.jpg,synthetic::satellite::family_016
C:\Users\enzoo\PycharmProjects\orbitshield-CV\orbitshield-acv\dataset\synthetic\satellite\satellite_family_016_var_02.png,satellite,synthetic,synthetic_satellite_family_016_var_02.jpg,synthetic::satellite::family_016
C:\Users\enzoo\PycharmProjects\orbitshield-CV\orbitshield-acv\dataset\synthetic\satellite\satellite_family_016_var_03.png,satellite,synthetic,synthetic_satellite_family_016_var_03.jpg,synthetic::satellite::family_016
C:\Users\enzoo\PycharmProjects\orbitshield-CV\orbitshield-acv\dataset\synthetic\satellite\satellite_family_016_var_04.png,satellite,synthetic,synthetic_satellite_family_016_var_04.jpg,synthetic::satellite::family_016
C:\Users\enzoo\PycharmProjects\orbitshield-CV\orbitshield-acv\dataset\synthetic\satellite\satellite_family_016_var_05.png,satellite,synthetic,synthetic_satellite_family_016_var_05.jpg,synthetic::satellite::family_016
C:\Users\enzoo\PycharmProjects\orbitshield-CV\orbitshield-acv\dataset\synthetic\satellite\satellite_family_017_var_01.png,satellite,synthetic,synthetic_satellite_family_017_var_01.jpg,synthetic::satellite::family_017
C:\Users\enzoo\PycharmProjects\orbitshield-CV\orbitshield-acv\dataset\synthetic\satellite\satellite_family_017_var_02.png,satellite,synthetic,synthetic_satellite_family_017_var_02.jpg,synthetic::satellite::family_017
C:\Users\enzoo\PycharmProjects\orbitshield-CV\orbitshield-acv\dataset\synthetic\satellite\satellite_family_017_var_03.png,satellite,synthetic,synthetic_satellite_family_017_var_03.jpg,synthetic::satellite::family_017
C:\Users\enzoo\PycharmProjects\orbitshield-CV\orbitshield-acv\dataset\synthetic\satellite\satellite_family_017_var_04.png,satellite,synthetic,synthetic_satellite_family_017_var_04.jpg,synthetic::satellite::family_017
C:\Users\enzoo\PycharmProjects\orbitshield-CV\orbitshield-acv\dataset\synthetic\satellite\satellite_family_017_var_05.png,satellite,synthetic,synthetic_satellite_family_017_var_05.jpg,synthetic::satellite::family_017
C:\Users\enzoo\PycharmProjects\orbitshield-CV\orbitshield-acv\dataset\synthetic\satellite\satellite_family_018_var_01.png,satellite,synthetic,synthetic_satellite_family_018_var_01.jpg,synthetic::satellite::family_018
C:\Users\enzoo\PycharmProjects\orbitshield-CV\orbitshield-acv\dataset\synthetic\satellite\satellite_family_018_var_02.png,satellite,synthetic,synthetic_satellite_family_018_var_02.jpg,synthetic::satellite::family_018
C:\Users\enzoo\PycharmProjects\orbitshield-CV\orbitshield-acv\dataset\synthetic\satellite\satellite_family_018_var_03.png,satellite,synthetic,synthetic_satellite_family_018_var_03.jpg,synthetic::satellite::family_018
C:\Users\enzoo\PycharmProjects\orbitshield-CV\orbitshield-acv\dataset\synthetic\satellite\satellite_family_018_var_04.png,satellite,synthetic,synthetic_satellite_family_018_var_04.jpg,synthetic::satellite::family_018
C:\Users\enzoo\PycharmProjects\orbitshield-CV\orbitshield-acv\dataset\synthetic\satellite\satellite_family_018_var_05.png,satellite,synthetic,synthetic_satellite_family_018_var_05.jpg,synthetic::satellite::family_018
C:\Users\enzoo\PycharmProjects\orbitshield-CV\orbitshield-acv\dataset\synthetic\satellite\satellite_family_019_var_01.png,satellite,synthetic,synthetic_satellite_family_019_var_01.jpg,synthetic::satellite::family_019
C:\Users\enzoo\PycharmProjects\orbitshield-CV\orbitshield-acv\dataset\synthetic\satellite\satellite_family_019_var_02.png,satellite,synthetic,synthetic_satellite_family_019_var_02.jpg,synthetic::satellite::family_019
C:\Users\enzoo\PycharmProjects\orbitshield-CV\orbitshield-acv\dataset\synthetic\satellite\satellite_family_019_var_03.png,satellite,synthetic,synthetic_satellite_family_019_var_03.jpg,synthetic::satellite::family_019
C:\Users\enzoo\PycharmProjects\orbitshield-CV\orbitshield-acv\dataset\synthetic\satellite\satellite_family_019_var_04.png,satellite,synthetic,synthetic_satellite_family_019_var_04.jpg,synthetic::satellite::family_019
C:\Users\enzoo\PycharmProjects\orbitshield-CV\orbitshield-acv\dataset\synthetic\satellite\satellite_family_019_var_05.png,satellite,synthetic,synthetic_satellite_family_019_var_05.jpg,synthetic::satellite::family_019
C:\Users\enzoo\PycharmProjects\orbitshield-CV\orbitshield-acv\dataset\synthetic\satellite\satellite_family_020_var_01.png,satellite,synthetic,synthetic_satellite_family_020_var_01.jpg,synthetic::satellite::family_020
C:\Users\enzoo\PycharmProjects\orbitshield-CV\orbitshield-acv\dataset\synthetic\satellite\satellite_family_020_var_02.png,satellite,synthetic,synthetic_satellite_family_020_var_02.jpg,synthetic::satellite::family_020
C:\Users\enzoo\PycharmProjects\orbitshield-CV\orbitshield-acv\dataset\synthetic\satellite\satellite_family_020_var_03.png,satellite,synthetic,synthetic_satellite_family_020_var_03.jpg,synthetic::satellite::family_020
C:\Users\enzoo\PycharmProjects\orbitshield-CV\orbitshield-acv\dataset\synthetic\satellite\satellite_family_020_var_04.png,satellite,synthetic,synthetic_satellite_family_020_var_04.jpg,synthetic::satellite::family_020
C:\Users\enzoo\PycharmProjects\orbitshield-CV\orbitshield-acv\dataset\synthetic\satellite\satellite_family_020_var_05.png,satellite,synthetic,synthetic_satellite_family_020_var_05.jpg,synthetic::satellite::family_020
C:\Users\enzoo\PycharmProjects\orbitshield-CV\orbitshield-acv\dataset\synthetic\satellite\satellite_family_021_var_01.png,satellite,synthetic,synthetic_satellite_family_021_var_01.jpg,synthetic::satellite::family_021
C:\Users\enzoo\PycharmProjects\orbitshield-CV\orbitshield-acv\dataset\synthetic\satellite\satellite_family_021_var_02.png,satellite,synthetic,synthetic_satellite_family_021_var_02.jpg,synthetic::satellite::family_021
C:\Users\enzoo\PycharmProjects\orbitshield-CV\orbitshield-acv\dataset\synthetic\satellite\satellite_family_021_var_03.png,satellite,synthetic,synthetic_satellite_family_021_var_03.jpg,synthetic::satellite::family_021
C:\Users\enzoo\PycharmProjects\orbitshield-CV\orbitshield-acv\dataset\synthetic\satellite\satellite_family_021_var_04.png,satellite,synthetic,synthetic_satellite_family_021_var_04.jpg,synthetic::satellite::family_021
C:\Users\enzoo\PycharmProjects\orbitshield-CV\orbitshield-acv\dataset\synthetic\satellite\satellite_family_021_var_05.png,satellite,synthetic,synthetic_satellite_family_021_var_05.jpg,synthetic::satellite::family_021
C:\Users\enzoo\PycharmProjects\orbitshield-CV\orbitshield-acv\dataset\synthetic\satellite\satellite_family_022_var_01.png,satellite,synthetic,synthetic_satellite_family_022_var_01.jpg,synthetic::satellite::family_022
C:\Users\enzoo\PycharmProjects\orbitshield-CV\orbitshield-acv\dataset\synthetic\satellite\satellite_family_022_var_02.png,satellite,synthetic,synthetic_satellite_family_022_var_02.jpg,synthetic::satellite::family_022
C:\Users\enzoo\PycharmProjects\orbitshield-CV\orbitshield-acv\dataset\synthetic\satellite\satellite_family_022_var_03.png,satellite,synthetic,synthetic_satellite_family_022_var_03.jpg,synthetic::satellite::family_022
C:\Users\enzoo\PycharmProjects\orbitshield-CV\orbitshield-acv\dataset\synthetic\satellite\satellite_family_022_var_04.png,satellite,synthetic,synthetic_satellite_family_022_var_04.jpg,synthetic::satellite::family_022
C:\Users\enzoo\PycharmProjects\orbitshield-CV\orbitshield-acv\dataset\synthetic\satellite\satellite_family_022_var_05.png,satellite,synthetic,synthetic_satellite_family_022_var_05.jpg,synthetic::satellite::family_022
C:\Users\enzoo\PycharmProjects\orbitshield-CV\orbitshield-acv\dataset\synthetic\satellite\satellite_family_023_var_01.png,satellite,synthetic,synthetic_satellite_family_023_var_01.jpg,synthetic::satellite::family_023
C:\Users\enzoo\PycharmProjects\orbitshield-CV\orbitshield-acv\dataset\synthetic\satellite\satellite_family_023_var_02.png,satellite,synthetic,synthetic_satellite_family_023_var_02.jpg,synthetic::satellite::family_023
C:\Users\enzoo\PycharmProjects\orbitshield-CV\orbitshield-acv\dataset\synthetic\satellite\satellite_family_023_var_03.png,satellite,synthetic,synthetic_satellite_family_023_var_03.jpg,synthetic::satellite::family_023
C:\Users\enzoo\PycharmProjects\orbitshield-CV\orbitshield-acv\dataset\synthetic\satellite\satellite_family_023_var_04.png,satellite,synthetic,synthetic_satellite_family_023_var_04.jpg,synthetic::satellite::family_023
C:\Users\enzoo\PycharmProjects\orbitshield-CV\orbitshield-acv\dataset\synthetic\satellite\satellite_family_023_var_05.png,satellite,synthetic,synthetic_satellite_family_023_var_05.jpg,synthetic::satellite::family_023
C:\Users\enzoo\PycharmProjects\orbitshield-CV\orbitshield-acv\dataset\synthetic\satellite\satellite_family_024_var_01.png,satellite,synthetic,synthetic_satellite_family_024_var_01.jpg,synthetic::satellite::family_024
C:\Users\enzoo\PycharmProjects\orbitshield-CV\orbitshield-acv\dataset\synthetic\satellite\satellite_family_024_var_02.png,satellite,synthetic,synthetic_satellite_family_024_var_02.jpg,synthetic::satellite::family_024
C:\Users\enzoo\PycharmProjects\orbitshield-CV\orbitshield-acv\dataset\synthetic\satellite\satellite_family_024_var_03.png,satellite,synthetic,synthetic_satellite_family_024_var_03.jpg,synthetic::satellite::family_024
C:\Users\enzoo\PycharmProjects\orbitshield-CV\orbitshield-acv\dataset\synthetic\satellite\satellite_family_024_var_04.png,satellite,synthetic,synthetic_satellite_family_024_var_04.jpg,synthetic::satellite::family_024
C:\Users\enzoo\PycharmProjects\orbitshield-CV\orbitshield-acv\dataset\synthetic\satellite\satellite_family_024_var_05.png,satellite,synthetic,synthetic_satellite_family_024_var_05.jpg,synthetic::satellite::family_024
C:\Users\enzoo\PycharmProjects\orbitshield-CV\orbitshield-acv\dataset\synthetic\satellite\satellite_family_025_var_01.png,satellite,synthetic,synthetic_satellite_family_025_var_01.jpg,synthetic::satellite::family_025
C:\Users\enzoo\PycharmProjects\orbitshield-CV\orbitshield-acv\dataset\synthetic\satellite\satellite_family_025_var_02.png,satellite,synthetic,synthetic_satellite_family_025_var_02.jpg,synthetic::satellite::family_025
C:\Users\enzoo\PycharmProjects\orbitshield-CV\orbitshield-acv\dataset\synthetic\satellite\satellite_family_025_var_03.png,satellite,synthetic,synthetic_satellite_family_025_var_03.jpg,synthetic::satellite::family_025
C:\Users\enzoo\PycharmProjects\orbitshield-CV\orbitshield-acv\dataset\synthetic\satellite\satellite_family_025_var_04.png,satellite,synthetic,synthetic_satellite_family_025_var_04.jpg,synthetic::satellite::family_025
C:\Users\enzoo\PycharmProjects\orbitshield-CV\orbitshield-acv\dataset\synthetic\satellite\satellite_family_025_var_05.png,satellite,synthetic,synthetic_satellite_family_025_var_05.jpg,synthetic::satellite::family_025
C:\Users\enzoo\PycharmProjects\orbitshield-CV\orbitshield-acv\dataset\synthetic\satellite\satellite_family_026_var_01.png,satellite,synthetic,synthetic_satellite_family_026_var_01.jpg,synthetic::satellite::family_026
C:\Users\enzoo\PycharmProjects\orbitshield-CV\orbitshield-acv\dataset\synthetic\satellite\satellite_family_026_var_02.png,satellite,synthetic,synthetic_satellite_family_026_var_02.jpg,synthetic::satellite::family_026
C:\Users\enzoo\PycharmProjects\orbitshield-CV\orbitshield-acv\dataset\synthetic\satellite\satellite_family_026_var_03.png,satellite,synthetic,synthetic_satellite_family_026_var_03.jpg,synthetic::satellite::family_026
C:\Users\enzoo\PycharmProjects\orbitshield-CV\orbitshield-acv\dataset\synthetic\satellite\satellite_family_026_var_04.png,satellite,synthetic,synthetic_satellite_family_026_var_04.jpg,synthetic::satellite::family_026
C:\Users\enzoo\PycharmProjects\orbitshield-CV\orbitshield-acv\dataset\synthetic\satellite\satellite_family_026_var_05.png,satellite,synthetic,synthetic_satellite_family_026_var_05.jpg,synthetic::satellite::family_026
C:\Users\enzoo\PycharmProjects\orbitshield-CV\orbitshield-acv\dataset\synthetic\satellite\satellite_family_027_var_01.png,satellite,synthetic,synthetic_satellite_family_027_var_01.jpg,synthetic::satellite::family_027
C:\Users\enzoo\PycharmProjects\orbitshield-CV\orbitshield-acv\dataset\synthetic\satellite\satellite_family_027_var_02.png,satellite,synthetic,synthetic_satellite_family_027_var_02.jpg,synthetic::satellite::family_027
C:\Users\enzoo\PycharmProjects\orbitshield-CV\orbitshield-acv\dataset\synthetic\satellite\satellite_family_027_var_03.png,satellite,synthetic,synthetic_satellite_family_027_var_03.jpg,synthetic::satellite::family_027
C:\Users\enzoo\PycharmProjects\orbitshield-CV\orbitshield-acv\dataset\synthetic\satellite\satellite_family_027_var_04.png,satellite,synthetic,synthetic_satellite_family_027_var_04.jpg,synthetic::satellite::family_027
C:\Users\enzoo\PycharmProjects\orbitshield-CV\orbitshield-acv\dataset\synthetic\satellite\satellite_family_027_var_05.png,satellite,synthetic,synthetic_satellite_family_027_var_05.jpg,synthetic::satellite::family_027
C:\Users\enzoo\PycharmProjects\orbitshield-CV\orbitshield-acv\dataset\synthetic\satellite\satellite_family_028_var_01.png,satellite,synthetic,synthetic_satellite_family_028_var_01.jpg,synthetic::satellite::family_028
C:\Users\enzoo\PycharmProjects\orbitshield-CV\orbitshield-acv\dataset\synthetic\satellite\satellite_family_028_var_02.png,satellite,synthetic,synthetic_satellite_family_028_var_02.jpg,synthetic::satellite::family_028
C:\Users\enzoo\PycharmProjects\orbitshield-CV\orbitshield-acv\dataset\synthetic\satellite\satellite_family_028_var_03.png,satellite,synthetic,synthetic_satellite_family_028_var_03.jpg,synthetic::satellite::family_028
C:\Users\enzoo\PycharmProjects\orbitshield-CV\orbitshield-acv\dataset\synthetic\satellite\satellite_family_028_var_04.png,satellite,synthetic,synthetic_satellite_family_028_var_04.jpg,synthetic::satellite::family_028
C:\Users\enzoo\PycharmProjects\orbitshield-CV\orbitshield-acv\dataset\synthetic\satellite\satellite_family_028_var_05.png,satellite,synthetic,synthetic_satellite_family_028_var_05.jpg,synthetic::satellite::family_028
C:\Users\enzoo\PycharmProjects\orbitshield-CV\orbitshield-acv\dataset\synthetic\satellite\satellite_family_029_var_01.png,satellite,synthetic,synthetic_satellite_family_029_var_01.jpg,synthetic::satellite::family_029
C:\Users\enzoo\PycharmProjects\orbitshield-CV\orbitshield-acv\dataset\synthetic\satellite\satellite_family_029_var_02.png,satellite,synthetic,synthetic_satellite_family_029_var_02.jpg,synthetic::satellite::family_029
C:\Users\enzoo\PycharmProjects\orbitshield-CV\orbitshield-acv\dataset\synthetic\satellite\satellite_family_029_var_03.png,satellite,synthetic,synthetic_satellite_family_029_var_03.jpg,synthetic::satellite::family_029
C:\Users\enzoo\PycharmProjects\orbitshield-CV\orbitshield-acv\dataset\synthetic\satellite\satellite_family_029_var_04.png,satellite,synthetic,synthetic_satellite_family_029_var_04.jpg,synthetic::satellite::family_029
C:\Users\enzoo\PycharmProjects\orbitshield-CV\orbitshield-acv\dataset\synthetic\satellite\satellite_family_029_var_05.png,satellite,synthetic,synthetic_satellite_family_029_var_05.jpg,synthetic::satellite::family_029
C:\Users\enzoo\PycharmProjects\orbitshield-CV\orbitshield-acv\dataset\synthetic\satellite\satellite_family_030_var_01.png,satellite,synthetic,synthetic_satellite_family_030_var_01.jpg,synthetic::satellite::family_030
C:\Users\enzoo\PycharmProjects\orbitshield-CV\orbitshield-acv\dataset\synthetic\satellite\satellite_family_030_var_02.png,satellite,synthetic,synthetic_satellite_family_030_var_02.jpg,synthetic::satellite::family_030
C:\Users\enzoo\PycharmProjects\orbitshield-CV\orbitshield-acv\dataset\synthetic\satellite\satellite_family_030_var_03.png,satellite,synthetic,synthetic_satellite_family_030_var_03.jpg,synthetic::satellite::family_030
C:\Users\enzoo\PycharmProjects\orbitshield-CV\orbitshield-acv\dataset\synthetic\satellite\satellite_family_030_var_04.png,satellite,synthetic,synthetic_satellite_family_030_var_04.jpg,synthetic::satellite::family_030
C:\Users\enzoo\PycharmProjects\orbitshield-CV\orbitshield-acv\dataset\synthetic\satellite\satellite_family_030_var_05.png,satellite,synthetic,synthetic_satellite_family_030_var_05.jpg,synthetic::satellite::family_030
C:\Users\enzoo\PycharmProjects\orbitshield-CV\orbitshield-acv\dataset\synthetic\satellite\satellite_family_031_var_01.png,satellite,synthetic,synthetic_satellite_family_031_var_01.jpg,synthetic::satellite::family_031
C:\Users\enzoo\PycharmProjects\orbitshield-CV\orbitshield-acv\dataset\synthetic\satellite\satellite_family_031_var_02.png,satellite,synthetic,synthetic_satellite_family_031_var_02.jpg,synthetic::satellite::family_031
C:\Users\enzoo\PycharmProjects\orbitshield-CV\orbitshield-acv\dataset\synthetic\satellite\satellite_family_031_var_03.png,satellite,synthetic,synthetic_satellite_family_031_var_03.jpg,synthetic::satellite::family_031
C:\Users\enzoo\PycharmProjects\orbitshield-CV\orbitshield-acv\dataset\synthetic\satellite\satellite_family_031_var_04.png,satellite,synthetic,synthetic_satellite_family_031_var_04.jpg,synthetic::satellite::family_031
C:\Users\enzoo\PycharmProjects\orbitshield-CV\orbitshield-acv\dataset\synthetic\satellite\satellite_family_031_var_05.png,satellite,synthetic,synthetic_satellite_family_031_var_05.jpg,synthetic::satellite::family_031
C:\Users\enzoo\PycharmProjects\orbitshield-CV\orbitshield-acv\dataset\synthetic\satellite\satellite_family_032_var_01.png,satellite,synthetic,synthetic_satellite_family_032_var_01.jpg,synthetic::satellite::family_032
C:\Users\enzoo\PycharmProjects\orbitshield-CV\orbitshield-acv\dataset\synthetic\satellite\satellite_family_032_var_02.png,satellite,synthetic,synthetic_satellite_family_032_var_02.jpg,synthetic::satellite::family_032
C:\Users\enzoo\PycharmProjects\orbitshield-CV\orbitshield-acv\dataset\synthetic\satellite\satellite_family_032_var_03.png,satellite,synthetic,synthetic_satellite_family_032_var_03.jpg,synthetic::satellite::family_032
C:\Users\enzoo\PycharmProjects\orbitshield-CV\orbitshield-acv\dataset\synthetic\satellite\satellite_family_032_var_04.png,satellite,synthetic,synthetic_satellite_family_032_var_04.jpg,synthetic::satellite::family_032
C:\Users\enzoo\PycharmProjects\orbitshield-CV\orbitshield-acv\dataset\synthetic\satellite\satellite_family_032_var_05.png,satellite,synthetic,synthetic_satellite_family_032_var_05.jpg,synthetic::satellite::family_032
C:\Users\enzoo\PycharmProjects\orbitshield-CV\orbitshield-acv\dataset\synthetic\satellite\satellite_family_033_var_01.png,satellite,synthetic,synthetic_satellite_family_033_var_01.jpg,synthetic::satellite::family_033
C:\Users\enzoo\PycharmProjects\orbitshield-CV\orbitshield-acv\dataset\synthetic\satellite\satellite_family_033_var_02.png,satellite,synthetic,synthetic_satellite_family_033_var_02.jpg,synthetic::satellite::family_033
C:\Users\enzoo\PycharmProjects\orbitshield-CV\orbitshield-acv\dataset\synthetic\satellite\satellite_family_033_var_03.png,satellite,synthetic,synthetic_satellite_family_033_var_03.jpg,synthetic::satellite::family_033
C:\Users\enzoo\PycharmProjects\orbitshield-CV\orbitshield-acv\dataset\synthetic\satellite\satellite_family_033_var_04.png,satellite,synthetic,synthetic_satellite_family_033_var_04.jpg,synthetic::satellite::family_033
C:\Users\enzoo\PycharmProjects\orbitshield-CV\orbitshield-acv\dataset\synthetic\satellite\satellite_family_033_var_05.png,satellite,synthetic,synthetic_satellite_family_033_var_05.jpg,synthetic::satellite::family_033
C:\Users\enzoo\PycharmProjects\orbitshield-CV\orbitshield-acv\dataset\synthetic\satellite\satellite_family_034_var_01.png,satellite,synthetic,synthetic_satellite_family_034_var_01.jpg,synthetic::satellite::family_034
C:\Users\enzoo\PycharmProjects\orbitshield-CV\orbitshield-acv\dataset\synthetic\satellite\satellite_family_034_var_02.png,satellite,synthetic,synthetic_satellite_family_034_var_02.jpg,synthetic::satellite::family_034
C:\Users\enzoo\PycharmProjects\orbitshield-CV\orbitshield-acv\dataset\synthetic\satellite\satellite_family_034_var_03.png,satellite,synthetic,synthetic_satellite_family_034_var_03.jpg,synthetic::satellite::family_034
C:\Users\enzoo\PycharmProjects\orbitshield-CV\orbitshield-acv\dataset\synthetic\satellite\satellite_family_034_var_04.png,satellite,synthetic,synthetic_satellite_family_034_var_04.jpg,synthetic::satellite::family_034
C:\Users\enzoo\PycharmProjects\orbitshield-CV\orbitshield-acv\dataset\synthetic\satellite\satellite_family_034_var_05.png,satellite,synthetic,synthetic_satellite_family_034_var_05.jpg,synthetic::satellite::family_034
C:\Users\enzoo\PycharmProjects\orbitshield-CV\orbitshield-acv\dataset\synthetic\satellite\satellite_family_035_var_01.png,satellite,synthetic,synthetic_satellite_family_035_var_01.jpg,synthetic::satellite::family_035
C:\Users\enzoo\PycharmProjects\orbitshield-CV\orbitshield-acv\dataset\synthetic\satellite\satellite_family_035_var_02.png,satellite,synthetic,synthetic_satellite_family_035_var_02.jpg,synthetic::satellite::family_035
C:\Users\enzoo\PycharmProjects\orbitshield-CV\orbitshield-acv\dataset\synthetic\satellite\satellite_family_035_var_03.png,satellite,synthetic,synthetic_satellite_family_035_var_03.jpg,synthetic::satellite::family_035
C:\Users\enzoo\PycharmProjects\orbitshield-CV\orbitshield-acv\dataset\synthetic\satellite\satellite_family_035_var_04.png,satellite,synthetic,synthetic_satellite_family_035_var_04.jpg,synthetic::satellite::family_035
C:\Users\enzoo\PycharmProjects\orbitshield-CV\orbitshield-acv\dataset\synthetic\satellite\satellite_family_035_var_05.png,satellite,synthetic,synthetic_satellite_family_035_var_05.jpg,synthetic::satellite::family_035
C:\Users\enzoo\PycharmProjects\orbitshield-CV\orbitshield-acv\dataset\synthetic\satellite\satellite_family_036_var_01.png,satellite,synthetic,synthetic_satellite_family_036_var_01.jpg,synthetic::satellite::family_036
C:\Users\enzoo\PycharmProjects\orbitshield-CV\orbitshield-acv\dataset\synthetic\satellite\satellite_family_036_var_02.png,satellite,synthetic,synthetic_satellite_family_036_var_02.jpg,synthetic::satellite::family_036
C:\Users\enzoo\PycharmProjects\orbitshield-CV\orbitshield-acv\dataset\synthetic\satellite\satellite_family_036_var_03.png,satellite,synthetic,synthetic_satellite_family_036_var_03.jpg,synthetic::satellite::family_036
C:\Users\enzoo\PycharmProjects\orbitshield-CV\orbitshield-acv\dataset\synthetic\satellite\satellite_family_036_var_04.png,satellite,synthetic,synthetic_satellite_family_036_var_04.jpg,synthetic::satellite::family_036
C:\Users\enzoo\PycharmProjects\orbitshield-CV\orbitshield-acv\dataset\synthetic\satellite\satellite_family_036_var_05.png,satellite,synthetic,synthetic_satellite_family_036_var_05.jpg,synthetic::satellite::family_036
C:\Users\enzoo\PycharmProjects\orbitshield-CV\orbitshield-acv\dataset\synthetic\satellite\satellite_family_037_var_01.png,satellite,synthetic,synthetic_satellite_family_037_var_01.jpg,synthetic::satellite::family_037
C:\Users\enzoo\PycharmProjects\orbitshield-CV\orbitshield-acv\dataset\synthetic\satellite\satellite_family_037_var_02.png,satellite,synthetic,synthetic_satellite_family_037_var_02.jpg,synthetic::satellite::family_037
C:\Users\enzoo\PycharmProjects\orbitshield-CV\orbitshield-acv\dataset\synthetic\satellite\satellite_family_037_var_03.png,satellite,synthetic,synthetic_satellite_family_037_var_03.jpg,synthetic::satellite::family_037
C:\Users\enzoo\PycharmProjects\orbitshield-CV\orbitshield-acv\dataset\synthetic\satellite\satellite_family_037_var_04.png,satellite,synthetic,synthetic_satellite_family_037_var_04.jpg,synthetic::satellite::family_037
C:\Users\enzoo\PycharmProjects\orbitshield-CV\orbitshield-acv\dataset\synthetic\satellite\satellite_family_037_var_05.png,satellite,synthetic,synthetic_satellite_family_037_var_05.jpg,synthetic::satellite::family_037
C:\Users\enzoo\PycharmProjects\orbitshield-CV\orbitshield-acv\dataset\synthetic\satellite\satellite_family_038_var_01.png,satellite,synthetic,synthetic_satellite_family_038_var_01.jpg,synthetic::satellite::family_038
C:\Users\enzoo\PycharmProjects\orbitshield-CV\orbitshield-acv\dataset\synthetic\satellite\satellite_family_038_var_02.png,satellite,synthetic,synthetic_satellite_family_038_var_02.jpg,synthetic::satellite::family_038
C:\Users\enzoo\PycharmProjects\orbitshield-CV\orbitshield-acv\dataset\synthetic\satellite\satellite_family_038_var_03.png,satellite,synthetic,synthetic_satellite_family_038_var_03.jpg,synthetic::satellite::family_038
C:\Users\enzoo\PycharmProjects\orbitshield-CV\orbitshield-acv\dataset\synthetic\satellite\satellite_family_038_var_04.png,satellite,synthetic,synthetic_satellite_family_038_var_04.jpg,synthetic::satellite::family_038
C:\Users\enzoo\PycharmProjects\orbitshield-CV\orbitshield-acv\dataset\synthetic\satellite\satellite_family_038_var_05.png,satellite,synthetic,synthetic_satellite_family_038_var_05.jpg,synthetic::satellite::family_038
C:\Users\enzoo\PycharmProjects\orbitshield-CV\orbitshield-acv\dataset\synthetic\satellite\satellite_family_039_var_01.png,satellite,synthetic,synthetic_satellite_family_039_var_01.jpg,synthetic::satellite::family_039
C:\Users\enzoo\PycharmProjects\orbitshield-CV\orbitshield-acv\dataset\synthetic\satellite\satellite_family_039_var_02.png,satellite,synthetic,synthetic_satellite_family_039_var_02.jpg,synthetic::satellite::family_039
C:\Users\enzoo\PycharmProjects\orbitshield-CV\orbitshield-acv\dataset\synthetic\satellite\satellite_family_039_var_03.png,satellite,synthetic,synthetic_satellite_family_039_var_03.jpg,synthetic::satellite::family_039
C:\Users\enzoo\PycharmProjects\orbitshield-CV\orbitshield-acv\dataset\synthetic\satellite\satellite_family_039_var_04.png,satellite,synthetic,synthetic_satellite_family_039_var_04.jpg,synthetic::satellite::family_039
C:\Users\enzoo\PycharmProjects\orbitshield-CV\orbitshield-acv\dataset\synthetic\satellite\satellite_family_039_var_05.png,satellite,synthetic,synthetic_satellite_family_039_var_05.jpg,synthetic::satellite::family_039
C:\Users\enzoo\PycharmProjects\orbitshield-CV\orbitshield-acv\dataset\synthetic\satellite\satellite_family_040_var_01.png,satellite,synthetic,synthetic_satellite_family_040_var_01.jpg,synthetic::satellite::family_040
C:\Users\enzoo\PycharmProjects\orbitshield-CV\orbitshield-acv\dataset\synthetic\satellite\satellite_family_040_var_02.png,satellite,synthetic,synthetic_satellite_family_040_var_02.jpg,synthetic::satellite::family_040
C:\Users\enzoo\PycharmProjects\orbitshield-CV\orbitshield-acv\dataset\synthetic\satellite\satellite_family_040_var_03.png,satellite,synthetic,synthetic_satellite_family_040_var_03.jpg,synthetic::satellite::family_040
C:\Users\enzoo\PycharmProjects\orbitshield-CV\orbitshield-acv\dataset\synthetic\satellite\satellite_family_040_var_04.png,satellite,synthetic,synthetic_satellite_family_040_var_04.jpg,synthetic::satellite::family_040
C:\Users\enzoo\PycharmProjects\orbitshield-CV\orbitshield-acv\dataset\synthetic\satellite\satellite_family_040_var_05.png,satellite,synthetic,synthetic_satellite_family_040_var_05.jpg,synthetic::satellite::family_040
C:\Users\enzoo\PycharmProjects\orbitshield-CV\orbitshield-acv\dataset\synthetic\satellite\satellite_family_041_var_01.png,satellite,synthetic,synthetic_satellite_family_041_var_01.jpg,synthetic::satellite::family_041
C:\Users\enzoo\PycharmProjects\orbitshield-CV\orbitshield-acv\dataset\synthetic\satellite\satellite_family_041_var_02.png,satellite,synthetic,synthetic_satellite_family_041_var_02.jpg,synthetic::satellite::family_041
C:\Users\enzoo\PycharmProjects\orbitshield-CV\orbitshield-acv\dataset\synthetic\satellite\satellite_family_041_var_03.png,satellite,synthetic,synthetic_satellite_family_041_var_03.jpg,synthetic::satellite::family_041
C:\Users\enzoo\PycharmProjects\orbitshield-CV\orbitshield-acv\dataset\synthetic\satellite\satellite_family_041_var_04.png,satellite,synthetic,synthetic_satellite_family_041_var_04.jpg,synthetic::satellite::family_041
C:\Users\enzoo\PycharmProjects\orbitshield-CV\orbitshield-acv\dataset\synthetic\satellite\satellite_family_041_var_05.png,satellite,synthetic,synthetic_satellite_family_041_var_05.jpg,synthetic::satellite::family_041
C:\Users\enzoo\PycharmProjects\orbitshield-CV\orbitshield-acv\dataset\synthetic\satellite\satellite_family_042_var_01.png,satellite,synthetic,synthetic_satellite_family_042_var_01.jpg,synthetic::satellite::family_042
C:\Users\enzoo\PycharmProjects\orbitshield-CV\orbitshield-acv\dataset\synthetic\satellite\satellite_family_042_var_02.png,satellite,synthetic,synthetic_satellite_family_042_var_02.jpg,synthetic::satellite::family_042
C:\Users\enzoo\PycharmProjects\orbitshield-CV\orbitshield-acv\dataset\synthetic\satellite\satellite_family_042_var_03.png,satellite,synthetic,synthetic_satellite_family_042_var_03.jpg,synthetic::satellite::family_042
C:\Users\enzoo\PycharmProjects\orbitshield-CV\orbitshield-acv\dataset\synthetic\satellite\satellite_family_042_var_04.png,satellite,synthetic,synthetic_satellite_family_042_var_04.jpg,synthetic::satellite::family_042
C:\Users\enzoo\PycharmProjects\orbitshield-CV\orbitshield-acv\dataset\synthetic\satellite\satellite_family_042_var_05.png,satellite,synthetic,synthetic_satellite_family_042_var_05.jpg,synthetic::satellite::family_042
C:\Users\enzoo\PycharmProjects\orbitshield-CV\orbitshield-acv\dataset\synthetic\satellite\satellite_family_043_var_01.png,satellite,synthetic,synthetic_satellite_family_043_var_01.jpg,synthetic::satellite::family_043
C:\Users\enzoo\PycharmProjects\orbitshield-CV\orbitshield-acv\dataset\synthetic\satellite\satellite_family_043_var_02.png,satellite,synthetic,synthetic_satellite_family_043_var_02.jpg,synthetic::satellite::family_043
C:\Users\enzoo\PycharmProjects\orbitshield-CV\orbitshield-acv\dataset\synthetic\satellite\satellite_family_043_var_03.png,satellite,synthetic,synthetic_satellite_family_043_var_03.jpg,synthetic::satellite::family_043
C:\Users\enzoo\PycharmProjects\orbitshield-CV\orbitshield-acv\dataset\synthetic\satellite\satellite_family_043_var_04.png,satellite,synthetic,synthetic_satellite_family_043_var_04.jpg,synthetic::satellite::family_043
C:\Users\enzoo\PycharmProjects\orbitshield-CV\orbitshield-acv\dataset\synthetic\satellite\satellite_family_043_var_05.png,satellite,synthetic,synthetic_satellite_family_043_var_05.jpg,synthetic::satellite::family_043
C:\Users\enzoo\PycharmProjects\orbitshield-CV\orbitshield-acv\dataset\synthetic\satellite\satellite_family_044_var_01.png,satellite,synthetic,synthetic_satellite_family_044_var_01.jpg,synthetic::satellite::family_044
C:\Users\enzoo\PycharmProjects\orbitshield-CV\orbitshield-acv\dataset\synthetic\satellite\satellite_family_044_var_02.png,satellite,synthetic,synthetic_satellite_family_044_var_02.jpg,synthetic::satellite::family_044
C:\Users\enzoo\PycharmProjects\orbitshield-CV\orbitshield-acv\dataset\synthetic\satellite\satellite_family_044_var_03.png,satellite,synthetic,synthetic_satellite_family_044_var_03.jpg,synthetic::satellite::family_044
C:\Users\enzoo\PycharmProjects\orbitshield-CV\orbitshield-acv\dataset\synthetic\satellite\satellite_family_044_var_04.png,satellite,synthetic,synthetic_satellite_family_044_var_04.jpg,synthetic::satellite::family_044
C:\Users\enzoo\PycharmProjects\orbitshield-CV\orbitshield-acv\dataset\synthetic\satellite\satellite_family_044_var_05.png,satellite,synthetic,synthetic_satellite_family_044_var_05.jpg,synthetic::satellite::family_044
C:\Users\enzoo\PycharmProjects\orbitshield-CV\orbitshield-acv\dataset\synthetic\satellite\satellite_family_045_var_01.png,satellite,synthetic,synthetic_satellite_family_045_var_01.jpg,synthetic::satellite::family_045
C:\Users\enzoo\PycharmProjects\orbitshield-CV\orbitshield-acv\dataset\synthetic\satellite\satellite_family_045_var_02.png,satellite,synthetic,synthetic_satellite_family_045_var_02.jpg,synthetic::satellite::family_045
C:\Users\enzoo\PycharmProjects\orbitshield-CV\orbitshield-acv\dataset\synthetic\satellite\satellite_family_045_var_03.png,satellite,synthetic,synthetic_satellite_family_045_var_03.jpg,synthetic::satellite::family_045
C:\Users\enzoo\PycharmProjects\orbitshield-CV\orbitshield-acv\dataset\synthetic\satellite\satellite_family_045_var_04.png,satellite,synthetic,synthetic_satellite_family_045_var_04.jpg,synthetic::satellite::family_045
C:\Users\enzoo\PycharmProjects\orbitshield-CV\orbitshield-acv\dataset\synthetic\satellite\satellite_family_045_var_05.png,satellite,synthetic,synthetic_satellite_family_045_var_05.jpg,synthetic::satellite::family_045
C:\Users\enzoo\PycharmProjects\orbitshield-CV\orbitshield-acv\dataset\synthetic\satellite\satellite_family_046_var_01.png,satellite,synthetic,synthetic_satellite_family_046_var_01.jpg,synthetic::satellite::family_046
C:\Users\enzoo\PycharmProjects\orbitshield-CV\orbitshield-acv\dataset\synthetic\satellite\satellite_family_046_var_02.png,satellite,synthetic,synthetic_satellite_family_046_var_02.jpg,synthetic::satellite::family_046
C:\Users\enzoo\PycharmProjects\orbitshield-CV\orbitshield-acv\dataset\synthetic\satellite\satellite_family_046_var_03.png,satellite,synthetic,synthetic_satellite_family_046_var_03.jpg,synthetic::satellite::family_046
C:\Users\enzoo\PycharmProjects\orbitshield-CV\orbitshield-acv\dataset\synthetic\satellite\satellite_family_046_var_04.png,satellite,synthetic,synthetic_satellite_family_046_var_04.jpg,synthetic::satellite::family_046
C:\Users\enzoo\PycharmProjects\orbitshield-CV\orbitshield-acv\dataset\synthetic\satellite\satellite_family_046_var_05.png,satellite,synthetic,synthetic_satellite_family_046_var_05.jpg,synthetic::satellite::family_046
C:\Users\enzoo\PycharmProjects\orbitshield-CV\orbitshield-acv\dataset\synthetic\satellite\satellite_family_047_var_01.png,satellite,synthetic,synthetic_satellite_family_047_var_01.jpg,synthetic::satellite::family_047
C:\Users\enzoo\PycharmProjects\orbitshield-CV\orbitshield-acv\dataset\synthetic\satellite\satellite_family_047_var_02.png,satellite,synthetic,synthetic_satellite_family_047_var_02.jpg,synthetic::satellite::family_047
C:\Users\enzoo\PycharmProjects\orbitshield-CV\orbitshield-acv\dataset\synthetic\satellite\satellite_family_047_var_03.png,satellite,synthetic,synthetic_satellite_family_047_var_03.jpg,synthetic::satellite::family_047
C:\Users\enzoo\PycharmProjects\orbitshield-CV\orbitshield-acv\dataset\synthetic\satellite\satellite_family_047_var_04.png,satellite,synthetic,synthetic_satellite_family_047_var_04.jpg,synthetic::satellite::family_047
C:\Users\enzoo\PycharmProjects\orbitshield-CV\orbitshield-acv\dataset\synthetic\satellite\satellite_family_047_var_05.png,satellite,synthetic,synthetic_satellite_family_047_var_05.jpg,synthetic::satellite::family_047
C:\Users\enzoo\PycharmProjects\orbitshield-CV\orbitshield-acv\dataset\synthetic\satellite\satellite_family_048_var_01.png,satellite,synthetic,synthetic_satellite_family_048_var_01.jpg,synthetic::satellite::family_048
C:\Users\enzoo\PycharmProjects\orbitshield-CV\orbitshield-acv\dataset\synthetic\satellite\satellite_family_048_var_02.png,satellite,synthetic,synthetic_satellite_family_048_var_02.jpg,synthetic::satellite::family_048
C:\Users\enzoo\PycharmProjects\orbitshield-CV\orbitshield-acv\dataset\synthetic\satellite\satellite_family_048_var_03.png,satellite,synthetic,synthetic_satellite_family_048_var_03.jpg,synthetic::satellite::family_048
C:\Users\enzoo\PycharmProjects\orbitshield-CV\orbitshield-acv\dataset\synthetic\satellite\satellite_family_048_var_04.png,satellite,synthetic,synthetic_satellite_family_048_var_04.jpg,synthetic::satellite::family_048
C:\Users\enzoo\PycharmProjects\orbitshield-CV\orbitshield-acv\dataset\synthetic\satellite\satellite_family_048_var_05.png,satellite,synthetic,synthetic_satellite_family_048_var_05.jpg,synthetic::satellite::family_048
C:\Users\enzoo\PycharmProjects\orbitshield-CV\orbitshield-acv\dataset\synthetic\satellite\satellite_family_049_var_01.png,satellite,synthetic,synthetic_satellite_family_049_var_01.jpg,synthetic::satellite::family_049
C:\Users\enzoo\PycharmProjects\orbitshield-CV\orbitshield-acv\dataset\synthetic\satellite\satellite_family_049_var_02.png,satellite,synthetic,synthetic_satellite_family_049_var_02.jpg,synthetic::satellite::family_049
C:\Users\enzoo\PycharmProjects\orbitshield-CV\orbitshield-acv\dataset\synthetic\satellite\satellite_family_049_var_03.png,satellite,synthetic,synthetic_satellite_family_049_var_03.jpg,synthetic::satellite::family_049
C:\Users\enzoo\PycharmProjects\orbitshield-CV\orbitshield-acv\dataset\synthetic\satellite\satellite_family_049_var_04.png,satellite,synthetic,synthetic_satellite_family_049_var_04.jpg,synthetic::satellite::family_049
C:\Users\enzoo\PycharmProjects\orbitshield-CV\orbitshield-acv\dataset\synthetic\satellite\satellite_family_049_var_05.png,satellite,synthetic,synthetic_satellite_family_049_var_05.jpg,synthetic::satellite::family_049
C:\Users\enzoo\PycharmProjects\orbitshield-CV\orbitshield-acv\dataset\synthetic\satellite\satellite_family_050_var_01.png,satellite,synthetic,synthetic_satellite_family_050_var_01.jpg,synthetic::satellite::family_050
C:\Users\enzoo\PycharmProjects\orbitshield-CV\orbitshield-acv\dataset\synthetic\satellite\satellite_family_050_var_02.png,satellite,synthetic,synthetic_satellite_family_050_var_02.jpg,synthetic::satellite::family_050
C:\Users\enzoo\PycharmProjects\orbitshield-CV\orbitshield-acv\dataset\synthetic\satellite\satellite_family_050_var_03.png,satellite,synthetic,synthetic_satellite_family_050_var_03.jpg,synthetic::satellite::family_050
C:\Users\enzoo\PycharmProjects\orbitshield-CV\orbitshield-acv\dataset\synthetic\satellite\satellite_family_050_var_04.png,satellite,synthetic,synthetic_satellite_family_050_var_04.jpg,synthetic::satellite::family_050
C:\Users\enzoo\PycharmProjects\orbitshield-CV\orbitshield-acv\dataset\synthetic\satellite\satellite_family_050_var_05.png,satellite,synthetic,synthetic_satellite_family_050_var_05.jpg,synthetic::satellite::family_050
C:\Users\enzoo\PycharmProjects\orbitshield-CV\orbitshield-acv\dataset\synthetic\satellite\satellite_family_051_var_01.png,satellite,synthetic,synthetic_satellite_family_051_var_01.jpg,synthetic::satellite::family_051
C:\Users\enzoo\PycharmProjects\orbitshield-CV\orbitshield-acv\dataset\synthetic\satellite\satellite_family_051_var_02.png,satellite,synthetic,synthetic_satellite_family_051_var_02.jpg,synthetic::satellite::family_051
C:\Users\enzoo\PycharmProjects\orbitshield-CV\orbitshield-acv\dataset\synthetic\satellite\satellite_family_051_var_03.png,satellite,synthetic,synthetic_satellite_family_051_var_03.jpg,synthetic::satellite::family_051
C:\Users\enzoo\PycharmProjects\orbitshield-CV\orbitshield-acv\dataset\synthetic\satellite\satellite_family_051_var_04.png,satellite,synthetic,synthetic_satellite_family_051_var_04.jpg,synthetic::satellite::family_051
C:\Users\enzoo\PycharmProjects\orbitshield-CV\orbitshield-acv\dataset\synthetic\satellite\satellite_family_051_var_05.png,satellite,synthetic,synthetic_satellite_family_051_var_05.jpg,synthetic::satellite::family_051
C:\Users\enzoo\PycharmProjects\orbitshield-CV\orbitshield-acv\dataset\synthetic\satellite\satellite_family_052_var_01.png,satellite,synthetic,synthetic_satellite_family_052_var_01.jpg,synthetic::satellite::family_052
C:\Users\enzoo\PycharmProjects\orbitshield-CV\orbitshield-acv\dataset\synthetic\satellite\satellite_family_052_var_02.png,satellite,synthetic,synthetic_satellite_family_052_var_02.jpg,synthetic::satellite::family_052
C:\Users\enzoo\PycharmProjects\orbitshield-CV\orbitshield-acv\dataset\synthetic\satellite\satellite_family_052_var_03.png,satellite,synthetic,synthetic_satellite_family_052_var_03.jpg,synthetic::satellite::family_052
C:\Users\enzoo\PycharmProjects\orbitshield-CV\orbitshield-acv\dataset\synthetic\satellite\satellite_family_052_var_04.png,satellite,synthetic,synthetic_satellite_family_052_var_04.jpg,synthetic::satellite::family_052
C:\Users\enzoo\PycharmProjects\orbitshield-CV\orbitshield-acv\dataset\synthetic\satellite\satellite_family_052_var_05.png,satellite,synthetic,synthetic_satellite_family_052_var_05.jpg,synthetic::satellite::family_052
C:\Users\enzoo\PycharmProjects\orbitshield-CV\orbitshield-acv\dataset\synthetic\satellite\satellite_family_053_var_01.png,satellite,synthetic,synthetic_satellite_family_053_var_01.jpg,synthetic::satellite::family_053
C:\Users\enzoo\PycharmProjects\orbitshield-CV\orbitshield-acv\dataset\synthetic\satellite\satellite_family_053_var_02.png,satellite,synthetic,synthetic_satellite_family_053_var_02.jpg,synthetic::satellite::family_053
C:\Users\enzoo\PycharmProjects\orbitshield-CV\orbitshield-acv\dataset\synthetic\satellite\satellite_family_053_var_03.png,satellite,synthetic,synthetic_satellite_family_053_var_03.jpg,synthetic::satellite::family_053
C:\Users\enzoo\PycharmProjects\orbitshield-CV\orbitshield-acv\dataset\synthetic\satellite\satellite_family_053_var_04.png,satellite,synthetic,synthetic_satellite_family_053_var_04.jpg,synthetic::satellite::family_053
C:\Users\enzoo\PycharmProjects\orbitshield-CV\orbitshield-acv\dataset\synthetic\satellite\satellite_family_053_var_05.png,satellite,synthetic,synthetic_satellite_family_053_var_05.jpg,synthetic::satellite::family_053
C:\Users\enzoo\PycharmProjects\orbitshield-CV\orbitshield-acv\dataset\synthetic\satellite\satellite_family_054_var_01.png,satellite,synthetic,synthetic_satellite_family_054_var_01.jpg,synthetic::satellite::family_054
C:\Users\enzoo\PycharmProjects\orbitshield-CV\orbitshield-acv\dataset\synthetic\satellite\satellite_family_054_var_02.png,satellite,synthetic,synthetic_satellite_family_054_var_02.jpg,synthetic::satellite::family_054
C:\Users\enzoo\PycharmProjects\orbitshield-CV\orbitshield-acv\dataset\synthetic\satellite\satellite_family_054_var_03.png,satellite,synthetic,synthetic_satellite_family_054_var_03.jpg,synthetic::satellite::family_054
C:\Users\enzoo\PycharmProjects\orbitshield-CV\orbitshield-acv\dataset\synthetic\satellite\satellite_family_054_var_04.png,satellite,synthetic,synthetic_satellite_family_054_var_04.jpg,synthetic::satellite::family_054
C:\Users\enzoo\PycharmProjects\orbitshield-CV\orbitshield-acv\dataset\synthetic\satellite\satellite_family_054_var_05.png,satellite,synthetic,synthetic_satellite_family_054_var_05.jpg,synthetic::satellite::family_054
C:\Users\enzoo\PycharmProjects\orbitshield-CV\orbitshield-acv\dataset\synthetic\satellite\satellite_family_055_var_01.png,satellite,synthetic,synthetic_satellite_family_055_var_01.jpg,synthetic::satellite::family_055
C:\Users\enzoo\PycharmProjects\orbitshield-CV\orbitshield-acv\dataset\synthetic\satellite\satellite_family_055_var_02.png,satellite,synthetic,synthetic_satellite_family_055_var_02.jpg,synthetic::satellite::family_055
C:\Users\enzoo\PycharmProjects\orbitshield-CV\orbitshield-acv\dataset\synthetic\satellite\satellite_family_055_var_03.png,satellite,synthetic,synthetic_satellite_family_055_var_03.jpg,synthetic::satellite::family_055
C:\Users\enzoo\PycharmProjects\orbitshield-CV\orbitshield-acv\dataset\synthetic\satellite\satellite_family_055_var_04.png,satellite,synthetic,synthetic_satellite_family_055_var_04.jpg,synthetic::satellite::family_055
C:\Users\enzoo\PycharmProjects\orbitshield-CV\orbitshield-acv\dataset\synthetic\satellite\satellite_family_055_var_05.png,satellite,synthetic,synthetic_satellite_family_055_var_05.jpg,synthetic::satellite::family_055
C:\Users\enzoo\PycharmProjects\orbitshield-CV\orbitshield-acv\dataset\synthetic\satellite\satellite_family_056_var_01.png,satellite,synthetic,synthetic_satellite_family_056_var_01.jpg,synthetic::satellite::family_056
C:\Users\enzoo\PycharmProjects\orbitshield-CV\orbitshield-acv\dataset\synthetic\satellite\satellite_family_056_var_02.png,satellite,synthetic,synthetic_satellite_family_056_var_02.jpg,synthetic::satellite::family_056
C:\Users\enzoo\PycharmProjects\orbitshield-CV\orbitshield-acv\dataset\synthetic\satellite\satellite_family_056_var_03.png,satellite,synthetic,synthetic_satellite_family_056_var_03.jpg,synthetic::satellite::family_056
C:\Users\enzoo\PycharmProjects\orbitshield-CV\orbitshield-acv\dataset\synthetic\satellite\satellite_family_056_var_04.png,satellite,synthetic,synthetic_satellite_family_056_var_04.jpg,synthetic::satellite::family_056
C:\Users\enzoo\PycharmProjects\orbitshield-CV\orbitshield-acv\dataset\synthetic\satellite\satellite_family_056_var_05.png,satellite,synthetic,synthetic_satellite_family_056_var_05.jpg,synthetic::satellite::family_056
C:\Users\enzoo\PycharmProjects\orbitshield-CV\orbitshield-acv\dataset\synthetic\satellite\satellite_family_057_var_01.png,satellite,synthetic,synthetic_satellite_family_057_var_01.jpg,synthetic::satellite::family_057
C:\Users\enzoo\PycharmProjects\orbitshield-CV\orbitshield-acv\dataset\synthetic\satellite\satellite_family_057_var_02.png,satellite,synthetic,synthetic_satellite_family_057_var_02.jpg,synthetic::satellite::family_057
C:\Users\enzoo\PycharmProjects\orbitshield-CV\orbitshield-acv\dataset\synthetic\satellite\satellite_family_057_var_03.png,satellite,synthetic,synthetic_satellite_family_057_var_03.jpg,synthetic::satellite::family_057
C:\Users\enzoo\PycharmProjects\orbitshield-CV\orbitshield-acv\dataset\synthetic\satellite\satellite_family_057_var_04.png,satellite,synthetic,synthetic_satellite_family_057_var_04.jpg,synthetic::satellite::family_057
C:\Users\enzoo\PycharmProjects\orbitshield-CV\orbitshield-acv\dataset\synthetic\satellite\satellite_family_057_var_05.png,satellite,synthetic,synthetic_satellite_family_057_var_05.jpg,synthetic::satellite::family_057
C:\Users\enzoo\PycharmProjects\orbitshield-CV\orbitshield-acv\dataset\synthetic\satellite\satellite_family_058_var_01.png,satellite,synthetic,synthetic_satellite_family_058_var_01.jpg,synthetic::satellite::family_058
C:\Users\enzoo\PycharmProjects\orbitshield-CV\orbitshield-acv\dataset\synthetic\satellite\satellite_family_058_var_02.png,satellite,synthetic,synthetic_satellite_family_058_var_02.jpg,synthetic::satellite::family_058
C:\Users\enzoo\PycharmProjects\orbitshield-CV\orbitshield-acv\dataset\synthetic\satellite\satellite_family_058_var_03.png,satellite,synthetic,synthetic_satellite_family_058_var_03.jpg,synthetic::satellite::family_058
C:\Users\enzoo\PycharmProjects\orbitshield-CV\orbitshield-acv\dataset\synthetic\satellite\satellite_family_058_var_04.png,satellite,synthetic,synthetic_satellite_family_058_var_04.jpg,synthetic::satellite::family_058
C:\Users\enzoo\PycharmProjects\orbitshield-CV\orbitshield-acv\dataset\synthetic\satellite\satellite_family_058_var_05.png,satellite,synthetic,synthetic_satellite_family_058_var_05.jpg,synthetic::satellite::family_058
C:\Users\enzoo\PycharmProjects\orbitshield-CV\orbitshield-acv\dataset\synthetic\satellite\satellite_family_059_var_01.png,satellite,synthetic,synthetic_satellite_family_059_var_01.jpg,synthetic::satellite::family_059
C:\Users\enzoo\PycharmProjects\orbitshield-CV\orbitshield-acv\dataset\synthetic\satellite\satellite_family_059_var_02.png,satellite,synthetic,synthetic_satellite_family_059_var_02.jpg,synthetic::satellite::family_059
C:\Users\enzoo\PycharmProjects\orbitshield-CV\orbitshield-acv\dataset\synthetic\satellite\satellite_family_059_var_03.png,satellite,synthetic,synthetic_satellite_family_059_var_03.jpg,synthetic::satellite::family_059
C:\Users\enzoo\PycharmProjects\orbitshield-CV\orbitshield-acv\dataset\synthetic\satellite\satellite_family_059_var_04.png,satellite,synthetic,synthetic_satellite_family_059_var_04.jpg,synthetic::satellite::family_059
C:\Users\enzoo\PycharmProjects\orbitshield-CV\orbitshield-acv\dataset\synthetic\satellite\satellite_family_059_var_05.png,satellite,synthetic,synthetic_satellite_family_059_var_05.jpg,synthetic::satellite::family_059
C:\Users\enzoo\PycharmProjects\orbitshield-CV\orbitshield-acv\dataset\synthetic\satellite\satellite_family_060_var_01.png,satellite,synthetic,synthetic_satellite_family_060_var_01.jpg,synthetic::satellite::family_060
C:\Users\enzoo\PycharmProjects\orbitshield-CV\orbitshield-acv\dataset\synthetic\satellite\satellite_family_060_var_02.png,satellite,synthetic,synthetic_satellite_family_060_var_02.jpg,synthetic::satellite::family_060
C:\Users\enzoo\PycharmProjects\orbitshield-CV\orbitshield-acv\dataset\synthetic\satellite\satellite_family_060_var_03.png,satellite,synthetic,synthetic_satellite_family_060_var_03.jpg,synthetic::satellite::family_060
C:\Users\enzoo\PycharmProjects\orbitshield-CV\orbitshield-acv\dataset\synthetic\satellite\satellite_family_060_var_04.png,satellite,synthetic,synthetic_satellite_family_060_var_04.jpg,synthetic::satellite::family_060
C:\Users\enzoo\PycharmProjects\orbitshield-CV\orbitshield-acv\dataset\synthetic\satellite\satellite_family_060_var_05.png,satellite,synthetic,synthetic_satellite_family_060_var_05.jpg,synthetic::satellite::family_060
C:\Users\enzoo\PycharmProjects\orbitshield-CV\orbitshield-acv\dataset\synthetic\satellite\satellite_family_061_var_01.png,satellite,synthetic,synthetic_satellite_family_061_var_01.jpg,synthetic::satellite::family_061
C:\Users\enzoo\PycharmProjects\orbitshield-CV\orbitshield-acv\dataset\synthetic\satellite\satellite_family_061_var_02.png,satellite,synthetic,synthetic_satellite_family_061_var_02.jpg,synthetic::satellite::family_061
C:\Users\enzoo\PycharmProjects\orbitshield-CV\orbitshield-acv\dataset\synthetic\satellite\satellite_family_061_var_03.png,satellite,synthetic,synthetic_satellite_family_061_var_03.jpg,synthetic::satellite::family_061
C:\Users\enzoo\PycharmProjects\orbitshield-CV\orbitshield-acv\dataset\synthetic\satellite\satellite_family_061_var_04.png,satellite,synthetic,synthetic_satellite_family_061_var_04.jpg,synthetic::satellite::family_061
C:\Users\enzoo\PycharmProjects\orbitshield-CV\orbitshield-acv\dataset\synthetic\satellite\satellite_family_061_var_05.png,satellite,synthetic,synthetic_satellite_family_061_var_05.jpg,synthetic::satellite::family_061
C:\Users\enzoo\PycharmProjects\orbitshield-CV\orbitshield-acv\dataset\synthetic\satellite\satellite_family_062_var_01.png,satellite,synthetic,synthetic_satellite_family_062_var_01.jpg,synthetic::satellite::family_062
C:\Users\enzoo\PycharmProjects\orbitshield-CV\orbitshield-acv\dataset\synthetic\satellite\satellite_family_062_var_02.png,satellite,synthetic,synthetic_satellite_family_062_var_02.jpg,synthetic::satellite::family_062
C:\Users\enzoo\PycharmProjects\orbitshield-CV\orbitshield-acv\dataset\synthetic\satellite\satellite_family_062_var_03.png,satellite,synthetic,synthetic_satellite_family_062_var_03.jpg,synthetic::satellite::family_062
C:\Users\enzoo\PycharmProjects\orbitshield-CV\orbitshield-acv\dataset\synthetic\satellite\satellite_family_062_var_04.png,satellite,synthetic,synthetic_satellite_family_062_var_04.jpg,synthetic::satellite::family_062
C:\Users\enzoo\PycharmProjects\orbitshield-CV\orbitshield-acv\dataset\synthetic\satellite\satellite_family_062_var_05.png,satellite,synthetic,synthetic_satellite_family_062_var_05.jpg,synthetic::satellite::family_062
C:\Users\enzoo\PycharmProjects\orbitshield-CV\orbitshield-acv\dataset\synthetic\satellite\satellite_family_063_var_01.png,satellite,synthetic,synthetic_satellite_family_063_var_01.jpg,synthetic::satellite::family_063
C:\Users\enzoo\PycharmProjects\orbitshield-CV\orbitshield-acv\dataset\synthetic\satellite\satellite_family_063_var_02.png,satellite,synthetic,synthetic_satellite_family_063_var_02.jpg,synthetic::satellite::family_063
C:\Users\enzoo\PycharmProjects\orbitshield-CV\orbitshield-acv\dataset\synthetic\satellite\satellite_family_063_var_03.png,satellite,synthetic,synthetic_satellite_family_063_var_03.jpg,synthetic::satellite::family_063
C:\Users\enzoo\PycharmProjects\orbitshield-CV\orbitshield-acv\dataset\synthetic\satellite\satellite_family_063_var_04.png,satellite,synthetic,synthetic_satellite_family_063_var_04.jpg,synthetic::satellite::family_063
C:\Users\enzoo\PycharmProjects\orbitshield-CV\orbitshield-acv\dataset\synthetic\satellite\satellite_family_063_var_05.png,satellite,synthetic,synthetic_satellite_family_063_var_05.jpg,synthetic::satellite::family_063
C:\Users\enzoo\PycharmProjects\orbitshield-CV\orbitshield-acv\dataset\synthetic\satellite\satellite_family_064_var_01.png,satellite,synthetic,synthetic_satellite_family_064_var_01.jpg,synthetic::satellite::family_064
C:\Users\enzoo\PycharmProjects\orbitshield-CV\orbitshield-acv\dataset\synthetic\satellite\satellite_family_064_var_02.png,satellite,synthetic,synthetic_satellite_family_064_var_02.jpg,synthetic::satellite::family_064
C:\Users\enzoo\PycharmProjects\orbitshield-CV\orbitshield-acv\dataset\synthetic\satellite\satellite_family_064_var_03.png,satellite,synthetic,synthetic_satellite_family_064_var_03.jpg,synthetic::satellite::family_064
C:\Users\enzoo\PycharmProjects\orbitshield-CV\orbitshield-acv\dataset\synthetic\satellite\satellite_family_064_var_04.png,satellite,synthetic,synthetic_satellite_family_064_var_04.jpg,synthetic::satellite::family_064
C:\Users\enzoo\PycharmProjects\orbitshield-CV\orbitshield-acv\dataset\synthetic\satellite\satellite_family_064_var_05.png,satellite,synthetic,synthetic_satellite_family_064_var_05.jpg,synthetic::satellite::family_064
C:\Users\enzoo\PycharmProjects\orbitshield-CV\orbitshield-acv\dataset\synthetic\satellite\satellite_family_065_var_01.png,satellite,synthetic,synthetic_satellite_family_065_var_01.jpg,synthetic::satellite::family_065
C:\Users\enzoo\PycharmProjects\orbitshield-CV\orbitshield-acv\dataset\synthetic\satellite\satellite_family_065_var_02.png,satellite,synthetic,synthetic_satellite_family_065_var_02.jpg,synthetic::satellite::family_065
C:\Users\enzoo\PycharmProjects\orbitshield-CV\orbitshield-acv\dataset\synthetic\satellite\satellite_family_065_var_03.png,satellite,synthetic,synthetic_satellite_family_065_var_03.jpg,synthetic::satellite::family_065
C:\Users\enzoo\PycharmProjects\orbitshield-CV\orbitshield-acv\dataset\synthetic\satellite\satellite_family_065_var_04.png,satellite,synthetic,synthetic_satellite_family_065_var_04.jpg,synthetic::satellite::family_065
C:\Users\enzoo\PycharmProjects\orbitshield-CV\orbitshield-acv\dataset\synthetic\satellite\satellite_family_065_var_05.png,satellite,synthetic,synthetic_satellite_family_065_var_05.jpg,synthetic::satellite::family_065
C:\Users\enzoo\PycharmProjects\orbitshield-CV\orbitshield-acv\dataset\synthetic\satellite\satellite_family_066_var_01.png,satellite,synthetic,synthetic_satellite_family_066_var_01.jpg,synthetic::satellite::family_066
C:\Users\enzoo\PycharmProjects\orbitshield-CV\orbitshield-acv\dataset\synthetic\satellite\satellite_family_066_var_02.png,satellite,synthetic,synthetic_satellite_family_066_var_02.jpg,synthetic::satellite::family_066
C:\Users\enzoo\PycharmProjects\orbitshield-CV\orbitshield-acv\dataset\synthetic\satellite\satellite_family_066_var_03.png,satellite,synthetic,synthetic_satellite_family_066_var_03.jpg,synthetic::satellite::family_066
C:\Users\enzoo\PycharmProjects\orbitshield-CV\orbitshield-acv\dataset\synthetic\satellite\satellite_family_066_var_04.png,satellite,synthetic,synthetic_satellite_family_066_var_04.jpg,synthetic::satellite::family_066
C:\Users\enzoo\PycharmProjects\orbitshield-CV\orbitshield-acv\dataset\synthetic\satellite\satellite_family_066_var_05.png,satellite,synthetic,synthetic_satellite_family_066_var_05.jpg,synthetic::satellite::family_066
C:\Users\enzoo\PycharmProjects\orbitshield-CV\orbitshield-acv\dataset\synthetic\satellite\satellite_family_067_var_01.png,satellite,synthetic,synthetic_satellite_family_067_var_01.jpg,synthetic::satellite::family_067
C:\Users\enzoo\PycharmProjects\orbitshield-CV\orbitshield-acv\dataset\synthetic\satellite\satellite_family_067_var_02.png,satellite,synthetic,synthetic_satellite_family_067_var_02.jpg,synthetic::satellite::family_067
C:\Users\enzoo\PycharmProjects\orbitshield-CV\orbitshield-acv\dataset\synthetic\satellite\satellite_family_067_var_03.png,satellite,synthetic,synthetic_satellite_family_067_var_03.jpg,synthetic::satellite::family_067
C:\Users\enzoo\PycharmProjects\orbitshield-CV\orbitshield-acv\dataset\synthetic\satellite\satellite_family_067_var_04.png,satellite,synthetic,synthetic_satellite_family_067_var_04.jpg,synthetic::satellite::family_067
C:\Users\enzoo\PycharmProjects\orbitshield-CV\orbitshield-acv\dataset\synthetic\satellite\satellite_family_067_var_05.png,satellite,synthetic,synthetic_satellite_family_067_var_05.jpg,synthetic::satellite::family_067
C:\Users\enzoo\PycharmProjects\orbitshield-CV\orbitshield-acv\dataset\synthetic\satellite\satellite_family_068_var_01.png,satellite,synthetic,synthetic_satellite_family_068_var_01.jpg,synthetic::satellite::family_068
C:\Users\enzoo\PycharmProjects\orbitshield-CV\orbitshield-acv\dataset\synthetic\satellite\satellite_family_068_var_02.png,satellite,synthetic,synthetic_satellite_family_068_var_02.jpg,synthetic::satellite::family_068
C:\Users\enzoo\PycharmProjects\orbitshield-CV\orbitshield-acv\dataset\synthetic\satellite\satellite_family_068_var_03.png,satellite,synthetic,synthetic_satellite_family_068_var_03.jpg,synthetic::satellite::family_068
C:\Users\enzoo\PycharmProjects\orbitshield-CV\orbitshield-acv\dataset\synthetic\satellite\satellite_family_068_var_04.png,satellite,synthetic,synthetic_satellite_family_068_var_04.jpg,synthetic::satellite::family_068
C:\Users\enzoo\PycharmProjects\orbitshield-CV\orbitshield-acv\dataset\synthetic\satellite\satellite_family_068_var_05.png,satellite,synthetic,synthetic_satellite_family_068_var_05.jpg,synthetic::satellite::family_068
C:\Users\enzoo\PycharmProjects\orbitshield-CV\orbitshield-acv\dataset\synthetic\satellite\satellite_family_069_var_01.png,satellite,synthetic,synthetic_satellite_family_069_var_01.jpg,synthetic::satellite::family_069
C:\Users\enzoo\PycharmProjects\orbitshield-CV\orbitshield-acv\dataset\synthetic\satellite\satellite_family_069_var_02.png,satellite,synthetic,synthetic_satellite_family_069_var_02.jpg,synthetic::satellite::family_069
C:\Users\enzoo\PycharmProjects\orbitshield-CV\orbitshield-acv\dataset\synthetic\satellite\satellite_family_069_var_03.png,satellite,synthetic,synthetic_satellite_family_069_var_03.jpg,synthetic::satellite::family_069
C:\Users\enzoo\PycharmProjects\orbitshield-CV\orbitshield-acv\dataset\synthetic\satellite\satellite_family_069_var_04.png,satellite,synthetic,synthetic_satellite_family_069_var_04.jpg,synthetic::satellite::family_069
C:\Users\enzoo\PycharmProjects\orbitshield-CV\orbitshield-acv\dataset\synthetic\satellite\satellite_family_069_var_05.png,satellite,synthetic,synthetic_satellite_family_069_var_05.jpg,synthetic::satellite::family_069
C:\Users\enzoo\PycharmProjects\orbitshield-CV\orbitshield-acv\dataset\synthetic\satellite\satellite_family_070_var_01.png,satellite,synthetic,synthetic_satellite_family_070_var_01.jpg,synthetic::satellite::family_070
C:\Users\enzoo\PycharmProjects\orbitshield-CV\orbitshield-acv\dataset\synthetic\satellite\satellite_family_070_var_02.png,satellite,synthetic,synthetic_satellite_family_070_var_02.jpg,synthetic::satellite::family_070
C:\Users\enzoo\PycharmProjects\orbitshield-CV\orbitshield-acv\dataset\synthetic\satellite\satellite_family_070_var_03.png,satellite,synthetic,synthetic_satellite_family_070_var_03.jpg,synthetic::satellite::family_070
C:\Users\enzoo\PycharmProjects\orbitshield-CV\orbitshield-acv\dataset\synthetic\satellite\satellite_family_070_var_04.png,satellite,synthetic,synthetic_satellite_family_070_var_04.jpg,synthetic::satellite::family_070
C:\Users\enzoo\PycharmProjects\orbitshield-CV\orbitshield-acv\dataset\synthetic\satellite\satellite_family_070_var_05.png,satellite,synthetic,synthetic_satellite_family_070_var_05.jpg,synthetic::satellite::family_070
C:\Users\enzoo\PycharmProjects\orbitshield-CV\orbitshield-acv\dataset\synthetic\satellite\satellite_family_071_var_01.png,satellite,synthetic,synthetic_satellite_family_071_var_01.jpg,synthetic::satellite::family_071
C:\Users\enzoo\PycharmProjects\orbitshield-CV\orbitshield-acv\dataset\synthetic\satellite\satellite_family_071_var_02.png,satellite,synthetic,synthetic_satellite_family_071_var_02.jpg,synthetic::satellite::family_071
C:\Users\enzoo\PycharmProjects\orbitshield-CV\orbitshield-acv\dataset\synthetic\satellite\satellite_family_071_var_03.png,satellite,synthetic,synthetic_satellite_family_071_var_03.jpg,synthetic::satellite::family_071
C:\Users\enzoo\PycharmProjects\orbitshield-CV\orbitshield-acv\dataset\synthetic\satellite\satellite_family_071_var_04.png,satellite,synthetic,synthetic_satellite_family_071_var_04.jpg,synthetic::satellite::family_071
C:\Users\enzoo\PycharmProjects\orbitshield-CV\orbitshield-acv\dataset\synthetic\satellite\satellite_family_071_var_05.png,satellite,synthetic,synthetic_satellite_family_071_var_05.jpg,synthetic::satellite::family_071
C:\Users\enzoo\PycharmProjects\orbitshield-CV\orbitshield-acv\dataset\synthetic\satellite\satellite_family_072_var_01.png,satellite,synthetic,synthetic_satellite_family_072_var_01.jpg,synthetic::satellite::family_072
C:\Users\enzoo\PycharmProjects\orbitshield-CV\orbitshield-acv\dataset\synthetic\satellite\satellite_family_072_var_02.png,satellite,synthetic,synthetic_satellite_family_072_var_02.jpg,synthetic::satellite::family_072
C:\Users\enzoo\PycharmProjects\orbitshield-CV\orbitshield-acv\dataset\synthetic\satellite\satellite_family_072_var_03.png,satellite,synthetic,synthetic_satellite_family_072_var_03.jpg,synthetic::satellite::family_072
C:\Users\enzoo\PycharmProjects\orbitshield-CV\orbitshield-acv\dataset\synthetic\satellite\satellite_family_072_var_04.png,satellite,synthetic,synthetic_satellite_family_072_var_04.jpg,synthetic::satellite::family_072
C:\Users\enzoo\PycharmProjects\orbitshield-CV\orbitshield-acv\dataset\synthetic\satellite\satellite_family_072_var_05.png,satellite,synthetic,synthetic_satellite_family_072_var_05.jpg,synthetic::satellite::family_072
C:\Users\enzoo\PycharmProjects\orbitshield-CV\orbitshield-acv\dataset\synthetic\satellite\satellite_family_073_var_01.png,satellite,synthetic,synthetic_satellite_family_073_var_01.jpg,synthetic::satellite::family_073
C:\Users\enzoo\PycharmProjects\orbitshield-CV\orbitshield-acv\dataset\synthetic\satellite\satellite_family_073_var_02.png,satellite,synthetic,synthetic_satellite_family_073_var_02.jpg,synthetic::satellite::family_073
C:\Users\enzoo\PycharmProjects\orbitshield-CV\orbitshield-acv\dataset\synthetic\satellite\satellite_family_073_var_03.png,satellite,synthetic,synthetic_satellite_family_073_var_03.jpg,synthetic::satellite::family_073
C:\Users\enzoo\PycharmProjects\orbitshield-CV\orbitshield-acv\dataset\synthetic\satellite\satellite_family_073_var_04.png,satellite,synthetic,synthetic_satellite_family_073_var_04.jpg,synthetic::satellite::family_073
C:\Users\enzoo\PycharmProjects\orbitshield-CV\orbitshield-acv\dataset\synthetic\satellite\satellite_family_073_var_05.png,satellite,synthetic,synthetic_satellite_family_073_var_05.jpg,synthetic::satellite::family_073
C:\Users\enzoo\PycharmProjects\orbitshield-CV\orbitshield-acv\dataset\synthetic\satellite\satellite_family_074_var_01.png,satellite,synthetic,synthetic_satellite_family_074_var_01.jpg,synthetic::satellite::family_074
C:\Users\enzoo\PycharmProjects\orbitshield-CV\orbitshield-acv\dataset\synthetic\satellite\satellite_family_074_var_02.png,satellite,synthetic,synthetic_satellite_family_074_var_02.jpg,synthetic::satellite::family_074
C:\Users\enzoo\PycharmProjects\orbitshield-CV\orbitshield-acv\dataset\synthetic\satellite\satellite_family_074_var_03.png,satellite,synthetic,synthetic_satellite_family_074_var_03.jpg,synthetic::satellite::family_074
C:\Users\enzoo\PycharmProjects\orbitshield-CV\orbitshield-acv\dataset\synthetic\satellite\satellite_family_074_var_04.png,satellite,synthetic,synthetic_satellite_family_074_var_04.jpg,synthetic::satellite::family_074
C:\Users\enzoo\PycharmProjects\orbitshield-CV\orbitshield-acv\dataset\synthetic\satellite\satellite_family_074_var_05.png,satellite,synthetic,synthetic_satellite_family_074_var_05.jpg,synthetic::satellite::family_074
C:\Users\enzoo\PycharmProjects\orbitshield-CV\orbitshield-acv\dataset\synthetic\satellite\satellite_family_075_var_01.png,satellite,synthetic,synthetic_satellite_family_075_var_01.jpg,synthetic::satellite::family_075
C:\Users\enzoo\PycharmProjects\orbitshield-CV\orbitshield-acv\dataset\synthetic\satellite\satellite_family_075_var_02.png,satellite,synthetic,synthetic_satellite_family_075_var_02.jpg,synthetic::satellite::family_075
C:\Users\enzoo\PycharmProjects\orbitshield-CV\orbitshield-acv\dataset\synthetic\satellite\satellite_family_075_var_03.png,satellite,synthetic,synthetic_satellite_family_075_var_03.jpg,synthetic::satellite::family_075
C:\Users\enzoo\PycharmProjects\orbitshield-CV\orbitshield-acv\dataset\synthetic\satellite\satellite_family_075_var_04.png,satellite,synthetic,synthetic_satellite_family_075_var_04.jpg,synthetic::satellite::family_075
C:\Users\enzoo\PycharmProjects\orbitshield-CV\orbitshield-acv\dataset\synthetic\satellite\satellite_family_075_var_05.png,satellite,synthetic,synthetic_satellite_family_075_var_05.jpg,synthetic::satellite::family_075
C:\Users\enzoo\PycharmProjects\orbitshield-CV\orbitshield-acv\dataset\synthetic\satellite\satellite_family_076_var_01.png,satellite,synthetic,synthetic_satellite_family_076_var_01.jpg,synthetic::satellite::family_076
C:\Users\enzoo\PycharmProjects\orbitshield-CV\orbitshield-acv\dataset\synthetic\satellite\satellite_family_076_var_02.png,satellite,synthetic,synthetic_satellite_family_076_var_02.jpg,synthetic::satellite::family_076
C:\Users\enzoo\PycharmProjects\orbitshield-CV\orbitshield-acv\dataset\synthetic\satellite\satellite_family_076_var_03.png,satellite,synthetic,synthetic_satellite_family_076_var_03.jpg,synthetic::satellite::family_076
C:\Users\enzoo\PycharmProjects\orbitshield-CV\orbitshield-acv\dataset\synthetic\satellite\satellite_family_076_var_04.png,satellite,synthetic,synthetic_satellite_family_076_var_04.jpg,synthetic::satellite::family_076
C:\Users\enzoo\PycharmProjects\orbitshield-CV\orbitshield-acv\dataset\synthetic\satellite\satellite_family_076_var_05.png,satellite,synthetic,synthetic_satellite_family_076_var_05.jpg,synthetic::satellite::family_076
C:\Users\enzoo\PycharmProjects\orbitshield-CV\orbitshield-acv\dataset\synthetic\satellite\satellite_family_077_var_01.png,satellite,synthetic,synthetic_satellite_family_077_var_01.jpg,synthetic::satellite::family_077
C:\Users\enzoo\PycharmProjects\orbitshield-CV\orbitshield-acv\dataset\synthetic\satellite\satellite_family_077_var_02.png,satellite,synthetic,synthetic_satellite_family_077_var_02.jpg,synthetic::satellite::family_077
C:\Users\enzoo\PycharmProjects\orbitshield-CV\orbitshield-acv\dataset\synthetic\satellite\satellite_family_077_var_03.png,satellite,synthetic,synthetic_satellite_family_077_var_03.jpg,synthetic::satellite::family_077
C:\Users\enzoo\PycharmProjects\orbitshield-CV\orbitshield-acv\dataset\synthetic\satellite\satellite_family_077_var_04.png,satellite,synthetic,synthetic_satellite_family_077_var_04.jpg,synthetic::satellite::family_077
C:\Users\enzoo\PycharmProjects\orbitshield-CV\orbitshield-acv\dataset\synthetic\satellite\satellite_family_077_var_05.png,satellite,synthetic,synthetic_satellite_family_077_var_05.jpg,synthetic::satellite::family_077
C:\Users\enzoo\PycharmProjects\orbitshield-CV\orbitshield-acv\dataset\synthetic\satellite\satellite_family_078_var_01.png,satellite,synthetic,synthetic_satellite_family_078_var_01.jpg,synthetic::satellite::family_078
C:\Users\enzoo\PycharmProjects\orbitshield-CV\orbitshield-acv\dataset\synthetic\satellite\satellite_family_078_var_02.png,satellite,synthetic,synthetic_satellite_family_078_var_02.jpg,synthetic::satellite::family_078
C:\Users\enzoo\PycharmProjects\orbitshield-CV\orbitshield-acv\dataset\synthetic\satellite\satellite_family_078_var_03.png,satellite,synthetic,synthetic_satellite_family_078_var_03.jpg,synthetic::satellite::family_078
C:\Users\enzoo\PycharmProjects\orbitshield-CV\orbitshield-acv\dataset\synthetic\satellite\satellite_family_078_var_04.png,satellite,synthetic,synthetic_satellite_family_078_var_04.jpg,synthetic::satellite::family_078
C:\Users\enzoo\PycharmProjects\orbitshield-CV\orbitshield-acv\dataset\synthetic\satellite\satellite_family_078_var_05.png,satellite,synthetic,synthetic_satellite_family_078_var_05.jpg,synthetic::satellite::family_078
C:\Users\enzoo\PycharmProjects\orbitshield-CV\orbitshield-acv\dataset\synthetic\satellite\satellite_family_079_var_01.png,satellite,synthetic,synthetic_satellite_family_079_var_01.jpg,synthetic::satellite::family_079
C:\Users\enzoo\PycharmProjects\orbitshield-CV\orbitshield-acv\dataset\synthetic\satellite\satellite_family_079_var_02.png,satellite,synthetic,synthetic_satellite_family_079_var_02.jpg,synthetic::satellite::family_079
C:\Users\enzoo\PycharmProjects\orbitshield-CV\orbitshield-acv\dataset\synthetic\satellite\satellite_family_079_var_03.png,satellite,synthetic,synthetic_satellite_family_079_var_03.jpg,synthetic::satellite::family_079
C:\Users\enzoo\PycharmProjects\orbitshield-CV\orbitshield-acv\dataset\synthetic\satellite\satellite_family_079_var_04.png,satellite,synthetic,synthetic_satellite_family_079_var_04.jpg,synthetic::satellite::family_079
C:\Users\enzoo\PycharmProjects\orbitshield-CV\orbitshield-acv\dataset\synthetic\satellite\satellite_family_079_var_05.png,satellite,synthetic,synthetic_satellite_family_079_var_05.jpg,synthetic::satellite::family_079
C:\Users\enzoo\PycharmProjects\orbitshield-CV\orbitshield-acv\dataset\synthetic\satellite\satellite_family_080_var_01.png,satellite,synthetic,synthetic_satellite_family_080_var_01.jpg,synthetic::satellite::family_080
C:\Users\enzoo\PycharmProjects\orbitshield-CV\orbitshield-acv\dataset\synthetic\satellite\satellite_family_080_var_02.png,satellite,synthetic,synthetic_satellite_family_080_var_02.jpg,synthetic::satellite::family_080
C:\Users\enzoo\PycharmProjects\orbitshield-CV\orbitshield-acv\dataset\synthetic\satellite\satellite_family_080_var_03.png,satellite,synthetic,synthetic_satellite_family_080_var_03.jpg,synthetic::satellite::family_080
C:\Users\enzoo\PycharmProjects\orbitshield-CV\orbitshield-acv\dataset\synthetic\satellite\satellite_family_080_var_04.png,satellite,synthetic,synthetic_satellite_family_080_var_04.jpg,synthetic::satellite::family_080
C:\Users\enzoo\PycharmProjects\orbitshield-CV\orbitshield-acv\dataset\synthetic\satellite\satellite_family_080_var_05.png,satellite,synthetic,synthetic_satellite_family_080_var_05.jpg,synthetic::satellite::family_080
C:\Users\enzoo\PycharmProjects\orbitshield-CV\orbitshield-acv\dataset\synthetic\satellite\satellite_family_081_var_01.png,satellite,synthetic,synthetic_satellite_family_081_var_01.jpg,synthetic::satellite::family_081
C:\Users\enzoo\PycharmProjects\orbitshield-CV\orbitshield-acv\dataset\synthetic\satellite\satellite_family_081_var_02.png,satellite,synthetic,synthetic_satellite_family_081_var_02.jpg,synthetic::satellite::family_081
C:\Users\enzoo\PycharmProjects\orbitshield-CV\orbitshield-acv\dataset\synthetic\satellite\satellite_family_081_var_03.png,satellite,synthetic,synthetic_satellite_family_081_var_03.jpg,synthetic::satellite::family_081
C:\Users\enzoo\PycharmProjects\orbitshield-CV\orbitshield-acv\dataset\synthetic\satellite\satellite_family_081_var_04.png,satellite,synthetic,synthetic_satellite_family_081_var_04.jpg,synthetic::satellite::family_081
C:\Users\enzoo\PycharmProjects\orbitshield-CV\orbitshield-acv\dataset\synthetic\satellite\satellite_family_081_var_05.png,satellite,synthetic,synthetic_satellite_family_081_var_05.jpg,synthetic::satellite::family_081
C:\Users\enzoo\PycharmProjects\orbitshield-CV\orbitshield-acv\dataset\synthetic\satellite\satellite_family_082_var_01.png,satellite,synthetic,synthetic_satellite_family_082_var_01.jpg,synthetic::satellite::family_082
C:\Users\enzoo\PycharmProjects\orbitshield-CV\orbitshield-acv\dataset\synthetic\satellite\satellite_family_082_var_02.png,satellite,synthetic,synthetic_satellite_family_082_var_02.jpg,synthetic::satellite::family_082
C:\Users\enzoo\PycharmProjects\orbitshield-CV\orbitshield-acv\dataset\synthetic\satellite\satellite_family_082_var_03.png,satellite,synthetic,synthetic_satellite_family_082_var_03.jpg,synthetic::satellite::family_082
C:\Users\enzoo\PycharmProjects\orbitshield-CV\orbitshield-acv\dataset\synthetic\satellite\satellite_family_082_var_04.png,satellite,synthetic,synthetic_satellite_family_082_var_04.jpg,synthetic::satellite::family_082
C:\Users\enzoo\PycharmProjects\orbitshield-CV\orbitshield-acv\dataset\synthetic\satellite\satellite_family_082_var_05.png,satellite,synthetic,synthetic_satellite_family_082_var_05.jpg,synthetic::satellite::family_082
C:\Users\enzoo\PycharmProjects\orbitshield-CV\orbitshield-acv\dataset\synthetic\satellite\satellite_family_083_var_01.png,satellite,synthetic,synthetic_satellite_family_083_var_01.jpg,synthetic::satellite::family_083
C:\Users\enzoo\PycharmProjects\orbitshield-CV\orbitshield-acv\dataset\synthetic\satellite\satellite_family_083_var_02.png,satellite,synthetic,synthetic_satellite_family_083_var_02.jpg,synthetic::satellite::family_083
C:\Users\enzoo\PycharmProjects\orbitshield-CV\orbitshield-acv\dataset\synthetic\satellite\satellite_family_083_var_03.png,satellite,synthetic,synthetic_satellite_family_083_var_03.jpg,synthetic::satellite::family_083
C:\Users\enzoo\PycharmProjects\orbitshield-CV\orbitshield-acv\dataset\synthetic\satellite\satellite_family_083_var_04.png,satellite,synthetic,synthetic_satellite_family_083_var_04.jpg,synthetic::satellite::family_083
C:\Users\enzoo\PycharmProjects\orbitshield-CV\orbitshield-acv\dataset\synthetic\satellite\satellite_family_083_var_05.png,satellite,synthetic,synthetic_satellite_family_083_var_05.jpg,synthetic::satellite::family_083
C:\Users\enzoo\PycharmProjects\orbitshield-CV\orbitshield-acv\dataset\synthetic\satellite\satellite_family_084_var_01.png,satellite,synthetic,synthetic_satellite_family_084_var_01.jpg,synthetic::satellite::family_084
C:\Users\enzoo\PycharmProjects\orbitshield-CV\orbitshield-acv\dataset\synthetic\satellite\satellite_family_084_var_02.png,satellite,synthetic,synthetic_satellite_family_084_var_02.jpg,synthetic::satellite::family_084
C:\Users\enzoo\PycharmProjects\orbitshield-CV\orbitshield-acv\dataset\synthetic\satellite\satellite_family_084_var_03.png,satellite,synthetic,synthetic_satellite_family_084_var_03.jpg,synthetic::satellite::family_084
C:\Users\enzoo\PycharmProjects\orbitshield-CV\orbitshield-acv\dataset\synthetic\satellite\satellite_family_084_var_04.png,satellite,synthetic,synthetic_satellite_family_084_var_04.jpg,synthetic::satellite::family_084
C:\Users\enzoo\PycharmProjects\orbitshield-CV\orbitshield-acv\dataset\synthetic\satellite\satellite_family_084_var_05.png,satellite,synthetic,synthetic_satellite_family_084_var_05.jpg,synthetic::satellite::family_084
C:\Users\enzoo\PycharmProjects\orbitshield-CV\orbitshield-acv\dataset\synthetic\satellite\satellite_family_085_var_01.png,satellite,synthetic,synthetic_satellite_family_085_var_01.jpg,synthetic::satellite::family_085
C:\Users\enzoo\PycharmProjects\orbitshield-CV\orbitshield-acv\dataset\synthetic\satellite\satellite_family_085_var_02.png,satellite,synthetic,synthetic_satellite_family_085_var_02.jpg,synthetic::satellite::family_085
C:\Users\enzoo\PycharmProjects\orbitshield-CV\orbitshield-acv\dataset\synthetic\satellite\satellite_family_085_var_03.png,satellite,synthetic,synthetic_satellite_family_085_var_03.jpg,synthetic::satellite::family_085
C:\Users\enzoo\PycharmProjects\orbitshield-CV\orbitshield-acv\dataset\synthetic\satellite\satellite_family_085_var_04.png,satellite,synthetic,synthetic_satellite_family_085_var_04.jpg,synthetic::satellite::family_085
C:\Users\enzoo\PycharmProjects\orbitshield-CV\orbitshield-acv\dataset\synthetic\satellite\satellite_family_085_var_05.png,satellite,synthetic,synthetic_satellite_family_085_var_05.jpg,synthetic::satellite::family_085
C:\Users\enzoo\PycharmProjects\orbitshield-CV\orbitshield-acv\dataset\synthetic\satellite\satellite_family_086_var_01.png,satellite,synthetic,synthetic_satellite_family_086_var_01.jpg,synthetic::satellite::family_086
C:\Users\enzoo\PycharmProjects\orbitshield-CV\orbitshield-acv\dataset\synthetic\satellite\satellite_family_086_var_02.png,satellite,synthetic,synthetic_satellite_family_086_var_02.jpg,synthetic::satellite::family_086
C:\Users\enzoo\PycharmProjects\orbitshield-CV\orbitshield-acv\dataset\synthetic\satellite\satellite_family_086_var_03.png,satellite,synthetic,synthetic_satellite_family_086_var_03.jpg,synthetic::satellite::family_086
C:\Users\enzoo\PycharmProjects\orbitshield-CV\orbitshield-acv\dataset\synthetic\satellite\satellite_family_086_var_04.png,satellite,synthetic,synthetic_satellite_family_086_var_04.jpg,synthetic::satellite::family_086
C:\Users\enzoo\PycharmProjects\orbitshield-CV\orbitshield-acv\dataset\synthetic\satellite\satellite_family_086_var_05.png,satellite,synthetic,synthetic_satellite_family_086_var_05.jpg,synthetic::satellite::family_086
C:\Users\enzoo\PycharmProjects\orbitshield-CV\orbitshield-acv\dataset\synthetic\satellite\satellite_family_087_var_01.png,satellite,synthetic,synthetic_satellite_family_087_var_01.jpg,synthetic::satellite::family_087
C:\Users\enzoo\PycharmProjects\orbitshield-CV\orbitshield-acv\dataset\synthetic\satellite\satellite_family_087_var_02.png,satellite,synthetic,synthetic_satellite_family_087_var_02.jpg,synthetic::satellite::family_087
C:\Users\enzoo\PycharmProjects\orbitshield-CV\orbitshield-acv\dataset\synthetic\satellite\satellite_family_087_var_03.png,satellite,synthetic,synthetic_satellite_family_087_var_03.jpg,synthetic::satellite::family_087
C:\Users\enzoo\PycharmProjects\orbitshield-CV\orbitshield-acv\dataset\synthetic\satellite\satellite_family_087_var_04.png,satellite,synthetic,synthetic_satellite_family_087_var_04.jpg,synthetic::satellite::family_087
C:\Users\enzoo\PycharmProjects\orbitshield-CV\orbitshield-acv\dataset\synthetic\satellite\satellite_family_087_var_05.png,satellite,synthetic,synthetic_satellite_family_087_var_05.jpg,synthetic::satellite::family_087
C:\Users\enzoo\PycharmProjects\orbitshield-CV\orbitshield-acv\dataset\synthetic\satellite\satellite_family_088_var_01.png,satellite,synthetic,synthetic_satellite_family_088_var_01.jpg,synthetic::satellite::family_088
C:\Users\enzoo\PycharmProjects\orbitshield-CV\orbitshield-acv\dataset\synthetic\satellite\satellite_family_088_var_02.png,satellite,synthetic,synthetic_satellite_family_088_var_02.jpg,synthetic::satellite::family_088
C:\Users\enzoo\PycharmProjects\orbitshield-CV\orbitshield-acv\dataset\synthetic\satellite\satellite_family_088_var_03.png,satellite,synthetic,synthetic_satellite_family_088_var_03.jpg,synthetic::satellite::family_088
C:\Users\enzoo\PycharmProjects\orbitshield-CV\orbitshield-acv\dataset\synthetic\satellite\satellite_family_088_var_04.png,satellite,synthetic,synthetic_satellite_family_088_var_04.jpg,synthetic::satellite::family_088
C:\Users\enzoo\PycharmProjects\orbitshield-CV\orbitshield-acv\dataset\synthetic\satellite\satellite_family_088_var_05.png,satellite,synthetic,synthetic_satellite_family_088_var_05.jpg,synthetic::satellite::family_088
C:\Users\enzoo\PycharmProjects\orbitshield-CV\orbitshield-acv\dataset\synthetic\satellite\satellite_family_089_var_01.png,satellite,synthetic,synthetic_satellite_family_089_var_01.jpg,synthetic::satellite::family_089
C:\Users\enzoo\PycharmProjects\orbitshield-CV\orbitshield-acv\dataset\synthetic\satellite\satellite_family_089_var_02.png,satellite,synthetic,synthetic_satellite_family_089_var_02.jpg,synthetic::satellite::family_089
C:\Users\enzoo\PycharmProjects\orbitshield-CV\orbitshield-acv\dataset\synthetic\satellite\satellite_family_089_var_03.png,satellite,synthetic,synthetic_satellite_family_089_var_03.jpg,synthetic::satellite::family_089
C:\Users\enzoo\PycharmProjects\orbitshield-CV\orbitshield-acv\dataset\synthetic\satellite\satellite_family_089_var_04.png,satellite,synthetic,synthetic_satellite_family_089_var_04.jpg,synthetic::satellite::family_089
C:\Users\enzoo\PycharmProjects\orbitshield-CV\orbitshield-acv\dataset\synthetic\satellite\satellite_family_089_var_05.png,satellite,synthetic,synthetic_satellite_family_089_var_05.jpg,synthetic::satellite::family_089
C:\Users\enzoo\PycharmProjects\orbitshield-CV\orbitshield-acv\dataset\synthetic\satellite\satellite_family_090_var_01.png,satellite,synthetic,synthetic_satellite_family_090_var_01.jpg,synthetic::satellite::family_090
C:\Users\enzoo\PycharmProjects\orbitshield-CV\orbitshield-acv\dataset\synthetic\satellite\satellite_family_090_var_02.png,satellite,synthetic,synthetic_satellite_family_090_var_02.jpg,synthetic::satellite::family_090
C:\Users\enzoo\PycharmProjects\orbitshield-CV\orbitshield-acv\dataset\synthetic\satellite\satellite_family_090_var_03.png,satellite,synthetic,synthetic_satellite_family_090_var_03.jpg,synthetic::satellite::family_090
C:\Users\enzoo\PycharmProjects\orbitshield-CV\orbitshield-acv\dataset\synthetic\satellite\satellite_family_090_var_04.png,satellite,synthetic,synthetic_satellite_family_090_var_04.jpg,synthetic::satellite::family_090
C:\Users\enzoo\PycharmProjects\orbitshield-CV\orbitshield-acv\dataset\synthetic\satellite\satellite_family_090_var_05.png,satellite,synthetic,synthetic_satellite_family_090_var_05.jpg,synthetic::satellite::family_090
C:\Users\enzoo\PycharmProjects\orbitshield-CV\orbitshield-acv\dataset\synthetic\satellite\satellite_family_091_var_01.png,satellite,synthetic,synthetic_satellite_family_091_var_01.jpg,synthetic::satellite::family_091
C:\Users\enzoo\PycharmProjects\orbitshield-CV\orbitshield-acv\dataset\synthetic\satellite\satellite_family_091_var_02.png,satellite,synthetic,synthetic_satellite_family_091_var_02.jpg,synthetic::satellite::family_091
C:\Users\enzoo\PycharmProjects\orbitshield-CV\orbitshield-acv\dataset\synthetic\satellite\satellite_family_091_var_03.png,satellite,synthetic,synthetic_satellite_family_091_var_03.jpg,synthetic::satellite::family_091
C:\Users\enzoo\PycharmProjects\orbitshield-CV\orbitshield-acv\dataset\synthetic\satellite\satellite_family_091_var_04.png,satellite,synthetic,synthetic_satellite_family_091_var_04.jpg,synthetic::satellite::family_091
C:\Users\enzoo\PycharmProjects\orbitshield-CV\orbitshield-acv\dataset\synthetic\satellite\satellite_family_091_var_05.png,satellite,synthetic,synthetic_satellite_family_091_var_05.jpg,synthetic::satellite::family_091
C:\Users\enzoo\PycharmProjects\orbitshield-CV\orbitshield-acv\dataset\synthetic\satellite\satellite_family_092_var_01.png,satellite,synthetic,synthetic_satellite_family_092_var_01.jpg,synthetic::satellite::family_092
C:\Users\enzoo\PycharmProjects\orbitshield-CV\orbitshield-acv\dataset\synthetic\satellite\satellite_family_092_var_02.png,satellite,synthetic,synthetic_satellite_family_092_var_02.jpg,synthetic::satellite::family_092
C:\Users\enzoo\PycharmProjects\orbitshield-CV\orbitshield-acv\dataset\synthetic\satellite\satellite_family_092_var_03.png,satellite,synthetic,synthetic_satellite_family_092_var_03.jpg,synthetic::satellite::family_092
C:\Users\enzoo\PycharmProjects\orbitshield-CV\orbitshield-acv\dataset\synthetic\satellite\satellite_family_092_var_04.png,satellite,synthetic,synthetic_satellite_family_092_var_04.jpg,synthetic::satellite::family_092
C:\Users\enzoo\PycharmProjects\orbitshield-CV\orbitshield-acv\dataset\synthetic\satellite\satellite_family_092_var_05.png,satellite,synthetic,synthetic_satellite_family_092_var_05.jpg,synthetic::satellite::family_092
C:\Users\enzoo\PycharmProjects\orbitshield-CV\orbitshield-acv\dataset\synthetic\satellite\satellite_family_093_var_01.png,satellite,synthetic,synthetic_satellite_family_093_var_01.jpg,synthetic::satellite::family_093
C:\Users\enzoo\PycharmProjects\orbitshield-CV\orbitshield-acv\dataset\synthetic\satellite\satellite_family_093_var_02.png,satellite,synthetic,synthetic_satellite_family_093_var_02.jpg,synthetic::satellite::family_093
C:\Users\enzoo\PycharmProjects\orbitshield-CV\orbitshield-acv\dataset\synthetic\satellite\satellite_family_093_var_03.png,satellite,synthetic,synthetic_satellite_family_093_var_03.jpg,synthetic::satellite::family_093
C:\Users\enzoo\PycharmProjects\orbitshield-CV\orbitshield-acv\dataset\synthetic\satellite\satellite_family_093_var_04.png,satellite,synthetic,synthetic_satellite_family_093_var_04.jpg,synthetic::satellite::family_093
C:\Users\enzoo\PycharmProjects\orbitshield-CV\orbitshield-acv\dataset\synthetic\satellite\satellite_family_093_var_05.png,satellite,synthetic,synthetic_satellite_family_093_var_05.jpg,synthetic::satellite::family_093
C:\Users\enzoo\PycharmProjects\orbitshield-CV\orbitshield-acv\dataset\synthetic\satellite\satellite_family_094_var_01.png,satellite,synthetic,synthetic_satellite_family_094_var_01.jpg,synthetic::satellite::family_094
C:\Users\enzoo\PycharmProjects\orbitshield-CV\orbitshield-acv\dataset\synthetic\satellite\satellite_family_094_var_02.png,satellite,synthetic,synthetic_satellite_family_094_var_02.jpg,synthetic::satellite::family_094
C:\Users\enzoo\PycharmProjects\orbitshield-CV\orbitshield-acv\dataset\synthetic\satellite\satellite_family_094_var_03.png,satellite,synthetic,synthetic_satellite_family_094_var_03.jpg,synthetic::satellite::family_094
C:\Users\enzoo\PycharmProjects\orbitshield-CV\orbitshield-acv\dataset\synthetic\satellite\satellite_family_094_var_04.png,satellite,synthetic,synthetic_satellite_family_094_var_04.jpg,synthetic::satellite::family_094
C:\Users\enzoo\PycharmProjects\orbitshield-CV\orbitshield-acv\dataset\synthetic\satellite\satellite_family_094_var_05.png,satellite,synthetic,synthetic_satellite_family_094_var_05.jpg,synthetic::satellite::family_094
C:\Users\enzoo\PycharmProjects\orbitshield-CV\orbitshield-acv\dataset\synthetic\satellite\satellite_family_095_var_01.png,satellite,synthetic,synthetic_satellite_family_095_var_01.jpg,synthetic::satellite::family_095
C:\Users\enzoo\PycharmProjects\orbitshield-CV\orbitshield-acv\dataset\synthetic\satellite\satellite_family_095_var_02.png,satellite,synthetic,synthetic_satellite_family_095_var_02.jpg,synthetic::satellite::family_095
C:\Users\enzoo\PycharmProjects\orbitshield-CV\orbitshield-acv\dataset\synthetic\satellite\satellite_family_095_var_03.png,satellite,synthetic,synthetic_satellite_family_095_var_03.jpg,synthetic::satellite::family_095
C:\Users\enzoo\PycharmProjects\orbitshield-CV\orbitshield-acv\dataset\synthetic\satellite\satellite_family_095_var_04.png,satellite,synthetic,synthetic_satellite_family_095_var_04.jpg,synthetic::satellite::family_095
C:\Users\enzoo\PycharmProjects\orbitshield-CV\orbitshield-acv\dataset\synthetic\satellite\satellite_family_095_var_05.png,satellite,synthetic,synthetic_satellite_family_095_var_05.jpg,synthetic::satellite::family_095
C:\Users\enzoo\PycharmProjects\orbitshield-CV\orbitshield-acv\dataset\synthetic\satellite\satellite_family_096_var_01.png,satellite,synthetic,synthetic_satellite_family_096_var_01.jpg,synthetic::satellite::family_096
C:\Users\enzoo\PycharmProjects\orbitshield-CV\orbitshield-acv\dataset\synthetic\satellite\satellite_family_096_var_02.png,satellite,synthetic,synthetic_satellite_family_096_var_02.jpg,synthetic::satellite::family_096
C:\Users\enzoo\PycharmProjects\orbitshield-CV\orbitshield-acv\dataset\synthetic\satellite\satellite_family_096_var_03.png,satellite,synthetic,synthetic_satellite_family_096_var_03.jpg,synthetic::satellite::family_096
C:\Users\enzoo\PycharmProjects\orbitshield-CV\orbitshield-acv\dataset\synthetic\satellite\satellite_family_096_var_04.png,satellite,synthetic,synthetic_satellite_family_096_var_04.jpg,synthetic::satellite::family_096
C:\Users\enzoo\PycharmProjects\orbitshield-CV\orbitshield-acv\dataset\synthetic\satellite\satellite_family_096_var_05.png,satellite,synthetic,synthetic_satellite_family_096_var_05.jpg,synthetic::satellite::family_096
C:\Users\enzoo\PycharmProjects\orbitshield-CV\orbitshield-acv\dataset\synthetic\satellite\satellite_family_097_var_01.png,satellite,synthetic,synthetic_satellite_family_097_var_01.jpg,synthetic::satellite::family_097
C:\Users\enzoo\PycharmProjects\orbitshield-CV\orbitshield-acv\dataset\synthetic\satellite\satellite_family_097_var_02.png,satellite,synthetic,synthetic_satellite_family_097_var_02.jpg,synthetic::satellite::family_097
C:\Users\enzoo\PycharmProjects\orbitshield-CV\orbitshield-acv\dataset\synthetic\satellite\satellite_family_097_var_03.png,satellite,synthetic,synthetic_satellite_family_097_var_03.jpg,synthetic::satellite::family_097
C:\Users\enzoo\PycharmProjects\orbitshield-CV\orbitshield-acv\dataset\synthetic\satellite\satellite_family_097_var_04.png,satellite,synthetic,synthetic_satellite_family_097_var_04.jpg,synthetic::satellite::family_097
C:\Users\enzoo\PycharmProjects\orbitshield-CV\orbitshield-acv\dataset\synthetic\satellite\satellite_family_097_var_05.png,satellite,synthetic,synthetic_satellite_family_097_var_05.jpg,synthetic::satellite::family_097
C:\Users\enzoo\PycharmProjects\orbitshield-CV\orbitshield-acv\dataset\synthetic\satellite\satellite_family_098_var_01.png,satellite,synthetic,synthetic_satellite_family_098_var_01.jpg,synthetic::satellite::family_098
C:\Users\enzoo\PycharmProjects\orbitshield-CV\orbitshield-acv\dataset\synthetic\satellite\satellite_family_098_var_02.png,satellite,synthetic,synthetic_satellite_family_098_var_02.jpg,synthetic::satellite::family_098
C:\Users\enzoo\PycharmProjects\orbitshield-CV\orbitshield-acv\dataset\synthetic\satellite\satellite_family_098_var_03.png,satellite,synthetic,synthetic_satellite_family_098_var_03.jpg,synthetic::satellite::family_098
C:\Users\enzoo\PycharmProjects\orbitshield-CV\orbitshield-acv\dataset\synthetic\satellite\satellite_family_098_var_04.png,satellite,synthetic,synthetic_satellite_family_098_var_04.jpg,synthetic::satellite::family_098
C:\Users\enzoo\PycharmProjects\orbitshield-CV\orbitshield-acv\dataset\synthetic\satellite\satellite_family_098_var_05.png,satellite,synthetic,synthetic_satellite_family_098_var_05.jpg,synthetic::satellite::family_098
C:\Users\enzoo\PycharmProjects\orbitshield-CV\orbitshield-acv\dataset\synthetic\satellite\satellite_family_099_var_01.png,satellite,synthetic,synthetic_satellite_family_099_var_01.jpg,synthetic::satellite::family_099
C:\Users\enzoo\PycharmProjects\orbitshield-CV\orbitshield-acv\dataset\synthetic\satellite\satellite_family_099_var_02.png,satellite,synthetic,synthetic_satellite_family_099_var_02.jpg,synthetic::satellite::family_099
C:\Users\enzoo\PycharmProjects\orbitshield-CV\orbitshield-acv\dataset\synthetic\satellite\satellite_family_099_var_03.png,satellite,synthetic,synthetic_satellite_family_099_var_03.jpg,synthetic::satellite::family_099
C:\Users\enzoo\PycharmProjects\orbitshield-CV\orbitshield-acv\dataset\synthetic\satellite\satellite_family_099_var_04.png,satellite,synthetic,synthetic_satellite_family_099_var_04.jpg,synthetic::satellite::family_099
C:\Users\enzoo\PycharmProjects\orbitshield-CV\orbitshield-acv\dataset\synthetic\satellite\satellite_family_099_var_05.png,satellite,synthetic,synthetic_satellite_family_099_var_05.jpg,synthetic::satellite::family_099
C:\Users\enzoo\PycharmProjects\orbitshield-CV\orbitshield-acv\dataset\synthetic\satellite\satellite_family_100_var_01.png,satellite,synthetic,synthetic_satellite_family_100_var_01.jpg,synthetic::satellite::family_100
C:\Users\enzoo\PycharmProjects\orbitshield-CV\orbitshield-acv\dataset\synthetic\satellite\satellite_family_100_var_02.png,satellite,synthetic,synthetic_satellite_family_100_var_02.jpg,synthetic::satellite::family_100
C:\Users\enzoo\PycharmProjects\orbitshield-CV\orbitshield-acv\dataset\synthetic\satellite\satellite_family_100_var_03.png,satellite,synthetic,synthetic_satellite_family_100_var_03.jpg,synthetic::satellite::family_100
C:\Users\enzoo\PycharmProjects\orbitshield-CV\orbitshield-acv\dataset\synthetic\satellite\satellite_family_100_var_04.png,satellite,synthetic,synthetic_satellite_family_100_var_04.jpg,synthetic::satellite::family_100
C:\Users\enzoo\PycharmProjects\orbitshield-CV\orbitshield-acv\dataset\synthetic\satellite\satellite_family_100_var_05.png,satellite,synthetic,synthetic_satellite_family_100_var_05.jpg,synthetic::satellite::family_100
C:\Users\enzoo\PycharmProjects\orbitshield-CV\orbitshield-acv\dataset\synthetic\satellite\satellite_family_101_var_01.png,satellite,synthetic,synthetic_satellite_family_101_var_01.jpg,synthetic::satellite::family_101
C:\Users\enzoo\PycharmProjects\orbitshield-CV\orbitshield-acv\dataset\synthetic\satellite\satellite_family_101_var_02.png,satellite,synthetic,synthetic_satellite_family_101_var_02.jpg,synthetic::satellite::family_101
C:\Users\enzoo\PycharmProjects\orbitshield-CV\orbitshield-acv\dataset\synthetic\satellite\satellite_family_101_var_03.png,satellite,synthetic,synthetic_satellite_family_101_var_03.jpg,synthetic::satellite::family_101
C:\Users\enzoo\PycharmProjects\orbitshield-CV\orbitshield-acv\dataset\synthetic\satellite\satellite_family_101_var_04.png,satellite,synthetic,synthetic_satellite_family_101_var_04.jpg,synthetic::satellite::family_101
C:\Users\enzoo\PycharmProjects\orbitshield-CV\orbitshield-acv\dataset\synthetic\satellite\satellite_family_101_var_05.png,satellite,synthetic,synthetic_satellite_family_101_var_05.jpg,synthetic::satellite::family_101
C:\Users\enzoo\PycharmProjects\orbitshield-CV\orbitshield-acv\dataset\synthetic\satellite\satellite_family_102_var_01.png,satellite,synthetic,synthetic_satellite_family_102_var_01.jpg,synthetic::satellite::family_102
C:\Users\enzoo\PycharmProjects\orbitshield-CV\orbitshield-acv\dataset\synthetic\satellite\satellite_family_102_var_02.png,satellite,synthetic,synthetic_satellite_family_102_var_02.jpg,synthetic::satellite::family_102
C:\Users\enzoo\PycharmProjects\orbitshield-CV\orbitshield-acv\dataset\synthetic\satellite\satellite_family_102_var_03.png,satellite,synthetic,synthetic_satellite_family_102_var_03.jpg,synthetic::satellite::family_102
C:\Users\enzoo\PycharmProjects\orbitshield-CV\orbitshield-acv\dataset\synthetic\satellite\satellite_family_102_var_04.png,satellite,synthetic,synthetic_satellite_family_102_var_04.jpg,synthetic::satellite::family_102
C:\Users\enzoo\PycharmProjects\orbitshield-CV\orbitshield-acv\dataset\synthetic\satellite\satellite_family_102_var_05.png,satellite,synthetic,synthetic_satellite_family_102_var_05.jpg,synthetic::satellite::family_102
C:\Users\enzoo\PycharmProjects\orbitshield-CV\orbitshield-acv\dataset\synthetic\satellite\satellite_family_103_var_01.png,satellite,synthetic,synthetic_satellite_family_103_var_01.jpg,synthetic::satellite::family_103
C:\Users\enzoo\PycharmProjects\orbitshield-CV\orbitshield-acv\dataset\synthetic\satellite\satellite_family_103_var_02.png,satellite,synthetic,synthetic_satellite_family_103_var_02.jpg,synthetic::satellite::family_103
C:\Users\enzoo\PycharmProjects\orbitshield-CV\orbitshield-acv\dataset\synthetic\satellite\satellite_family_103_var_03.png,satellite,synthetic,synthetic_satellite_family_103_var_03.jpg,synthetic::satellite::family_103
C:\Users\enzoo\PycharmProjects\orbitshield-CV\orbitshield-acv\dataset\synthetic\satellite\satellite_family_103_var_04.png,satellite,synthetic,synthetic_satellite_family_103_var_04.jpg,synthetic::satellite::family_103
C:\Users\enzoo\PycharmProjects\orbitshield-CV\orbitshield-acv\dataset\synthetic\satellite\satellite_family_103_var_05.png,satellite,synthetic,synthetic_satellite_family_103_var_05.jpg,synthetic::satellite::family_103
C:\Users\enzoo\PycharmProjects\orbitshield-CV\orbitshield-acv\dataset\synthetic\satellite\satellite_family_104_var_01.png,satellite,synthetic,synthetic_satellite_family_104_var_01.jpg,synthetic::satellite::family_104
C:\Users\enzoo\PycharmProjects\orbitshield-CV\orbitshield-acv\dataset\synthetic\satellite\satellite_family_104_var_02.png,satellite,synthetic,synthetic_satellite_family_104_var_02.jpg,synthetic::satellite::family_104
C:\Users\enzoo\PycharmProjects\orbitshield-CV\orbitshield-acv\dataset\synthetic\satellite\satellite_family_104_var_03.png,satellite,synthetic,synthetic_satellite_family_104_var_03.jpg,synthetic::satellite::family_104
C:\Users\enzoo\PycharmProjects\orbitshield-CV\orbitshield-acv\dataset\synthetic\satellite\satellite_family_104_var_04.png,satellite,synthetic,synthetic_satellite_family_104_var_04.jpg,synthetic::satellite::family_104
C:\Users\enzoo\PycharmProjects\orbitshield-CV\orbitshield-acv\dataset\synthetic\satellite\satellite_family_104_var_05.png,satellite,synthetic,synthetic_satellite_family_104_var_05.jpg,synthetic::satellite::family_104
C:\Users\enzoo\PycharmProjects\orbitshield-CV\orbitshield-acv\dataset\synthetic\satellite\satellite_family_105_var_01.png,satellite,synthetic,synthetic_satellite_family_105_var_01.jpg,synthetic::satellite::family_105
C:\Users\enzoo\PycharmProjects\orbitshield-CV\orbitshield-acv\dataset\synthetic\satellite\satellite_family_105_var_02.png,satellite,synthetic,synthetic_satellite_family_105_var_02.jpg,synthetic::satellite::family_105
C:\Users\enzoo\PycharmProjects\orbitshield-CV\orbitshield-acv\dataset\synthetic\satellite\satellite_family_105_var_03.png,satellite,synthetic,synthetic_satellite_family_105_var_03.jpg,synthetic::satellite::family_105
C:\Users\enzoo\PycharmProjects\orbitshield-CV\orbitshield-acv\dataset\synthetic\satellite\satellite_family_105_var_04.png,satellite,synthetic,synthetic_satellite_family_105_var_04.jpg,synthetic::satellite::family_105
C:\Users\enzoo\PycharmProjects\orbitshield-CV\orbitshield-acv\dataset\synthetic\satellite\satellite_family_105_var_05.png,satellite,synthetic,synthetic_satellite_family_105_var_05.jpg,synthetic::satellite::family_105
C:\Users\enzoo\PycharmProjects\orbitshield-CV\orbitshield-acv\dataset\synthetic\satellite\satellite_family_106_var_01.png,satellite,synthetic,synthetic_satellite_family_106_var_01.jpg,synthetic::satellite::family_106
C:\Users\enzoo\PycharmProjects\orbitshield-CV\orbitshield-acv\dataset\synthetic\satellite\satellite_family_106_var_02.png,satellite,synthetic,synthetic_satellite_family_106_var_02.jpg,synthetic::satellite::family_106
C:\Users\enzoo\PycharmProjects\orbitshield-CV\orbitshield-acv\dataset\synthetic\satellite\satellite_family_106_var_03.png,satellite,synthetic,synthetic_satellite_family_106_var_03.jpg,synthetic::satellite::family_106
C:\Users\enzoo\PycharmProjects\orbitshield-CV\orbitshield-acv\dataset\synthetic\satellite\satellite_family_106_var_04.png,satellite,synthetic,synthetic_satellite_family_106_var_04.jpg,synthetic::satellite::family_106
C:\Users\enzoo\PycharmProjects\orbitshield-CV\orbitshield-acv\dataset\synthetic\satellite\satellite_family_106_var_05.png,satellite,synthetic,synthetic_satellite_family_106_var_05.jpg,synthetic::satellite::family_106
C:\Users\enzoo\PycharmProjects\orbitshield-CV\orbitshield-acv\dataset\synthetic\satellite\satellite_family_107_var_01.png,satellite,synthetic,synthetic_satellite_family_107_var_01.jpg,synthetic::satellite::family_107
C:\Users\enzoo\PycharmProjects\orbitshield-CV\orbitshield-acv\dataset\synthetic\satellite\satellite_family_107_var_02.png,satellite,synthetic,synthetic_satellite_family_107_var_02.jpg,synthetic::satellite::family_107
C:\Users\enzoo\PycharmProjects\orbitshield-CV\orbitshield-acv\dataset\synthetic\satellite\satellite_family_107_var_03.png,satellite,synthetic,synthetic_satellite_family_107_var_03.jpg,synthetic::satellite::family_107
C:\Users\enzoo\PycharmProjects\orbitshield-CV\orbitshield-acv\dataset\synthetic\satellite\satellite_family_107_var_04.png,satellite,synthetic,synthetic_satellite_family_107_var_04.jpg,synthetic::satellite::family_107
C:\Users\enzoo\PycharmProjects\orbitshield-CV\orbitshield-acv\dataset\synthetic\satellite\satellite_family_107_var_05.png,satellite,synthetic,synthetic_satellite_family_107_var_05.jpg,synthetic::satellite::family_107
C:\Users\enzoo\PycharmProjects\orbitshield-CV\orbitshield-acv\dataset\synthetic\satellite\satellite_family_108_var_01.png,satellite,synthetic,synthetic_satellite_family_108_var_01.jpg,synthetic::satellite::family_108
C:\Users\enzoo\PycharmProjects\orbitshield-CV\orbitshield-acv\dataset\synthetic\satellite\satellite_family_108_var_02.png,satellite,synthetic,synthetic_satellite_family_108_var_02.jpg,synthetic::satellite::family_108
C:\Users\enzoo\PycharmProjects\orbitshield-CV\orbitshield-acv\dataset\synthetic\satellite\satellite_family_108_var_03.png,satellite,synthetic,synthetic_satellite_family_108_var_03.jpg,synthetic::satellite::family_108
C:\Users\enzoo\PycharmProjects\orbitshield-CV\orbitshield-acv\dataset\synthetic\satellite\satellite_family_108_var_04.png,satellite,synthetic,synthetic_satellite_family_108_var_04.jpg,synthetic::satellite::family_108
C:\Users\enzoo\PycharmProjects\orbitshield-CV\orbitshield-acv\dataset\synthetic\satellite\satellite_family_108_var_05.png,satellite,synthetic,synthetic_satellite_family_108_var_05.jpg,synthetic::satellite::family_108
C:\Users\enzoo\PycharmProjects\orbitshield-CV\orbitshield-acv\dataset\synthetic\satellite\satellite_family_109_var_01.png,satellite,synthetic,synthetic_satellite_family_109_var_01.jpg,synthetic::satellite::family_109
C:\Users\enzoo\PycharmProjects\orbitshield-CV\orbitshield-acv\dataset\synthetic\satellite\satellite_family_109_var_02.png,satellite,synthetic,synthetic_satellite_family_109_var_02.jpg,synthetic::satellite::family_109
C:\Users\enzoo\PycharmProjects\orbitshield-CV\orbitshield-acv\dataset\synthetic\satellite\satellite_family_109_var_03.png,satellite,synthetic,synthetic_satellite_family_109_var_03.jpg,synthetic::satellite::family_109
C:\Users\enzoo\PycharmProjects\orbitshield-CV\orbitshield-acv\dataset\synthetic\satellite\satellite_family_109_var_04.png,satellite,synthetic,synthetic_satellite_family_109_var_04.jpg,synthetic::satellite::family_109
C:\Users\enzoo\PycharmProjects\orbitshield-CV\orbitshield-acv\dataset\synthetic\satellite\satellite_family_109_var_05.png,satellite,synthetic,synthetic_satellite_family_109_var_05.jpg,synthetic::satellite::family_109
C:\Users\enzoo\PycharmProjects\orbitshield-CV\orbitshield-acv\dataset\synthetic\satellite\satellite_family_110_var_01.png,satellite,synthetic,synthetic_satellite_family_110_var_01.jpg,synthetic::satellite::family_110
C:\Users\enzoo\PycharmProjects\orbitshield-CV\orbitshield-acv\dataset\synthetic\satellite\satellite_family_110_var_02.png,satellite,synthetic,synthetic_satellite_family_110_var_02.jpg,synthetic::satellite::family_110
C:\Users\enzoo\PycharmProjects\orbitshield-CV\orbitshield-acv\dataset\synthetic\satellite\satellite_family_110_var_03.png,satellite,synthetic,synthetic_satellite_family_110_var_03.jpg,synthetic::satellite::family_110
C:\Users\enzoo\PycharmProjects\orbitshield-CV\orbitshield-acv\dataset\synthetic\satellite\satellite_family_110_var_04.png,satellite,synthetic,synthetic_satellite_family_110_var_04.jpg,synthetic::satellite::family_110
C:\Users\enzoo\PycharmProjects\orbitshield-CV\orbitshield-acv\dataset\synthetic\satellite\satellite_family_110_var_05.png,satellite,synthetic,synthetic_satellite_family_110_var_05.jpg,synthetic::satellite::family_110
C:\Users\enzoo\PycharmProjects\orbitshield-CV\orbitshield-acv\dataset\synthetic\satellite\satellite_family_111_var_01.png,satellite,synthetic,synthetic_satellite_family_111_var_01.jpg,synthetic::satellite::family_111
C:\Users\enzoo\PycharmProjects\orbitshield-CV\orbitshield-acv\dataset\synthetic\satellite\satellite_family_111_var_02.png,satellite,synthetic,synthetic_satellite_family_111_var_02.jpg,synthetic::satellite::family_111
C:\Users\enzoo\PycharmProjects\orbitshield-CV\orbitshield-acv\dataset\synthetic\satellite\satellite_family_111_var_03.png,satellite,synthetic,synthetic_satellite_family_111_var_03.jpg,synthetic::satellite::family_111
C:\Users\enzoo\PycharmProjects\orbitshield-CV\orbitshield-acv\dataset\synthetic\satellite\satellite_family_111_var_04.png,satellite,synthetic,synthetic_satellite_family_111_var_04.jpg,synthetic::satellite::family_111
C:\Users\enzoo\PycharmProjects\orbitshield-CV\orbitshield-acv\dataset\synthetic\satellite\satellite_family_111_var_05.png,satellite,synthetic,synthetic_satellite_family_111_var_05.jpg,synthetic::satellite::family_111
C:\Users\enzoo\PycharmProjects\orbitshield-CV\orbitshield-acv\dataset\synthetic\satellite\satellite_family_112_var_01.png,satellite,synthetic,synthetic_satellite_family_112_var_01.jpg,synthetic::satellite::family_112
C:\Users\enzoo\PycharmProjects\orbitshield-CV\orbitshield-acv\dataset\synthetic\satellite\satellite_family_112_var_02.png,satellite,synthetic,synthetic_satellite_family_112_var_02.jpg,synthetic::satellite::family_112
C:\Users\enzoo\PycharmProjects\orbitshield-CV\orbitshield-acv\dataset\synthetic\satellite\satellite_family_112_var_03.png,satellite,synthetic,synthetic_satellite_family_112_var_03.jpg,synthetic::satellite::family_112
C:\Users\enzoo\PycharmProjects\orbitshield-CV\orbitshield-acv\dataset\synthetic\satellite\satellite_family_112_var_04.png,satellite,synthetic,synthetic_satellite_family_112_var_04.jpg,synthetic::satellite::family_112
C:\Users\enzoo\PycharmProjects\orbitshield-CV\orbitshield-acv\dataset\synthetic\satellite\satellite_family_112_var_05.png,satellite,synthetic,synthetic_satellite_family_112_var_05.jpg,synthetic::satellite::family_112
C:\Users\enzoo\PycharmProjects\orbitshield-CV\orbitshield-acv\dataset\synthetic\satellite\satellite_family_113_var_01.png,satellite,synthetic,synthetic_satellite_family_113_var_01.jpg,synthetic::satellite::family_113
C:\Users\enzoo\PycharmProjects\orbitshield-CV\orbitshield-acv\dataset\synthetic\satellite\satellite_family_113_var_02.png,satellite,synthetic,synthetic_satellite_family_113_var_02.jpg,synthetic::satellite::family_113
C:\Users\enzoo\PycharmProjects\orbitshield-CV\orbitshield-acv\dataset\synthetic\satellite\satellite_family_113_var_03.png,satellite,synthetic,synthetic_satellite_family_113_var_03.jpg,synthetic::satellite::family_113
C:\Users\enzoo\PycharmProjects\orbitshield-CV\orbitshield-acv\dataset\synthetic\satellite\satellite_family_113_var_04.png,satellite,synthetic,synthetic_satellite_family_113_var_04.jpg,synthetic::satellite::family_113
C:\Users\enzoo\PycharmProjects\orbitshield-CV\orbitshield-acv\dataset\synthetic\satellite\satellite_family_113_var_05.png,satellite,synthetic,synthetic_satellite_family_113_var_05.jpg,synthetic::satellite::family_113
C:\Users\enzoo\PycharmProjects\orbitshield-CV\orbitshield-acv\dataset\synthetic\satellite\satellite_family_114_var_01.png,satellite,synthetic,synthetic_satellite_family_114_var_01.jpg,synthetic::satellite::family_114
C:\Users\enzoo\PycharmProjects\orbitshield-CV\orbitshield-acv\dataset\synthetic\satellite\satellite_family_114_var_02.png,satellite,synthetic,synthetic_satellite_family_114_var_02.jpg,synthetic::satellite::family_114
C:\Users\enzoo\PycharmProjects\orbitshield-CV\orbitshield-acv\dataset\synthetic\satellite\satellite_family_114_var_03.png,satellite,synthetic,synthetic_satellite_family_114_var_03.jpg,synthetic::satellite::family_114
C:\Users\enzoo\PycharmProjects\orbitshield-CV\orbitshield-acv\dataset\synthetic\satellite\satellite_family_114_var_04.png,satellite,synthetic,synthetic_satellite_family_114_var_04.jpg,synthetic::satellite::family_114
C:\Users\enzoo\PycharmProjects\orbitshield-CV\orbitshield-acv\dataset\synthetic\satellite\satellite_family_114_var_05.png,satellite,synthetic,synthetic_satellite_family_114_var_05.jpg,synthetic::satellite::family_114
C:\Users\enzoo\PycharmProjects\orbitshield-CV\orbitshield-acv\dataset\synthetic\satellite\satellite_family_115_var_01.png,satellite,synthetic,synthetic_satellite_family_115_var_01.jpg,synthetic::satellite::family_115
C:\Users\enzoo\PycharmProjects\orbitshield-CV\orbitshield-acv\dataset\synthetic\satellite\satellite_family_115_var_02.png,satellite,synthetic,synthetic_satellite_family_115_var_02.jpg,synthetic::satellite::family_115
C:\Users\enzoo\PycharmProjects\orbitshield-CV\orbitshield-acv\dataset\synthetic\satellite\satellite_family_115_var_03.png,satellite,synthetic,synthetic_satellite_family_115_var_03.jpg,synthetic::satellite::family_115
C:\Users\enzoo\PycharmProjects\orbitshield-CV\orbitshield-acv\dataset\synthetic\satellite\satellite_family_115_var_04.png,satellite,synthetic,synthetic_satellite_family_115_var_04.jpg,synthetic::satellite::family_115
C:\Users\enzoo\PycharmProjects\orbitshield-CV\orbitshield-acv\dataset\synthetic\satellite\satellite_family_115_var_05.png,satellite,synthetic,synthetic_satellite_family_115_var_05.jpg,synthetic::satellite::family_115
C:\Users\enzoo\PycharmProjects\orbitshield-CV\orbitshield-acv\dataset\synthetic\satellite\satellite_family_116_var_01.png,satellite,synthetic,synthetic_satellite_family_116_var_01.jpg,synthetic::satellite::family_116
C:\Users\enzoo\PycharmProjects\orbitshield-CV\orbitshield-acv\dataset\synthetic\satellite\satellite_family_116_var_02.png,satellite,synthetic,synthetic_satellite_family_116_var_02.jpg,synthetic::satellite::family_116
C:\Users\enzoo\PycharmProjects\orbitshield-CV\orbitshield-acv\dataset\synthetic\satellite\satellite_family_116_var_03.png,satellite,synthetic,synthetic_satellite_family_116_var_03.jpg,synthetic::satellite::family_116
C:\Users\enzoo\PycharmProjects\orbitshield-CV\orbitshield-acv\dataset\synthetic\satellite\satellite_family_116_var_04.png,satellite,synthetic,synthetic_satellite_family_116_var_04.jpg,synthetic::satellite::family_116
C:\Users\enzoo\PycharmProjects\orbitshield-CV\orbitshield-acv\dataset\synthetic\satellite\satellite_family_116_var_05.png,satellite,synthetic,synthetic_satellite_family_116_var_05.jpg,synthetic::satellite::family_116
C:\Users\enzoo\PycharmProjects\orbitshield-CV\orbitshield-acv\dataset\synthetic\satellite\satellite_family_117_var_01.png,satellite,synthetic,synthetic_satellite_family_117_var_01.jpg,synthetic::satellite::family_117
C:\Users\enzoo\PycharmProjects\orbitshield-CV\orbitshield-acv\dataset\synthetic\satellite\satellite_family_117_var_02.png,satellite,synthetic,synthetic_satellite_family_117_var_02.jpg,synthetic::satellite::family_117
C:\Users\enzoo\PycharmProjects\orbitshield-CV\orbitshield-acv\dataset\synthetic\satellite\satellite_family_117_var_03.png,satellite,synthetic,synthetic_satellite_family_117_var_03.jpg,synthetic::satellite::family_117
C:\Users\enzoo\PycharmProjects\orbitshield-CV\orbitshield-acv\dataset\synthetic\satellite\satellite_family_117_var_04.png,satellite,synthetic,synthetic_satellite_family_117_var_04.jpg,synthetic::satellite::family_117
C:\Users\enzoo\PycharmProjects\orbitshield-CV\orbitshield-acv\dataset\synthetic\satellite\satellite_family_117_var_05.png,satellite,synthetic,synthetic_satellite_family_117_var_05.jpg,synthetic::satellite::family_117
C:\Users\enzoo\PycharmProjects\orbitshield-CV\orbitshield-acv\dataset\synthetic\satellite\satellite_family_118_var_01.png,satellite,synthetic,synthetic_satellite_family_118_var_01.jpg,synthetic::satellite::family_118
C:\Users\enzoo\PycharmProjects\orbitshield-CV\orbitshield-acv\dataset\synthetic\satellite\satellite_family_118_var_02.png,satellite,synthetic,synthetic_satellite_family_118_var_02.jpg,synthetic::satellite::family_118
C:\Users\enzoo\PycharmProjects\orbitshield-CV\orbitshield-acv\dataset\synthetic\satellite\satellite_family_118_var_03.png,satellite,synthetic,synthetic_satellite_family_118_var_03.jpg,synthetic::satellite::family_118
C:\Users\enzoo\PycharmProjects\orbitshield-CV\orbitshield-acv\dataset\synthetic\satellite\satellite_family_118_var_04.png,satellite,synthetic,synthetic_satellite_family_118_var_04.jpg,synthetic::satellite::family_118
C:\Users\enzoo\PycharmProjects\orbitshield-CV\orbitshield-acv\dataset\synthetic\satellite\satellite_family_118_var_05.png,satellite,synthetic,synthetic_satellite_family_118_var_05.jpg,synthetic::satellite::family_118
C:\Users\enzoo\PycharmProjects\orbitshield-CV\orbitshield-acv\dataset\synthetic\satellite\satellite_family_119_var_01.png,satellite,synthetic,synthetic_satellite_family_119_var_01.jpg,synthetic::satellite::family_119
C:\Users\enzoo\PycharmProjects\orbitshield-CV\orbitshield-acv\dataset\synthetic\satellite\satellite_family_119_var_02.png,satellite,synthetic,synthetic_satellite_family_119_var_02.jpg,synthetic::satellite::family_119
C:\Users\enzoo\PycharmProjects\orbitshield-CV\orbitshield-acv\dataset\synthetic\satellite\satellite_family_119_var_03.png,satellite,synthetic,synthetic_satellite_family_119_var_03.jpg,synthetic::satellite::family_119
C:\Users\enzoo\PycharmProjects\orbitshield-CV\orbitshield-acv\dataset\synthetic\satellite\satellite_family_119_var_04.png,satellite,synthetic,synthetic_satellite_family_119_var_04.jpg,synthetic::satellite::family_119
C:\Users\enzoo\PycharmProjects\orbitshield-CV\orbitshield-acv\dataset\synthetic\satellite\satellite_family_119_var_05.png,satellite,synthetic,synthetic_satellite_family_119_var_05.jpg,synthetic::satellite::family_119
C:\Users\enzoo\PycharmProjects\orbitshield-CV\orbitshield-acv\dataset\synthetic\satellite\satellite_family_120_var_01.png,satellite,synthetic,synthetic_satellite_family_120_var_01.jpg,synthetic::satellite::family_120
C:\Users\enzoo\PycharmProjects\orbitshield-CV\orbitshield-acv\dataset\synthetic\satellite\satellite_family_120_var_02.png,satellite,synthetic,synthetic_satellite_family_120_var_02.jpg,synthetic::satellite::family_120
C:\Users\enzoo\PycharmProjects\orbitshield-CV\orbitshield-acv\dataset\synthetic\satellite\satellite_family_120_var_03.png,satellite,synthetic,synthetic_satellite_family_120_var_03.jpg,synthetic::satellite::family_120
C:\Users\enzoo\PycharmProjects\orbitshield-CV\orbitshield-acv\dataset\synthetic\satellite\satellite_family_120_var_04.png,satellite,synthetic,synthetic_satellite_family_120_var_04.jpg,synthetic::satellite::family_120
C:\Users\enzoo\PycharmProjects\orbitshield-CV\orbitshield-acv\dataset\synthetic\satellite\satellite_family_120_var_05.png,satellite,synthetic,synthetic_satellite_family_120_var_05.jpg,synthetic::satellite::family_120
C:\Users\enzoo\PycharmProjects\orbitshield-CV\orbitshield-acv\dataset\synthetic\satellite\satellite_family_121_var_01.png,satellite,synthetic,synthetic_satellite_family_121_var_01.jpg,synthetic::satellite::family_121
C:\Users\enzoo\PycharmProjects\orbitshield-CV\orbitshield-acv\dataset\synthetic\satellite\satellite_family_121_var_02.png,satellite,synthetic,synthetic_satellite_family_121_var_02.jpg,synthetic::satellite::family_121
C:\Users\enzoo\PycharmProjects\orbitshield-CV\orbitshield-acv\dataset\synthetic\satellite\satellite_family_121_var_03.png,satellite,synthetic,synthetic_satellite_family_121_var_03.jpg,synthetic::satellite::family_121
C:\Users\enzoo\PycharmProjects\orbitshield-CV\orbitshield-acv\dataset\synthetic\satellite\satellite_family_121_var_04.png,satellite,synthetic,synthetic_satellite_family_121_var_04.jpg,synthetic::satellite::family_121
C:\Users\enzoo\PycharmProjects\orbitshield-CV\orbitshield-acv\dataset\synthetic\satellite\satellite_family_121_var_05.png,satellite,synthetic,synthetic_satellite_family_121_var_05.jpg,synthetic::satellite::family_121
C:\Users\enzoo\PycharmProjects\orbitshield-CV\orbitshield-acv\dataset\synthetic\satellite\satellite_family_122_var_01.png,satellite,synthetic,synthetic_satellite_family_122_var_01.jpg,synthetic::satellite::family_122
C:\Users\enzoo\PycharmProjects\orbitshield-CV\orbitshield-acv\dataset\synthetic\satellite\satellite_family_122_var_02.png,satellite,synthetic,synthetic_satellite_family_122_var_02.jpg,synthetic::satellite::family_122
C:\Users\enzoo\PycharmProjects\orbitshield-CV\orbitshield-acv\dataset\synthetic\satellite\satellite_family_122_var_03.png,satellite,synthetic,synthetic_satellite_family_122_var_03.jpg,synthetic::satellite::family_122
C:\Users\enzoo\PycharmProjects\orbitshield-CV\orbitshield-acv\dataset\synthetic\satellite\satellite_family_122_var_04.png,satellite,synthetic,synthetic_satellite_family_122_var_04.jpg,synthetic::satellite::family_122
C:\Users\enzoo\PycharmProjects\orbitshield-CV\orbitshield-acv\dataset\synthetic\satellite\satellite_family_122_var_05.png,satellite,synthetic,synthetic_satellite_family_122_var_05.jpg,synthetic::satellite::family_122
C:\Users\enzoo\PycharmProjects\orbitshield-CV\orbitshield-acv\dataset\synthetic\satellite\satellite_family_123_var_01.png,satellite,synthetic,synthetic_satellite_family_123_var_01.jpg,synthetic::satellite::family_123
C:\Users\enzoo\PycharmProjects\orbitshield-CV\orbitshield-acv\dataset\synthetic\satellite\satellite_family_123_var_02.png,satellite,synthetic,synthetic_satellite_family_123_var_02.jpg,synthetic::satellite::family_123
C:\Users\enzoo\PycharmProjects\orbitshield-CV\orbitshield-acv\dataset\synthetic\satellite\satellite_family_123_var_03.png,satellite,synthetic,synthetic_satellite_family_123_var_03.jpg,synthetic::satellite::family_123
C:\Users\enzoo\PycharmProjects\orbitshield-CV\orbitshield-acv\dataset\synthetic\satellite\satellite_family_123_var_04.png,satellite,synthetic,synthetic_satellite_family_123_var_04.jpg,synthetic::satellite::family_123
C:\Users\enzoo\PycharmProjects\orbitshield-CV\orbitshield-acv\dataset\synthetic\satellite\satellite_family_123_var_05.png,satellite,synthetic,synthetic_satellite_family_123_var_05.jpg,synthetic::satellite::family_123
C:\Users\enzoo\PycharmProjects\orbitshield-CV\orbitshield-acv\dataset\synthetic\satellite\satellite_family_124_var_01.png,satellite,synthetic,synthetic_satellite_family_124_var_01.jpg,synthetic::satellite::family_124
C:\Users\enzoo\PycharmProjects\orbitshield-CV\orbitshield-acv\dataset\synthetic\satellite\satellite_family_124_var_02.png,satellite,synthetic,synthetic_satellite_family_124_var_02.jpg,synthetic::satellite::family_124
C:\Users\enzoo\PycharmProjects\orbitshield-CV\orbitshield-acv\dataset\synthetic\satellite\satellite_family_124_var_03.png,satellite,synthetic,synthetic_satellite_family_124_var_03.jpg,synthetic::satellite::family_124
C:\Users\enzoo\PycharmProjects\orbitshield-CV\orbitshield-acv\dataset\synthetic\satellite\satellite_family_124_var_04.png,satellite,synthetic,synthetic_satellite_family_124_var_04.jpg,synthetic::satellite::family_124
C:\Users\enzoo\PycharmProjects\orbitshield-CV\orbitshield-acv\dataset\synthetic\satellite\satellite_family_124_var_05.png,satellite,synthetic,synthetic_satellite_family_124_var_05.jpg,synthetic::satellite::family_124
C:\Users\enzoo\PycharmProjects\orbitshield-CV\orbitshield-acv\dataset\synthetic\satellite\satellite_family_125_var_01.png,satellite,synthetic,synthetic_satellite_family_125_var_01.jpg,synthetic::satellite::family_125
C:\Users\enzoo\PycharmProjects\orbitshield-CV\orbitshield-acv\dataset\synthetic\satellite\satellite_family_125_var_02.png,satellite,synthetic,synthetic_satellite_family_125_var_02.jpg,synthetic::satellite::family_125
C:\Users\enzoo\PycharmProjects\orbitshield-CV\orbitshield-acv\dataset\synthetic\satellite\satellite_family_125_var_03.png,satellite,synthetic,synthetic_satellite_family_125_var_03.jpg,synthetic::satellite::family_125
C:\Users\enzoo\PycharmProjects\orbitshield-CV\orbitshield-acv\dataset\synthetic\satellite\satellite_family_125_var_04.png,satellite,synthetic,synthetic_satellite_family_125_var_04.jpg,synthetic::satellite::family_125
C:\Users\enzoo\PycharmProjects\orbitshield-CV\orbitshield-acv\dataset\synthetic\satellite\satellite_family_125_var_05.png,satellite,synthetic,synthetic_satellite_family_125_var_05.jpg,synthetic::satellite::family_125
C:\Users\enzoo\PycharmProjects\orbitshield-CV\orbitshield-acv\dataset\synthetic\satellite\satellite_family_126_var_01.png,satellite,synthetic,synthetic_satellite_family_126_var_01.jpg,synthetic::satellite::family_126
C:\Users\enzoo\PycharmProjects\orbitshield-CV\orbitshield-acv\dataset\synthetic\satellite\satellite_family_126_var_02.png,satellite,synthetic,synthetic_satellite_family_126_var_02.jpg,synthetic::satellite::family_126
C:\Users\enzoo\PycharmProjects\orbitshield-CV\orbitshield-acv\dataset\synthetic\satellite\satellite_family_126_var_03.png,satellite,synthetic,synthetic_satellite_family_126_var_03.jpg,synthetic::satellite::family_126
C:\Users\enzoo\PycharmProjects\orbitshield-CV\orbitshield-acv\dataset\synthetic\satellite\satellite_family_126_var_04.png,satellite,synthetic,synthetic_satellite_family_126_var_04.jpg,synthetic::satellite::family_126
C:\Users\enzoo\PycharmProjects\orbitshield-CV\orbitshield-acv\dataset\synthetic\satellite\satellite_family_126_var_05.png,satellite,synthetic,synthetic_satellite_family_126_var_05.jpg,synthetic::satellite::family_126
C:\Users\enzoo\PycharmProjects\orbitshield-CV\orbitshield-acv\dataset\synthetic\satellite\satellite_family_127_var_01.png,satellite,synthetic,synthetic_satellite_family_127_var_01.jpg,synthetic::satellite::family_127
C:\Users\enzoo\PycharmProjects\orbitshield-CV\orbitshield-acv\dataset\synthetic\satellite\satellite_family_127_var_02.png,satellite,synthetic,synthetic_satellite_family_127_var_02.jpg,synthetic::satellite::family_127
C:\Users\enzoo\PycharmProjects\orbitshield-CV\orbitshield-acv\dataset\synthetic\satellite\satellite_family_127_var_03.png,satellite,synthetic,synthetic_satellite_family_127_var_03.jpg,synthetic::satellite::family_127
C:\Users\enzoo\PycharmProjects\orbitshield-CV\orbitshield-acv\dataset\synthetic\satellite\satellite_family_127_var_04.png,satellite,synthetic,synthetic_satellite_family_127_var_04.jpg,synthetic::satellite::family_127
C:\Users\enzoo\PycharmProjects\orbitshield-CV\orbitshield-acv\dataset\synthetic\satellite\satellite_family_127_var_05.png,satellite,synthetic,synthetic_satellite_family_127_var_05.jpg,synthetic::satellite::family_127
C:\Users\enzoo\PycharmProjects\orbitshield-CV\orbitshield-acv\dataset\synthetic\satellite\satellite_family_128_var_01.png,satellite,synthetic,synthetic_satellite_family_128_var_01.jpg,synthetic::satellite::family_128
C:\Users\enzoo\PycharmProjects\orbitshield-CV\orbitshield-acv\dataset\synthetic\satellite\satellite_family_128_var_02.png,satellite,synthetic,synthetic_satellite_family_128_var_02.jpg,synthetic::satellite::family_128
C:\Users\enzoo\PycharmProjects\orbitshield-CV\orbitshield-acv\dataset\synthetic\satellite\satellite_family_128_var_03.png,satellite,synthetic,synthetic_satellite_family_128_var_03.jpg,synthetic::satellite::family_128
C:\Users\enzoo\PycharmProjects\orbitshield-CV\orbitshield-acv\dataset\synthetic\satellite\satellite_family_128_var_04.png,satellite,synthetic,synthetic_satellite_family_128_var_04.jpg,synthetic::satellite::family_128
C:\Users\enzoo\PycharmProjects\orbitshield-CV\orbitshield-acv\dataset\synthetic\satellite\satellite_family_128_var_05.png,satellite,synthetic,synthetic_satellite_family_128_var_05.jpg,synthetic::satellite::family_128
C:\Users\enzoo\PycharmProjects\orbitshield-CV\orbitshield-acv\dataset\synthetic\satellite\satellite_family_129_var_01.png,satellite,synthetic,synthetic_satellite_family_129_var_01.jpg,synthetic::satellite::family_129
C:\Users\enzoo\PycharmProjects\orbitshield-CV\orbitshield-acv\dataset\synthetic\satellite\satellite_family_129_var_02.png,satellite,synthetic,synthetic_satellite_family_129_var_02.jpg,synthetic::satellite::family_129
C:\Users\enzoo\PycharmProjects\orbitshield-CV\orbitshield-acv\dataset\synthetic\satellite\satellite_family_129_var_03.png,satellite,synthetic,synthetic_satellite_family_129_var_03.jpg,synthetic::satellite::family_129
C:\Users\enzoo\PycharmProjects\orbitshield-CV\orbitshield-acv\dataset\synthetic\satellite\satellite_family_129_var_04.png,satellite,synthetic,synthetic_satellite_family_129_var_04.jpg,synthetic::satellite::family_129
C:\Users\enzoo\PycharmProjects\orbitshield-CV\orbitshield-acv\dataset\synthetic\satellite\satellite_family_129_var_05.png,satellite,synthetic,synthetic_satellite_family_129_var_05.jpg,synthetic::satellite::family_129
C:\Users\enzoo\PycharmProjects\orbitshield-CV\orbitshield-acv\dataset\synthetic\satellite\satellite_family_130_var_01.png,satellite,synthetic,synthetic_satellite_family_130_var_01.jpg,synthetic::satellite::family_130
C:\Users\enzoo\PycharmProjects\orbitshield-CV\orbitshield-acv\dataset\synthetic\satellite\satellite_family_130_var_02.png,satellite,synthetic,synthetic_satellite_family_130_var_02.jpg,synthetic::satellite::family_130
C:\Users\enzoo\PycharmProjects\orbitshield-CV\orbitshield-acv\dataset\synthetic\satellite\satellite_family_130_var_03.png,satellite,synthetic,synthetic_satellite_family_130_var_03.jpg,synthetic::satellite::family_130
C:\Users\enzoo\PycharmProjects\orbitshield-CV\orbitshield-acv\dataset\synthetic\satellite\satellite_family_130_var_04.png,satellite,synthetic,synthetic_satellite_family_130_var_04.jpg,synthetic::satellite::family_130
C:\Users\enzoo\PycharmProjects\orbitshield-CV\orbitshield-acv\dataset\synthetic\satellite\satellite_family_130_var_05.png,satellite,synthetic,synthetic_satellite_family_130_var_05.jpg,synthetic::satellite::family_130
C:\Users\enzoo\PycharmProjects\orbitshield-CV\orbitshield-acv\dataset\synthetic\satellite\satellite_family_131_var_01.png,satellite,synthetic,synthetic_satellite_family_131_var_01.jpg,synthetic::satellite::family_131
C:\Users\enzoo\PycharmProjects\orbitshield-CV\orbitshield-acv\dataset\synthetic\satellite\satellite_family_131_var_02.png,satellite,synthetic,synthetic_satellite_family_131_var_02.jpg,synthetic::satellite::family_131
C:\Users\enzoo\PycharmProjects\orbitshield-CV\orbitshield-acv\dataset\synthetic\satellite\satellite_family_131_var_03.png,satellite,synthetic,synthetic_satellite_family_131_var_03.jpg,synthetic::satellite::family_131
C:\Users\enzoo\PycharmProjects\orbitshield-CV\orbitshield-acv\dataset\synthetic\satellite\satellite_family_131_var_04.png,satellite,synthetic,synthetic_satellite_family_131_var_04.jpg,synthetic::satellite::family_131
C:\Users\enzoo\PycharmProjects\orbitshield-CV\orbitshield-acv\dataset\synthetic\satellite\satellite_family_131_var_05.png,satellite,synthetic,synthetic_satellite_family_131_var_05.jpg,synthetic::satellite::family_131
C:\Users\enzoo\PycharmProjects\orbitshield-CV\orbitshield-acv\dataset\synthetic\satellite\satellite_family_132_var_01.png,satellite,synthetic,synthetic_satellite_family_132_var_01.jpg,synthetic::satellite::family_132
C:\Users\enzoo\PycharmProjects\orbitshield-CV\orbitshield-acv\dataset\synthetic\satellite\satellite_family_132_var_02.png,satellite,synthetic,synthetic_satellite_family_132_var_02.jpg,synthetic::satellite::family_132
C:\Users\enzoo\PycharmProjects\orbitshield-CV\orbitshield-acv\dataset\synthetic\satellite\satellite_family_132_var_03.png,satellite,synthetic,synthetic_satellite_family_132_var_03.jpg,synthetic::satellite::family_132
C:\Users\enzoo\PycharmProjects\orbitshield-CV\orbitshield-acv\dataset\synthetic\satellite\satellite_family_132_var_04.png,satellite,synthetic,synthetic_satellite_family_132_var_04.jpg,synthetic::satellite::family_132
C:\Users\enzoo\PycharmProjects\orbitshield-CV\orbitshield-acv\dataset\synthetic\satellite\satellite_family_132_var_05.png,satellite,synthetic,synthetic_satellite_family_132_var_05.jpg,synthetic::satellite::family_132
C:\Users\enzoo\PycharmProjects\orbitshield-CV\orbitshield-acv\dataset\synthetic\satellite\satellite_family_133_var_01.png,satellite,synthetic,synthetic_satellite_family_133_var_01.jpg,synthetic::satellite::family_133
C:\Users\enzoo\PycharmProjects\orbitshield-CV\orbitshield-acv\dataset\synthetic\satellite\satellite_family_133_var_02.png,satellite,synthetic,synthetic_satellite_family_133_var_02.jpg,synthetic::satellite::family_133
C:\Users\enzoo\PycharmProjects\orbitshield-CV\orbitshield-acv\dataset\synthetic\satellite\satellite_family_133_var_03.png,satellite,synthetic,synthetic_satellite_family_133_var_03.jpg,synthetic::satellite::family_133
C:\Users\enzoo\PycharmProjects\orbitshield-CV\orbitshield-acv\dataset\synthetic\satellite\satellite_family_133_var_04.png,satellite,synthetic,synthetic_satellite_family_133_var_04.jpg,synthetic::satellite::family_133
C:\Users\enzoo\PycharmProjects\orbitshield-CV\orbitshield-acv\dataset\synthetic\satellite\satellite_family_133_var_05.png,satellite,synthetic,synthetic_satellite_family_133_var_05.jpg,synthetic::satellite::family_133
C:\Users\enzoo\PycharmProjects\orbitshield-CV\orbitshield-acv\dataset\synthetic\satellite\satellite_family_134_var_01.png,satellite,synthetic,synthetic_satellite_family_134_var_01.jpg,synthetic::satellite::family_134
C:\Users\enzoo\PycharmProjects\orbitshield-CV\orbitshield-acv\dataset\synthetic\satellite\satellite_family_134_var_02.png,satellite,synthetic,synthetic_satellite_family_134_var_02.jpg,synthetic::satellite::family_134
C:\Users\enzoo\PycharmProjects\orbitshield-CV\orbitshield-acv\dataset\synthetic\satellite\satellite_family_134_var_03.png,satellite,synthetic,synthetic_satellite_family_134_var_03.jpg,synthetic::satellite::family_134
C:\Users\enzoo\PycharmProjects\orbitshield-CV\orbitshield-acv\dataset\synthetic\satellite\satellite_family_134_var_04.png,satellite,synthetic,synthetic_satellite_family_134_var_04.jpg,synthetic::satellite::family_134
C:\Users\enzoo\PycharmProjects\orbitshield-CV\orbitshield-acv\dataset\synthetic\satellite\satellite_family_134_var_05.png,satellite,synthetic,synthetic_satellite_family_134_var_05.jpg,synthetic::satellite::family_134
C:\Users\enzoo\PycharmProjects\orbitshield-CV\orbitshield-acv\dataset\synthetic\satellite\satellite_family_135_var_01.png,satellite,synthetic,synthetic_satellite_family_135_var_01.jpg,synthetic::satellite::family_135
C:\Users\enzoo\PycharmProjects\orbitshield-CV\orbitshield-acv\dataset\synthetic\satellite\satellite_family_135_var_02.png,satellite,synthetic,synthetic_satellite_family_135_var_02.jpg,synthetic::satellite::family_135
C:\Users\enzoo\PycharmProjects\orbitshield-CV\orbitshield-acv\dataset\synthetic\satellite\satellite_family_135_var_03.png,satellite,synthetic,synthetic_satellite_family_135_var_03.jpg,synthetic::satellite::family_135
C:\Users\enzoo\PycharmProjects\orbitshield-CV\orbitshield-acv\dataset\synthetic\satellite\satellite_family_135_var_04.png,satellite,synthetic,synthetic_satellite_family_135_var_04.jpg,synthetic::satellite::family_135
C:\Users\enzoo\PycharmProjects\orbitshield-CV\orbitshield-acv\dataset\synthetic\satellite\satellite_family_135_var_05.png,satellite,synthetic,synthetic_satellite_family_135_var_05.jpg,synthetic::satellite::family_135
C:\Users\enzoo\PycharmProjects\orbitshield-CV\orbitshield-acv\dataset\synthetic\satellite\satellite_family_136_var_01.png,satellite,synthetic,synthetic_satellite_family_136_var_01.jpg,synthetic::satellite::family_136
C:\Users\enzoo\PycharmProjects\orbitshield-CV\orbitshield-acv\dataset\synthetic\satellite\satellite_family_136_var_02.png,satellite,synthetic,synthetic_satellite_family_136_var_02.jpg,synthetic::satellite::family_136
C:\Users\enzoo\PycharmProjects\orbitshield-CV\orbitshield-acv\dataset\synthetic\satellite\satellite_family_136_var_03.png,satellite,synthetic,synthetic_satellite_family_136_var_03.jpg,synthetic::satellite::family_136
C:\Users\enzoo\PycharmProjects\orbitshield-CV\orbitshield-acv\dataset\synthetic\satellite\satellite_family_136_var_04.png,satellite,synthetic,synthetic_satellite_family_136_var_04.jpg,synthetic::satellite::family_136
C:\Users\enzoo\PycharmProjects\orbitshield-CV\orbitshield-acv\dataset\synthetic\satellite\satellite_family_136_var_05.png,satellite,synthetic,synthetic_satellite_family_136_var_05.jpg,synthetic::satellite::family_136
C:\Users\enzoo\PycharmProjects\orbitshield-CV\orbitshield-acv\dataset\synthetic\satellite\satellite_family_137_var_01.png,satellite,synthetic,synthetic_satellite_family_137_var_01.jpg,synthetic::satellite::family_137
C:\Users\enzoo\PycharmProjects\orbitshield-CV\orbitshield-acv\dataset\synthetic\satellite\satellite_family_137_var_02.png,satellite,synthetic,synthetic_satellite_family_137_var_02.jpg,synthetic::satellite::family_137
C:\Users\enzoo\PycharmProjects\orbitshield-CV\orbitshield-acv\dataset\synthetic\satellite\satellite_family_137_var_03.png,satellite,synthetic,synthetic_satellite_family_137_var_03.jpg,synthetic::satellite::family_137
C:\Users\enzoo\PycharmProjects\orbitshield-CV\orbitshield-acv\dataset\synthetic\satellite\satellite_family_137_var_04.png,satellite,synthetic,synthetic_satellite_family_137_var_04.jpg,synthetic::satellite::family_137
C:\Users\enzoo\PycharmProjects\orbitshield-CV\orbitshield-acv\dataset\synthetic\satellite\satellite_family_137_var_05.png,satellite,synthetic,synthetic_satellite_family_137_var_05.jpg,synthetic::satellite::family_137
C:\Users\enzoo\PycharmProjects\orbitshield-CV\orbitshield-acv\dataset\synthetic\satellite\satellite_family_138_var_01.png,satellite,synthetic,synthetic_satellite_family_138_var_01.jpg,synthetic::satellite::family_138
C:\Users\enzoo\PycharmProjects\orbitshield-CV\orbitshield-acv\dataset\synthetic\satellite\satellite_family_138_var_02.png,satellite,synthetic,synthetic_satellite_family_138_var_02.jpg,synthetic::satellite::family_138
C:\Users\enzoo\PycharmProjects\orbitshield-CV\orbitshield-acv\dataset\synthetic\satellite\satellite_family_138_var_03.png,satellite,synthetic,synthetic_satellite_family_138_var_03.jpg,synthetic::satellite::family_138
C:\Users\enzoo\PycharmProjects\orbitshield-CV\orbitshield-acv\dataset\synthetic\satellite\satellite_family_138_var_04.png,satellite,synthetic,synthetic_satellite_family_138_var_04.jpg,synthetic::satellite::family_138
C:\Users\enzoo\PycharmProjects\orbitshield-CV\orbitshield-acv\dataset\synthetic\satellite\satellite_family_138_var_05.png,satellite,synthetic,synthetic_satellite_family_138_var_05.jpg,synthetic::satellite::family_138
C:\Users\enzoo\PycharmProjects\orbitshield-CV\orbitshield-acv\dataset\synthetic\satellite\satellite_family_139_var_01.png,satellite,synthetic,synthetic_satellite_family_139_var_01.jpg,synthetic::satellite::family_139
C:\Users\enzoo\PycharmProjects\orbitshield-CV\orbitshield-acv\dataset\synthetic\satellite\satellite_family_139_var_02.png,satellite,synthetic,synthetic_satellite_family_139_var_02.jpg,synthetic::satellite::family_139
C:\Users\enzoo\PycharmProjects\orbitshield-CV\orbitshield-acv\dataset\synthetic\satellite\satellite_family_139_var_03.png,satellite,synthetic,synthetic_satellite_family_139_var_03.jpg,synthetic::satellite::family_139
C:\Users\enzoo\PycharmProjects\orbitshield-CV\orbitshield-acv\dataset\synthetic\satellite\satellite_family_139_var_04.png,satellite,synthetic,synthetic_satellite_family_139_var_04.jpg,synthetic::satellite::family_139
C:\Users\enzoo\PycharmProjects\orbitshield-CV\orbitshield-acv\dataset\synthetic\satellite\satellite_family_139_var_05.png,satellite,synthetic,synthetic_satellite_family_139_var_05.jpg,synthetic::satellite::family_139
C:\Users\enzoo\PycharmProjects\orbitshield-CV\orbitshield-acv\dataset\synthetic\satellite\satellite_family_140_var_01.png,satellite,synthetic,synthetic_satellite_family_140_var_01.jpg,synthetic::satellite::family_140
C:\Users\enzoo\PycharmProjects\orbitshield-CV\orbitshield-acv\dataset\synthetic\satellite\satellite_family_140_var_02.png,satellite,synthetic,synthetic_satellite_family_140_var_02.jpg,synthetic::satellite::family_140
C:\Users\enzoo\PycharmProjects\orbitshield-CV\orbitshield-acv\dataset\synthetic\satellite\satellite_family_140_var_03.png,satellite,synthetic,synthetic_satellite_family_140_var_03.jpg,synthetic::satellite::family_140
C:\Users\enzoo\PycharmProjects\orbitshield-CV\orbitshield-acv\dataset\synthetic\satellite\satellite_family_140_var_04.png,satellite,synthetic,synthetic_satellite_family_140_var_04.jpg,synthetic::satellite::family_140
C:\Users\enzoo\PycharmProjects\orbitshield-CV\orbitshield-acv\dataset\synthetic\satellite\satellite_family_140_var_05.png,satellite,synthetic,synthetic_satellite_family_140_var_05.jpg,synthetic::satellite::family_140
C:\Users\enzoo\PycharmProjects\orbitshield-CV\orbitshield-acv\dataset\synthetic\satellite\satellite_family_141_var_01.png,satellite,synthetic,synthetic_satellite_family_141_var_01.jpg,synthetic::satellite::family_141
C:\Users\enzoo\PycharmProjects\orbitshield-CV\orbitshield-acv\dataset\synthetic\satellite\satellite_family_141_var_02.png,satellite,synthetic,synthetic_satellite_family_141_var_02.jpg,synthetic::satellite::family_141
C:\Users\enzoo\PycharmProjects\orbitshield-CV\orbitshield-acv\dataset\synthetic\satellite\satellite_family_141_var_03.png,satellite,synthetic,synthetic_satellite_family_141_var_03.jpg,synthetic::satellite::family_141
C:\Users\enzoo\PycharmProjects\orbitshield-CV\orbitshield-acv\dataset\synthetic\satellite\satellite_family_141_var_04.png,satellite,synthetic,synthetic_satellite_family_141_var_04.jpg,synthetic::satellite::family_141
C:\Users\enzoo\PycharmProjects\orbitshield-CV\orbitshield-acv\dataset\synthetic\satellite\satellite_family_141_var_05.png,satellite,synthetic,synthetic_satellite_family_141_var_05.jpg,synthetic::satellite::family_141
C:\Users\enzoo\PycharmProjects\orbitshield-CV\orbitshield-acv\dataset\synthetic\satellite\satellite_family_142_var_01.png,satellite,synthetic,synthetic_satellite_family_142_var_01.jpg,synthetic::satellite::family_142
C:\Users\enzoo\PycharmProjects\orbitshield-CV\orbitshield-acv\dataset\synthetic\satellite\satellite_family_142_var_02.png,satellite,synthetic,synthetic_satellite_family_142_var_02.jpg,synthetic::satellite::family_142
C:\Users\enzoo\PycharmProjects\orbitshield-CV\orbitshield-acv\dataset\synthetic\satellite\satellite_family_142_var_03.png,satellite,synthetic,synthetic_satellite_family_142_var_03.jpg,synthetic::satellite::family_142
C:\Users\enzoo\PycharmProjects\orbitshield-CV\orbitshield-acv\dataset\synthetic\satellite\satellite_family_142_var_04.png,satellite,synthetic,synthetic_satellite_family_142_var_04.jpg,synthetic::satellite::family_142
C:\Users\enzoo\PycharmProjects\orbitshield-CV\orbitshield-acv\dataset\synthetic\satellite\satellite_family_142_var_05.png,satellite,synthetic,synthetic_satellite_family_142_var_05.jpg,synthetic::satellite::family_142
C:\Users\enzoo\PycharmProjects\orbitshield-CV\orbitshield-acv\dataset\synthetic\satellite\satellite_family_143_var_01.png,satellite,synthetic,synthetic_satellite_family_143_var_01.jpg,synthetic::satellite::family_143
C:\Users\enzoo\PycharmProjects\orbitshield-CV\orbitshield-acv\dataset\synthetic\satellite\satellite_family_143_var_02.png,satellite,synthetic,synthetic_satellite_family_143_var_02.jpg,synthetic::satellite::family_143
C:\Users\enzoo\PycharmProjects\orbitshield-CV\orbitshield-acv\dataset\synthetic\satellite\satellite_family_143_var_03.png,satellite,synthetic,synthetic_satellite_family_143_var_03.jpg,synthetic::satellite::family_143
C:\Users\enzoo\PycharmProjects\orbitshield-CV\orbitshield-acv\dataset\synthetic\satellite\satellite_family_143_var_04.png,satellite,synthetic,synthetic_satellite_family_143_var_04.jpg,synthetic::satellite::family_143
C:\Users\enzoo\PycharmProjects\orbitshield-CV\orbitshield-acv\dataset\synthetic\satellite\satellite_family_143_var_05.png,satellite,synthetic,synthetic_satellite_family_143_var_05.jpg,synthetic::satellite::family_143
C:\Users\enzoo\PycharmProjects\orbitshield-CV\orbitshield-acv\dataset\synthetic\satellite\satellite_family_144_var_01.png,satellite,synthetic,synthetic_satellite_family_144_var_01.jpg,synthetic::satellite::family_144
C:\Users\enzoo\PycharmProjects\orbitshield-CV\orbitshield-acv\dataset\synthetic\satellite\satellite_family_144_var_02.png,satellite,synthetic,synthetic_satellite_family_144_var_02.jpg,synthetic::satellite::family_144
C:\Users\enzoo\PycharmProjects\orbitshield-CV\orbitshield-acv\dataset\synthetic\satellite\satellite_family_144_var_03.png,satellite,synthetic,synthetic_satellite_family_144_var_03.jpg,synthetic::satellite::family_144
C:\Users\enzoo\PycharmProjects\orbitshield-CV\orbitshield-acv\dataset\synthetic\satellite\satellite_family_144_var_04.png,satellite,synthetic,synthetic_satellite_family_144_var_04.jpg,synthetic::satellite::family_144
C:\Users\enzoo\PycharmProjects\orbitshield-CV\orbitshield-acv\dataset\synthetic\satellite\satellite_family_144_var_05.png,satellite,synthetic,synthetic_satellite_family_144_var_05.jpg,synthetic::satellite::family_144
C:\Users\enzoo\PycharmProjects\orbitshield-CV\orbitshield-acv\dataset\synthetic\satellite\satellite_family_145_var_01.png,satellite,synthetic,synthetic_satellite_family_145_var_01.jpg,synthetic::satellite::family_145
C:\Users\enzoo\PycharmProjects\orbitshield-CV\orbitshield-acv\dataset\synthetic\satellite\satellite_family_145_var_02.png,satellite,synthetic,synthetic_satellite_family_145_var_02.jpg,synthetic::satellite::family_145
C:\Users\enzoo\PycharmProjects\orbitshield-CV\orbitshield-acv\dataset\synthetic\satellite\satellite_family_145_var_03.png,satellite,synthetic,synthetic_satellite_family_145_var_03.jpg,synthetic::satellite::family_145
C:\Users\enzoo\PycharmProjects\orbitshield-CV\orbitshield-acv\dataset\synthetic\satellite\satellite_family_145_var_04.png,satellite,synthetic,synthetic_satellite_family_145_var_04.jpg,synthetic::satellite::family_145
C:\Users\enzoo\PycharmProjects\orbitshield-CV\orbitshield-acv\dataset\synthetic\satellite\satellite_family_145_var_05.png,satellite,synthetic,synthetic_satellite_family_145_var_05.jpg,synthetic::satellite::family_145
C:\Users\enzoo\PycharmProjects\orbitshield-CV\orbitshield-acv\dataset\synthetic\satellite\satellite_family_146_var_01.png,satellite,synthetic,synthetic_satellite_family_146_var_01.jpg,synthetic::satellite::family_146
C:\Users\enzoo\PycharmProjects\orbitshield-CV\orbitshield-acv\dataset\synthetic\satellite\satellite_family_146_var_02.png,satellite,synthetic,synthetic_satellite_family_146_var_02.jpg,synthetic::satellite::family_146
C:\Users\enzoo\PycharmProjects\orbitshield-CV\orbitshield-acv\dataset\synthetic\satellite\satellite_family_146_var_03.png,satellite,synthetic,synthetic_satellite_family_146_var_03.jpg,synthetic::satellite::family_146
C:\Users\enzoo\PycharmProjects\orbitshield-CV\orbitshield-acv\dataset\synthetic\satellite\satellite_family_146_var_04.png,satellite,synthetic,synthetic_satellite_family_146_var_04.jpg,synthetic::satellite::family_146
C:\Users\enzoo\PycharmProjects\orbitshield-CV\orbitshield-acv\dataset\synthetic\satellite\satellite_family_146_var_05.png,satellite,synthetic,synthetic_satellite_family_146_var_05.jpg,synthetic::satellite::family_146
C:\Users\enzoo\PycharmProjects\orbitshield-CV\orbitshield-acv\dataset\synthetic\satellite\satellite_family_147_var_01.png,satellite,synthetic,synthetic_satellite_family_147_var_01.jpg,synthetic::satellite::family_147
C:\Users\enzoo\PycharmProjects\orbitshield-CV\orbitshield-acv\dataset\synthetic\satellite\satellite_family_147_var_02.png,satellite,synthetic,synthetic_satellite_family_147_var_02.jpg,synthetic::satellite::family_147
C:\Users\enzoo\PycharmProjects\orbitshield-CV\orbitshield-acv\dataset\synthetic\satellite\satellite_family_147_var_03.png,satellite,synthetic,synthetic_satellite_family_147_var_03.jpg,synthetic::satellite::family_147
C:\Users\enzoo\PycharmProjects\orbitshield-CV\orbitshield-acv\dataset\synthetic\satellite\satellite_family_147_var_04.png,satellite,synthetic,synthetic_satellite_family_147_var_04.jpg,synthetic::satellite::family_147
C:\Users\enzoo\PycharmProjects\orbitshield-CV\orbitshield-acv\dataset\synthetic\satellite\satellite_family_147_var_05.png,satellite,synthetic,synthetic_satellite_family_147_var_05.jpg,synthetic::satellite::family_147
C:\Users\enzoo\PycharmProjects\orbitshield-CV\orbitshield-acv\dataset\synthetic\satellite\satellite_family_148_var_01.png,satellite,synthetic,synthetic_satellite_family_148_var_01.jpg,synthetic::satellite::family_148
C:\Users\enzoo\PycharmProjects\orbitshield-CV\orbitshield-acv\dataset\synthetic\satellite\satellite_family_148_var_02.png,satellite,synthetic,synthetic_satellite_family_148_var_02.jpg,synthetic::satellite::family_148
C:\Users\enzoo\PycharmProjects\orbitshield-CV\orbitshield-acv\dataset\synthetic\satellite\satellite_family_148_var_03.png,satellite,synthetic,synthetic_satellite_family_148_var_03.jpg,synthetic::satellite::family_148
C:\Users\enzoo\PycharmProjects\orbitshield-CV\orbitshield-acv\dataset\synthetic\satellite\satellite_family_148_var_04.png,satellite,synthetic,synthetic_satellite_family_148_var_04.jpg,synthetic::satellite::family_148
C:\Users\enzoo\PycharmProjects\orbitshield-CV\orbitshield-acv\dataset\synthetic\satellite\satellite_family_148_var_05.png,satellite,synthetic,synthetic_satellite_family_148_var_05.jpg,synthetic::satellite::family_148
C:\Users\enzoo\PycharmProjects\orbitshield-CV\orbitshield-acv\dataset\synthetic\satellite\satellite_family_149_var_01.png,satellite,synthetic,synthetic_satellite_family_149_var_01.jpg,synthetic::satellite::family_149
C:\Users\enzoo\PycharmProjects\orbitshield-CV\orbitshield-acv\dataset\synthetic\satellite\satellite_family_149_var_02.png,satellite,synthetic,synthetic_satellite_family_149_var_02.jpg,synthetic::satellite::family_149
C:\Users\enzoo\PycharmProjects\orbitshield-CV\orbitshield-acv\dataset\synthetic\satellite\satellite_family_149_var_03.png,satellite,synthetic,synthetic_satellite_family_149_var_03.jpg,synthetic::satellite::family_149
C:\Users\enzoo\PycharmProjects\orbitshield-CV\orbitshield-acv\dataset\synthetic\satellite\satellite_family_149_var_04.png,satellite,synthetic,synthetic_satellite_family_149_var_04.jpg,synthetic::satellite::family_149
C:\Users\enzoo\PycharmProjects\orbitshield-CV\orbitshield-acv\dataset\synthetic\satellite\satellite_family_149_var_05.png,satellite,synthetic,synthetic_satellite_family_149_var_05.jpg,synthetic::satellite::family_149
C:\Users\enzoo\PycharmProjects\orbitshield-CV\orbitshield-acv\dataset\synthetic\satellite\satellite_family_150_var_01.png,satellite,synthetic,synthetic_satellite_family_150_var_01.jpg,synthetic::satellite::family_150
C:\Users\enzoo\PycharmProjects\orbitshield-CV\orbitshield-acv\dataset\synthetic\satellite\satellite_family_150_var_02.png,satellite,synthetic,synthetic_satellite_family_150_var_02.jpg,synthetic::satellite::family_150
C:\Users\enzoo\PycharmProjects\orbitshield-CV\orbitshield-acv\dataset\synthetic\satellite\satellite_family_150_var_03.png,satellite,synthetic,synthetic_satellite_family_150_var_03.jpg,synthetic::satellite::family_150
C:\Users\enzoo\PycharmProjects\orbitshield-CV\orbitshield-acv\dataset\synthetic\satellite\satellite_family_150_var_04.png,satellite,synthetic,synthetic_satellite_family_150_var_04.jpg,synthetic::satellite::family_150
C:\Users\enzoo\PycharmProjects\orbitshield-CV\orbitshield-acv\dataset\synthetic\satellite\satellite_family_150_var_05.png,satellite,synthetic,synthetic_satellite_family_150_var_05.jpg,synthetic::satellite::family_150
C:\Users\enzoo\PycharmProjects\orbitshield-CV\orbitshield-acv\dataset\synthetic\satellite\satellite_family_151_var_01.png,satellite,synthetic,synthetic_satellite_family_151_var_01.jpg,synthetic::satellite::family_151
C:\Users\enzoo\PycharmProjects\orbitshield-CV\orbitshield-acv\dataset\synthetic\satellite\satellite_family_151_var_02.png,satellite,synthetic,synthetic_satellite_family_151_var_02.jpg,synthetic::satellite::family_151
C:\Users\enzoo\PycharmProjects\orbitshield-CV\orbitshield-acv\dataset\synthetic\satellite\satellite_family_151_var_03.png,satellite,synthetic,synthetic_satellite_family_151_var_03.jpg,synthetic::satellite::family_151
C:\Users\enzoo\PycharmProjects\orbitshield-CV\orbitshield-acv\dataset\synthetic\satellite\satellite_family_151_var_04.png,satellite,synthetic,synthetic_satellite_family_151_var_04.jpg,synthetic::satellite::family_151
C:\Users\enzoo\PycharmProjects\orbitshield-CV\orbitshield-acv\dataset\synthetic\satellite\satellite_family_151_var_05.png,satellite,synthetic,synthetic_satellite_family_151_var_05.jpg,synthetic::satellite::family_151
C:\Users\enzoo\PycharmProjects\orbitshield-CV\orbitshield-acv\dataset\synthetic\satellite\satellite_family_152_var_01.png,satellite,synthetic,synthetic_satellite_family_152_var_01.jpg,synthetic::satellite::family_152
C:\Users\enzoo\PycharmProjects\orbitshield-CV\orbitshield-acv\dataset\synthetic\satellite\satellite_family_152_var_02.png,satellite,synthetic,synthetic_satellite_family_152_var_02.jpg,synthetic::satellite::family_152
C:\Users\enzoo\PycharmProjects\orbitshield-CV\orbitshield-acv\dataset\synthetic\satellite\satellite_family_152_var_03.png,satellite,synthetic,synthetic_satellite_family_152_var_03.jpg,synthetic::satellite::family_152
C:\Users\enzoo\PycharmProjects\orbitshield-CV\orbitshield-acv\dataset\synthetic\satellite\satellite_family_152_var_04.png,satellite,synthetic,synthetic_satellite_family_152_var_04.jpg,synthetic::satellite::family_152
C:\Users\enzoo\PycharmProjects\orbitshield-CV\orbitshield-acv\dataset\synthetic\satellite\satellite_family_152_var_05.png,satellite,synthetic,synthetic_satellite_family_152_var_05.jpg,synthetic::satellite::family_152
C:\Users\enzoo\PycharmProjects\orbitshield-CV\orbitshield-acv\dataset\synthetic\satellite\satellite_family_153_var_01.png,satellite,synthetic,synthetic_satellite_family_153_var_01.jpg,synthetic::satellite::family_153
C:\Users\enzoo\PycharmProjects\orbitshield-CV\orbitshield-acv\dataset\synthetic\satellite\satellite_family_153_var_02.png,satellite,synthetic,synthetic_satellite_family_153_var_02.jpg,synthetic::satellite::family_153
C:\Users\enzoo\PycharmProjects\orbitshield-CV\orbitshield-acv\dataset\synthetic\satellite\satellite_family_153_var_03.png,satellite,synthetic,synthetic_satellite_family_153_var_03.jpg,synthetic::satellite::family_153
C:\Users\enzoo\PycharmProjects\orbitshield-CV\orbitshield-acv\dataset\synthetic\satellite\satellite_family_153_var_04.png,satellite,synthetic,synthetic_satellite_family_153_var_04.jpg,synthetic::satellite::family_153
C:\Users\enzoo\PycharmProjects\orbitshield-CV\orbitshield-acv\dataset\synthetic\satellite\satellite_family_153_var_05.png,satellite,synthetic,synthetic_satellite_family_153_var_05.jpg,synthetic::satellite::family_153
C:\Users\enzoo\PycharmProjects\orbitshield-CV\orbitshield-acv\dataset\synthetic\satellite\satellite_family_154_var_01.png,satellite,synthetic,synthetic_satellite_family_154_var_01.jpg,synthetic::satellite::family_154
C:\Users\enzoo\PycharmProjects\orbitshield-CV\orbitshield-acv\dataset\synthetic\satellite\satellite_family_154_var_02.png,satellite,synthetic,synthetic_satellite_family_154_var_02.jpg,synthetic::satellite::family_154
C:\Users\enzoo\PycharmProjects\orbitshield-CV\orbitshield-acv\dataset\synthetic\satellite\satellite_family_154_var_03.png,satellite,synthetic,synthetic_satellite_family_154_var_03.jpg,synthetic::satellite::family_154
C:\Users\enzoo\PycharmProjects\orbitshield-CV\orbitshield-acv\dataset\synthetic\satellite\satellite_family_154_var_04.png,satellite,synthetic,synthetic_satellite_family_154_var_04.jpg,synthetic::satellite::family_154
C:\Users\enzoo\PycharmProjects\orbitshield-CV\orbitshield-acv\dataset\synthetic\satellite\satellite_family_154_var_05.png,satellite,synthetic,synthetic_satellite_family_154_var_05.jpg,synthetic::satellite::family_154
C:\Users\enzoo\PycharmProjects\orbitshield-CV\orbitshield-acv\dataset\synthetic\satellite\satellite_family_155_var_01.png,satellite,synthetic,synthetic_satellite_family_155_var_01.jpg,synthetic::satellite::family_155
C:\Users\enzoo\PycharmProjects\orbitshield-CV\orbitshield-acv\dataset\synthetic\satellite\satellite_family_155_var_02.png,satellite,synthetic,synthetic_satellite_family_155_var_02.jpg,synthetic::satellite::family_155
C:\Users\enzoo\PycharmProjects\orbitshield-CV\orbitshield-acv\dataset\synthetic\satellite\satellite_family_155_var_03.png,satellite,synthetic,synthetic_satellite_family_155_var_03.jpg,synthetic::satellite::family_155
C:\Users\enzoo\PycharmProjects\orbitshield-CV\orbitshield-acv\dataset\synthetic\satellite\satellite_family_155_var_04.png,satellite,synthetic,synthetic_satellite_family_155_var_04.jpg,synthetic::satellite::family_155
C:\Users\enzoo\PycharmProjects\orbitshield-CV\orbitshield-acv\dataset\synthetic\satellite\satellite_family_155_var_05.png,satellite,synthetic,synthetic_satellite_family_155_var_05.jpg,synthetic::satellite::family_155
C:\Users\enzoo\PycharmProjects\orbitshield-CV\orbitshield-acv\dataset\synthetic\satellite\satellite_family_156_var_01.png,satellite,synthetic,synthetic_satellite_family_156_var_01.jpg,synthetic::satellite::family_156
C:\Users\enzoo\PycharmProjects\orbitshield-CV\orbitshield-acv\dataset\synthetic\satellite\satellite_family_156_var_02.png,satellite,synthetic,synthetic_satellite_family_156_var_02.jpg,synthetic::satellite::family_156
C:\Users\enzoo\PycharmProjects\orbitshield-CV\orbitshield-acv\dataset\synthetic\satellite\satellite_family_156_var_03.png,satellite,synthetic,synthetic_satellite_family_156_var_03.jpg,synthetic::satellite::family_156
C:\Users\enzoo\PycharmProjects\orbitshield-CV\orbitshield-acv\dataset\synthetic\satellite\satellite_family_156_var_04.png,satellite,synthetic,synthetic_satellite_family_156_var_04.jpg,synthetic::satellite::family_156
C:\Users\enzoo\PycharmProjects\orbitshield-CV\orbitshield-acv\dataset\synthetic\satellite\satellite_family_156_var_05.png,satellite,synthetic,synthetic_satellite_family_156_var_05.jpg,synthetic::satellite::family_156
C:\Users\enzoo\PycharmProjects\orbitshield-CV\orbitshield-acv\dataset\synthetic\satellite\satellite_family_157_var_01.png,satellite,synthetic,synthetic_satellite_family_157_var_01.jpg,synthetic::satellite::family_157
C:\Users\enzoo\PycharmProjects\orbitshield-CV\orbitshield-acv\dataset\synthetic\satellite\satellite_family_157_var_02.png,satellite,synthetic,synthetic_satellite_family_157_var_02.jpg,synthetic::satellite::family_157
C:\Users\enzoo\PycharmProjects\orbitshield-CV\orbitshield-acv\dataset\synthetic\satellite\satellite_family_157_var_03.png,satellite,synthetic,synthetic_satellite_family_157_var_03.jpg,synthetic::satellite::family_157
C:\Users\enzoo\PycharmProjects\orbitshield-CV\orbitshield-acv\dataset\synthetic\satellite\satellite_family_157_var_04.png,satellite,synthetic,synthetic_satellite_family_157_var_04.jpg,synthetic::satellite::family_157
C:\Users\enzoo\PycharmProjects\orbitshield-CV\orbitshield-acv\dataset\synthetic\satellite\satellite_family_157_var_05.png,satellite,synthetic,synthetic_satellite_family_157_var_05.jpg,synthetic::satellite::family_157
C:\Users\enzoo\PycharmProjects\orbitshield-CV\orbitshield-acv\dataset\synthetic\satellite\satellite_family_158_var_01.png,satellite,synthetic,synthetic_satellite_family_158_var_01.jpg,synthetic::satellite::family_158
C:\Users\enzoo\PycharmProjects\orbitshield-CV\orbitshield-acv\dataset\synthetic\satellite\satellite_family_158_var_02.png,satellite,synthetic,synthetic_satellite_family_158_var_02.jpg,synthetic::satellite::family_158
C:\Users\enzoo\PycharmProjects\orbitshield-CV\orbitshield-acv\dataset\synthetic\satellite\satellite_family_158_var_03.png,satellite,synthetic,synthetic_satellite_family_158_var_03.jpg,synthetic::satellite::family_158
C:\Users\enzoo\PycharmProjects\orbitshield-CV\orbitshield-acv\dataset\synthetic\satellite\satellite_family_158_var_04.png,satellite,synthetic,synthetic_satellite_family_158_var_04.jpg,synthetic::satellite::family_158
C:\Users\enzoo\PycharmProjects\orbitshield-CV\orbitshield-acv\dataset\synthetic\satellite\satellite_family_158_var_05.png,satellite,synthetic,synthetic_satellite_family_158_var_05.jpg,synthetic::satellite::family_158
C:\Users\enzoo\PycharmProjects\orbitshield-CV\orbitshield-acv\dataset\synthetic\satellite\satellite_family_159_var_01.png,satellite,synthetic,synthetic_satellite_family_159_var_01.jpg,synthetic::satellite::family_159
C:\Users\enzoo\PycharmProjects\orbitshield-CV\orbitshield-acv\dataset\synthetic\satellite\satellite_family_159_var_02.png,satellite,synthetic,synthetic_satellite_family_159_var_02.jpg,synthetic::satellite::family_159
C:\Users\enzoo\PycharmProjects\orbitshield-CV\orbitshield-acv\dataset\synthetic\satellite\satellite_family_159_var_03.png,satellite,synthetic,synthetic_satellite_family_159_var_03.jpg,synthetic::satellite::family_159
C:\Users\enzoo\PycharmProjects\orbitshield-CV\orbitshield-acv\dataset\synthetic\satellite\satellite_family_159_var_04.png,satellite,synthetic,synthetic_satellite_family_159_var_04.jpg,synthetic::satellite::family_159
C:\Users\enzoo\PycharmProjects\orbitshield-CV\orbitshield-acv\dataset\synthetic\satellite\satellite_family_159_var_05.png,satellite,synthetic,synthetic_satellite_family_159_var_05.jpg,synthetic::satellite::family_159
C:\Users\enzoo\PycharmProjects\orbitshield-CV\orbitshield-acv\dataset\synthetic\satellite\satellite_family_160_var_01.png,satellite,synthetic,synthetic_satellite_family_160_var_01.jpg,synthetic::satellite::family_160
C:\Users\enzoo\PycharmProjects\orbitshield-CV\orbitshield-acv\dataset\synthetic\satellite\satellite_family_160_var_02.png,satellite,synthetic,synthetic_satellite_family_160_var_02.jpg,synthetic::satellite::family_160
C:\Users\enzoo\PycharmProjects\orbitshield-CV\orbitshield-acv\dataset\synthetic\satellite\satellite_family_160_var_03.png,satellite,synthetic,synthetic_satellite_family_160_var_03.jpg,synthetic::satellite::family_160
C:\Users\enzoo\PycharmProjects\orbitshield-CV\orbitshield-acv\dataset\synthetic\satellite\satellite_family_160_var_04.png,satellite,synthetic,synthetic_satellite_family_160_var_04.jpg,synthetic::satellite::family_160
C:\Users\enzoo\PycharmProjects\orbitshield-CV\orbitshield-acv\dataset\synthetic\satellite\satellite_family_160_var_05.png,satellite,synthetic,synthetic_satellite_family_160_var_05.jpg,synthetic::satellite::family_160
C:\Users\enzoo\PycharmProjects\orbitshield-CV\orbitshield-acv\dataset\synthetic\satellite\satellite_family_161_var_01.png,satellite,synthetic,synthetic_satellite_family_161_var_01.jpg,synthetic::satellite::family_161
C:\Users\enzoo\PycharmProjects\orbitshield-CV\orbitshield-acv\dataset\synthetic\satellite\satellite_family_161_var_02.png,satellite,synthetic,synthetic_satellite_family_161_var_02.jpg,synthetic::satellite::family_161
C:\Users\enzoo\PycharmProjects\orbitshield-CV\orbitshield-acv\dataset\synthetic\satellite\satellite_family_161_var_03.png,satellite,synthetic,synthetic_satellite_family_161_var_03.jpg,synthetic::satellite::family_161
C:\Users\enzoo\PycharmProjects\orbitshield-CV\orbitshield-acv\dataset\synthetic\satellite\satellite_family_161_var_04.png,satellite,synthetic,synthetic_satellite_family_161_var_04.jpg,synthetic::satellite::family_161
C:\Users\enzoo\PycharmProjects\orbitshield-CV\orbitshield-acv\dataset\synthetic\satellite\satellite_family_161_var_05.png,satellite,synthetic,synthetic_satellite_family_161_var_05.jpg,synthetic::satellite::family_161
C:\Users\enzoo\PycharmProjects\orbitshield-CV\orbitshield-acv\dataset\synthetic\satellite\satellite_family_162_var_01.png,satellite,synthetic,synthetic_satellite_family_162_var_01.jpg,synthetic::satellite::family_162
C:\Users\enzoo\PycharmProjects\orbitshield-CV\orbitshield-acv\dataset\synthetic\satellite\satellite_family_162_var_02.png,satellite,synthetic,synthetic_satellite_family_162_var_02.jpg,synthetic::satellite::family_162
C:\Users\enzoo\PycharmProjects\orbitshield-CV\orbitshield-acv\dataset\synthetic\satellite\satellite_family_162_var_03.png,satellite,synthetic,synthetic_satellite_family_162_var_03.jpg,synthetic::satellite::family_162
C:\Users\enzoo\PycharmProjects\orbitshield-CV\orbitshield-acv\dataset\synthetic\satellite\satellite_family_162_var_04.png,satellite,synthetic,synthetic_satellite_family_162_var_04.jpg,synthetic::satellite::family_162
C:\Users\enzoo\PycharmProjects\orbitshield-CV\orbitshield-acv\dataset\synthetic\satellite\satellite_family_162_var_05.png,satellite,synthetic,synthetic_satellite_family_162_var_05.jpg,synthetic::satellite::family_162
C:\Users\enzoo\PycharmProjects\orbitshield-CV\orbitshield-acv\dataset\synthetic\satellite\satellite_family_163_var_01.png,satellite,synthetic,synthetic_satellite_family_163_var_01.jpg,synthetic::satellite::family_163
C:\Users\enzoo\PycharmProjects\orbitshield-CV\orbitshield-acv\dataset\synthetic\satellite\satellite_family_163_var_02.png,satellite,synthetic,synthetic_satellite_family_163_var_02.jpg,synthetic::satellite::family_163
C:\Users\enzoo\PycharmProjects\orbitshield-CV\orbitshield-acv\dataset\synthetic\satellite\satellite_family_163_var_03.png,satellite,synthetic,synthetic_satellite_family_163_var_03.jpg,synthetic::satellite::family_163
C:\Users\enzoo\PycharmProjects\orbitshield-CV\orbitshield-acv\dataset\synthetic\satellite\satellite_family_163_var_04.png,satellite,synthetic,synthetic_satellite_family_163_var_04.jpg,synthetic::satellite::family_163
C:\Users\enzoo\PycharmProjects\orbitshield-CV\orbitshield-acv\dataset\synthetic\satellite\satellite_family_163_var_05.png,satellite,synthetic,synthetic_satellite_family_163_var_05.jpg,synthetic::satellite::family_163
C:\Users\enzoo\PycharmProjects\orbitshield-CV\orbitshield-acv\dataset\synthetic\satellite\satellite_family_164_var_01.png,satellite,synthetic,synthetic_satellite_family_164_var_01.jpg,synthetic::satellite::family_164
C:\Users\enzoo\PycharmProjects\orbitshield-CV\orbitshield-acv\dataset\synthetic\satellite\satellite_family_164_var_02.png,satellite,synthetic,synthetic_satellite_family_164_var_02.jpg,synthetic::satellite::family_164
C:\Users\enzoo\PycharmProjects\orbitshield-CV\orbitshield-acv\dataset\synthetic\satellite\satellite_family_164_var_03.png,satellite,synthetic,synthetic_satellite_family_164_var_03.jpg,synthetic::satellite::family_164
C:\Users\enzoo\PycharmProjects\orbitshield-CV\orbitshield-acv\dataset\synthetic\satellite\satellite_family_164_var_04.png,satellite,synthetic,synthetic_satellite_family_164_var_04.jpg,synthetic::satellite::family_164
C:\Users\enzoo\PycharmProjects\orbitshield-CV\orbitshield-acv\dataset\synthetic\satellite\satellite_family_164_var_05.png,satellite,synthetic,synthetic_satellite_family_164_var_05.jpg,synthetic::satellite::family_164
C:\Users\enzoo\PycharmProjects\orbitshield-CV\orbitshield-acv\dataset\synthetic\satellite\satellite_family_165_var_01.png,satellite,synthetic,synthetic_satellite_family_165_var_01.jpg,synthetic::satellite::family_165
C:\Users\enzoo\PycharmProjects\orbitshield-CV\orbitshield-acv\dataset\synthetic\satellite\satellite_family_165_var_02.png,satellite,synthetic,synthetic_satellite_family_165_var_02.jpg,synthetic::satellite::family_165
C:\Users\enzoo\PycharmProjects\orbitshield-CV\orbitshield-acv\dataset\synthetic\satellite\satellite_family_165_var_03.png,satellite,synthetic,synthetic_satellite_family_165_var_03.jpg,synthetic::satellite::family_165
C:\Users\enzoo\PycharmProjects\orbitshield-CV\orbitshield-acv\dataset\synthetic\satellite\satellite_family_165_var_04.png,satellite,synthetic,synthetic_satellite_family_165_var_04.jpg,synthetic::satellite::family_165
C:\Users\enzoo\PycharmProjects\orbitshield-CV\orbitshield-acv\dataset\synthetic\satellite\satellite_family_165_var_05.png,satellite,synthetic,synthetic_satellite_family_165_var_05.jpg,synthetic::satellite::family_165
C:\Users\enzoo\PycharmProjects\orbitshield-CV\orbitshield-acv\dataset\synthetic\satellite\satellite_family_166_var_01.png,satellite,synthetic,synthetic_satellite_family_166_var_01.jpg,synthetic::satellite::family_166
C:\Users\enzoo\PycharmProjects\orbitshield-CV\orbitshield-acv\dataset\synthetic\satellite\satellite_family_166_var_02.png,satellite,synthetic,synthetic_satellite_family_166_var_02.jpg,synthetic::satellite::family_166
C:\Users\enzoo\PycharmProjects\orbitshield-CV\orbitshield-acv\dataset\synthetic\satellite\satellite_family_166_var_03.png,satellite,synthetic,synthetic_satellite_family_166_var_03.jpg,synthetic::satellite::family_166
C:\Users\enzoo\PycharmProjects\orbitshield-CV\orbitshield-acv\dataset\synthetic\satellite\satellite_family_166_var_04.png,satellite,synthetic,synthetic_satellite_family_166_var_04.jpg,synthetic::satellite::family_166
C:\Users\enzoo\PycharmProjects\orbitshield-CV\orbitshield-acv\dataset\synthetic\satellite\satellite_family_166_var_05.png,satellite,synthetic,synthetic_satellite_family_166_var_05.jpg,synthetic::satellite::family_166
C:\Users\enzoo\PycharmProjects\orbitshield-CV\orbitshield-acv\dataset\synthetic\satellite\satellite_family_167_var_01.png,satellite,synthetic,synthetic_satellite_family_167_var_01.jpg,synthetic::satellite::family_167
C:\Users\enzoo\PycharmProjects\orbitshield-CV\orbitshield-acv\dataset\synthetic\satellite\satellite_family_167_var_02.png,satellite,synthetic,synthetic_satellite_family_167_var_02.jpg,synthetic::satellite::family_167
C:\Users\enzoo\PycharmProjects\orbitshield-CV\orbitshield-acv\dataset\synthetic\satellite\satellite_family_167_var_03.png,satellite,synthetic,synthetic_satellite_family_167_var_03.jpg,synthetic::satellite::family_167
C:\Users\enzoo\PycharmProjects\orbitshield-CV\orbitshield-acv\dataset\synthetic\satellite\satellite_family_167_var_04.png,satellite,synthetic,synthetic_satellite_family_167_var_04.jpg,synthetic::satellite::family_167
C:\Users\enzoo\PycharmProjects\orbitshield-CV\orbitshield-acv\dataset\synthetic\satellite\satellite_family_167_var_05.png,satellite,synthetic,synthetic_satellite_family_167_var_05.jpg,synthetic::satellite::family_167
C:\Users\enzoo\PycharmProjects\orbitshield-CV\orbitshield-acv\dataset\synthetic\satellite\satellite_family_168_var_01.png,satellite,synthetic,synthetic_satellite_family_168_var_01.jpg,synthetic::satellite::family_168
C:\Users\enzoo\PycharmProjects\orbitshield-CV\orbitshield-acv\dataset\synthetic\satellite\satellite_family_168_var_02.png,satellite,synthetic,synthetic_satellite_family_168_var_02.jpg,synthetic::satellite::family_168
C:\Users\enzoo\PycharmProjects\orbitshield-CV\orbitshield-acv\dataset\synthetic\satellite\satellite_family_168_var_03.png,satellite,synthetic,synthetic_satellite_family_168_var_03.jpg,synthetic::satellite::family_168
C:\Users\enzoo\PycharmProjects\orbitshield-CV\orbitshield-acv\dataset\synthetic\satellite\satellite_family_168_var_04.png,satellite,synthetic,synthetic_satellite_family_168_var_04.jpg,synthetic::satellite::family_168
C:\Users\enzoo\PycharmProjects\orbitshield-CV\orbitshield-acv\dataset\synthetic\satellite\satellite_family_168_var_05.png,satellite,synthetic,synthetic_satellite_family_168_var_05.jpg,synthetic::satellite::family_168
C:\Users\enzoo\PycharmProjects\orbitshield-CV\orbitshield-acv\dataset\synthetic\satellite\satellite_family_169_var_01.png,satellite,synthetic,synthetic_satellite_family_169_var_01.jpg,synthetic::satellite::family_169
C:\Users\enzoo\PycharmProjects\orbitshield-CV\orbitshield-acv\dataset\synthetic\satellite\satellite_family_169_var_02.png,satellite,synthetic,synthetic_satellite_family_169_var_02.jpg,synthetic::satellite::family_169
C:\Users\enzoo\PycharmProjects\orbitshield-CV\orbitshield-acv\dataset\synthetic\satellite\satellite_family_169_var_03.png,satellite,synthetic,synthetic_satellite_family_169_var_03.jpg,synthetic::satellite::family_169
C:\Users\enzoo\PycharmProjects\orbitshield-CV\orbitshield-acv\dataset\synthetic\satellite\satellite_family_169_var_04.png,satellite,synthetic,synthetic_satellite_family_169_var_04.jpg,synthetic::satellite::family_169
C:\Users\enzoo\PycharmProjects\orbitshield-CV\orbitshield-acv\dataset\synthetic\satellite\satellite_family_169_var_05.png,satellite,synthetic,synthetic_satellite_family_169_var_05.jpg,synthetic::satellite::family_169
C:\Users\enzoo\PycharmProjects\orbitshield-CV\orbitshield-acv\dataset\synthetic\satellite\satellite_family_170_var_01.png,satellite,synthetic,synthetic_satellite_family_170_var_01.jpg,synthetic::satellite::family_170
C:\Users\enzoo\PycharmProjects\orbitshield-CV\orbitshield-acv\dataset\synthetic\satellite\satellite_family_170_var_02.png,satellite,synthetic,synthetic_satellite_family_170_var_02.jpg,synthetic::satellite::family_170
C:\Users\enzoo\PycharmProjects\orbitshield-CV\orbitshield-acv\dataset\synthetic\satellite\satellite_family_170_var_03.png,satellite,synthetic,synthetic_satellite_family_170_var_03.jpg,synthetic::satellite::family_170
C:\Users\enzoo\PycharmProjects\orbitshield-CV\orbitshield-acv\dataset\synthetic\satellite\satellite_family_170_var_04.png,satellite,synthetic,synthetic_satellite_family_170_var_04.jpg,synthetic::satellite::family_170
C:\Users\enzoo\PycharmProjects\orbitshield-CV\orbitshield-acv\dataset\synthetic\satellite\satellite_family_170_var_05.png,satellite,synthetic,synthetic_satellite_family_170_var_05.jpg,synthetic::satellite::family_170
C:\Users\enzoo\PycharmProjects\orbitshield-CV\orbitshield-acv\dataset\synthetic\satellite\satellite_family_171_var_01.png,satellite,synthetic,synthetic_satellite_family_171_var_01.jpg,synthetic::satellite::family_171
C:\Users\enzoo\PycharmProjects\orbitshield-CV\orbitshield-acv\dataset\synthetic\satellite\satellite_family_171_var_02.png,satellite,synthetic,synthetic_satellite_family_171_var_02.jpg,synthetic::satellite::family_171
C:\Users\enzoo\PycharmProjects\orbitshield-CV\orbitshield-acv\dataset\synthetic\satellite\satellite_family_171_var_03.png,satellite,synthetic,synthetic_satellite_family_171_var_03.jpg,synthetic::satellite::family_171
C:\Users\enzoo\PycharmProjects\orbitshield-CV\orbitshield-acv\dataset\synthetic\satellite\satellite_family_171_var_04.png,satellite,synthetic,synthetic_satellite_family_171_var_04.jpg,synthetic::satellite::family_171
C:\Users\enzoo\PycharmProjects\orbitshield-CV\orbitshield-acv\dataset\synthetic\satellite\satellite_family_171_var_05.png,satellite,synthetic,synthetic_satellite_family_171_var_05.jpg,synthetic::satellite::family_171
C:\Users\enzoo\PycharmProjects\orbitshield-CV\orbitshield-acv\dataset\synthetic\satellite\satellite_family_172_var_01.png,satellite,synthetic,synthetic_satellite_family_172_var_01.jpg,synthetic::satellite::family_172
C:\Users\enzoo\PycharmProjects\orbitshield-CV\orbitshield-acv\dataset\synthetic\satellite\satellite_family_172_var_02.png,satellite,synthetic,synthetic_satellite_family_172_var_02.jpg,synthetic::satellite::family_172
C:\Users\enzoo\PycharmProjects\orbitshield-CV\orbitshield-acv\dataset\synthetic\satellite\satellite_family_172_var_03.png,satellite,synthetic,synthetic_satellite_family_172_var_03.jpg,synthetic::satellite::family_172
C:\Users\enzoo\PycharmProjects\orbitshield-CV\orbitshield-acv\dataset\synthetic\satellite\satellite_family_172_var_04.png,satellite,synthetic,synthetic_satellite_family_172_var_04.jpg,synthetic::satellite::family_172
C:\Users\enzoo\PycharmProjects\orbitshield-CV\orbitshield-acv\dataset\synthetic\satellite\satellite_family_172_var_05.png,satellite,synthetic,synthetic_satellite_family_172_var_05.jpg,synthetic::satellite::family_172
C:\Users\enzoo\PycharmProjects\orbitshield-CV\orbitshield-acv\dataset\synthetic\satellite\satellite_family_173_var_01.png,satellite,synthetic,synthetic_satellite_family_173_var_01.jpg,synthetic::satellite::family_173
C:\Users\enzoo\PycharmProjects\orbitshield-CV\orbitshield-acv\dataset\synthetic\satellite\satellite_family_173_var_02.png,satellite,synthetic,synthetic_satellite_family_173_var_02.jpg,synthetic::satellite::family_173
C:\Users\enzoo\PycharmProjects\orbitshield-CV\orbitshield-acv\dataset\synthetic\satellite\satellite_family_173_var_03.png,satellite,synthetic,synthetic_satellite_family_173_var_03.jpg,synthetic::satellite::family_173
C:\Users\enzoo\PycharmProjects\orbitshield-CV\orbitshield-acv\dataset\synthetic\satellite\satellite_family_173_var_04.png,satellite,synthetic,synthetic_satellite_family_173_var_04.jpg,synthetic::satellite::family_173
C:\Users\enzoo\PycharmProjects\orbitshield-CV\orbitshield-acv\dataset\synthetic\satellite\satellite_family_173_var_05.png,satellite,synthetic,synthetic_satellite_family_173_var_05.jpg,synthetic::satellite::family_173
C:\Users\enzoo\PycharmProjects\orbitshield-CV\orbitshield-acv\dataset\synthetic\satellite\satellite_family_174_var_01.png,satellite,synthetic,synthetic_satellite_family_174_var_01.jpg,synthetic::satellite::family_174
C:\Users\enzoo\PycharmProjects\orbitshield-CV\orbitshield-acv\dataset\synthetic\satellite\satellite_family_174_var_02.png,satellite,synthetic,synthetic_satellite_family_174_var_02.jpg,synthetic::satellite::family_174
C:\Users\enzoo\PycharmProjects\orbitshield-CV\orbitshield-acv\dataset\synthetic\satellite\satellite_family_174_var_03.png,satellite,synthetic,synthetic_satellite_family_174_var_03.jpg,synthetic::satellite::family_174
C:\Users\enzoo\PycharmProjects\orbitshield-CV\orbitshield-acv\dataset\synthetic\satellite\satellite_family_174_var_04.png,satellite,synthetic,synthetic_satellite_family_174_var_04.jpg,synthetic::satellite::family_174
C:\Users\enzoo\PycharmProjects\orbitshield-CV\orbitshield-acv\dataset\synthetic\satellite\satellite_family_174_var_05.png,satellite,synthetic,synthetic_satellite_family_174_var_05.jpg,synthetic::satellite::family_174
C:\Users\enzoo\PycharmProjects\orbitshield-CV\orbitshield-acv\dataset\synthetic\satellite\satellite_family_175_var_01.png,satellite,synthetic,synthetic_satellite_family_175_var_01.jpg,synthetic::satellite::family_175
C:\Users\enzoo\PycharmProjects\orbitshield-CV\orbitshield-acv\dataset\synthetic\satellite\satellite_family_175_var_02.png,satellite,synthetic,synthetic_satellite_family_175_var_02.jpg,synthetic::satellite::family_175
C:\Users\enzoo\PycharmProjects\orbitshield-CV\orbitshield-acv\dataset\synthetic\satellite\satellite_family_175_var_03.png,satellite,synthetic,synthetic_satellite_family_175_var_03.jpg,synthetic::satellite::family_175
C:\Users\enzoo\PycharmProjects\orbitshield-CV\orbitshield-acv\dataset\synthetic\satellite\satellite_family_175_var_04.png,satellite,synthetic,synthetic_satellite_family_175_var_04.jpg,synthetic::satellite::family_175
C:\Users\enzoo\PycharmProjects\orbitshield-CV\orbitshield-acv\dataset\synthetic\satellite\satellite_family_175_var_05.png,satellite,synthetic,synthetic_satellite_family_175_var_05.jpg,synthetic::satellite::family_175
C:\Users\enzoo\PycharmProjects\orbitshield-CV\orbitshield-acv\dataset\synthetic\satellite\satellite_family_176_var_01.png,satellite,synthetic,synthetic_satellite_family_176_var_01.jpg,synthetic::satellite::family_176
C:\Users\enzoo\PycharmProjects\orbitshield-CV\orbitshield-acv\dataset\synthetic\satellite\satellite_family_176_var_02.png,satellite,synthetic,synthetic_satellite_family_176_var_02.jpg,synthetic::satellite::family_176
C:\Users\enzoo\PycharmProjects\orbitshield-CV\orbitshield-acv\dataset\synthetic\satellite\satellite_family_176_var_03.png,satellite,synthetic,synthetic_satellite_family_176_var_03.jpg,synthetic::satellite::family_176
C:\Users\enzoo\PycharmProjects\orbitshield-CV\orbitshield-acv\dataset\synthetic\satellite\satellite_family_176_var_04.png,satellite,synthetic,synthetic_satellite_family_176_var_04.jpg,synthetic::satellite::family_176
C:\Users\enzoo\PycharmProjects\orbitshield-CV\orbitshield-acv\dataset\synthetic\satellite\satellite_family_176_var_05.png,satellite,synthetic,synthetic_satellite_family_176_var_05.jpg,synthetic::satellite::family_176
C:\Users\enzoo\PycharmProjects\orbitshield-CV\orbitshield-acv\dataset\synthetic\satellite\satellite_family_177_var_01.png,satellite,synthetic,synthetic_satellite_family_177_var_01.jpg,synthetic::satellite::family_177
C:\Users\enzoo\PycharmProjects\orbitshield-CV\orbitshield-acv\dataset\synthetic\satellite\satellite_family_177_var_02.png,satellite,synthetic,synthetic_satellite_family_177_var_02.jpg,synthetic::satellite::family_177
C:\Users\enzoo\PycharmProjects\orbitshield-CV\orbitshield-acv\dataset\synthetic\satellite\satellite_family_177_var_03.png,satellite,synthetic,synthetic_satellite_family_177_var_03.jpg,synthetic::satellite::family_177
C:\Users\enzoo\PycharmProjects\orbitshield-CV\orbitshield-acv\dataset\synthetic\satellite\satellite_family_177_var_04.png,satellite,synthetic,synthetic_satellite_family_177_var_04.jpg,synthetic::satellite::family_177
C:\Users\enzoo\PycharmProjects\orbitshield-CV\orbitshield-acv\dataset\synthetic\satellite\satellite_family_177_var_05.png,satellite,synthetic,synthetic_satellite_family_177_var_05.jpg,synthetic::satellite::family_177
C:\Users\enzoo\PycharmProjects\orbitshield-CV\orbitshield-acv\dataset\synthetic\satellite\satellite_family_178_var_01.png,satellite,synthetic,synthetic_satellite_family_178_var_01.jpg,synthetic::satellite::family_178
C:\Users\enzoo\PycharmProjects\orbitshield-CV\orbitshield-acv\dataset\synthetic\satellite\satellite_family_178_var_02.png,satellite,synthetic,synthetic_satellite_family_178_var_02.jpg,synthetic::satellite::family_178
C:\Users\enzoo\PycharmProjects\orbitshield-CV\orbitshield-acv\dataset\synthetic\satellite\satellite_family_178_var_03.png,satellite,synthetic,synthetic_satellite_family_178_var_03.jpg,synthetic::satellite::family_178
C:\Users\enzoo\PycharmProjects\orbitshield-CV\orbitshield-acv\dataset\synthetic\satellite\satellite_family_178_var_04.png,satellite,synthetic,synthetic_satellite_family_178_var_04.jpg,synthetic::satellite::family_178
C:\Users\enzoo\PycharmProjects\orbitshield-CV\orbitshield-acv\dataset\synthetic\satellite\satellite_family_178_var_05.png,satellite,synthetic,synthetic_satellite_family_178_var_05.jpg,synthetic::satellite::family_178
C:\Users\enzoo\PycharmProjects\orbitshield-CV\orbitshield-acv\dataset\synthetic\satellite\satellite_family_179_var_01.png,satellite,synthetic,synthetic_satellite_family_179_var_01.jpg,synthetic::satellite::family_179
C:\Users\enzoo\PycharmProjects\orbitshield-CV\orbitshield-acv\dataset\synthetic\satellite\satellite_family_179_var_02.png,satellite,synthetic,synthetic_satellite_family_179_var_02.jpg,synthetic::satellite::family_179
C:\Users\enzoo\PycharmProjects\orbitshield-CV\orbitshield-acv\dataset\synthetic\satellite\satellite_family_179_var_03.png,satellite,synthetic,synthetic_satellite_family_179_var_03.jpg,synthetic::satellite::family_179
C:\Users\enzoo\PycharmProjects\orbitshield-CV\orbitshield-acv\dataset\synthetic\satellite\satellite_family_179_var_04.png,satellite,synthetic,synthetic_satellite_family_179_var_04.jpg,synthetic::satellite::family_179
C:\Users\enzoo\PycharmProjects\orbitshield-CV\orbitshield-acv\dataset\synthetic\satellite\satellite_family_179_var_05.png,satellite,synthetic,synthetic_satellite_family_179_var_05.jpg,synthetic::satellite::family_179
C:\Users\enzoo\PycharmProjects\orbitshield-CV\orbitshield-acv\dataset\synthetic\satellite\satellite_family_180_var_01.png,satellite,synthetic,synthetic_satellite_family_180_var_01.jpg,synthetic::satellite::family_180
C:\Users\enzoo\PycharmProjects\orbitshield-CV\orbitshield-acv\dataset\synthetic\satellite\satellite_family_180_var_02.png,satellite,synthetic,synthetic_satellite_family_180_var_02.jpg,synthetic::satellite::family_180
C:\Users\enzoo\PycharmProjects\orbitshield-CV\orbitshield-acv\dataset\synthetic\satellite\satellite_family_180_var_03.png,satellite,synthetic,synthetic_satellite_family_180_var_03.jpg,synthetic::satellite::family_180
C:\Users\enzoo\PycharmProjects\orbitshield-CV\orbitshield-acv\dataset\synthetic\satellite\satellite_family_180_var_04.png,satellite,synthetic,synthetic_satellite_family_180_var_04.jpg,synthetic::satellite::family_180
C:\Users\enzoo\PycharmProjects\orbitshield-CV\orbitshield-acv\dataset\synthetic\satellite\satellite_family_180_var_05.png,satellite,synthetic,synthetic_satellite_family_180_var_05.jpg,synthetic::satellite::family_180
C:\Users\enzoo\PycharmProjects\orbitshield-CV\orbitshield-acv\dataset\raw\space_shuttle\0102616.jpg,space_shuttle,real,real_0102616.jpg,real::space_shuttle::0102616
C:\Users\enzoo\PycharmProjects\orbitshield-CV\orbitshield-acv\dataset\raw\space_shuttle\0102618.jpg,space_shuttle,real,real_0102618.jpg,real::space_shuttle::0102618
C:\Users\enzoo\PycharmProjects\orbitshield-CV\orbitshield-acv\dataset\raw\space_shuttle\0102619.jpg,space_shuttle,real,real_0102619.jpg,real::space_shuttle::0102619
C:\Users\enzoo\PycharmProjects\orbitshield-CV\orbitshield-acv\dataset\raw\space_shuttle\0300308.jpg,space_shuttle,real,real_0300308.jpg,real::space_shuttle::0300308
C:\Users\enzoo\PycharmProjects\orbitshield-CV\orbitshield-acv\dataset\raw\space_shuttle\0300314.jpg,space_shuttle,real,real_0300314.jpg,real::space_shuttle::0300314
C:\Users\enzoo\PycharmProjects\orbitshield-CV\orbitshield-acv\dataset\raw\space_shuttle\0401561.jpg,space_shuttle,real,real_0401561.jpg,real::space_shuttle::0401561
C:\Users\enzoo\PycharmProjects\orbitshield-CV\orbitshield-acv\dataset\raw\space_shuttle\0401562.jpg,space_shuttle,real,real_0401562.jpg,real::space_shuttle::0401562
C:\Users\enzoo\PycharmProjects\orbitshield-CV\orbitshield-acv\dataset\raw\space_shuttle\0501015.jpg,space_shuttle,real,real_0501015.jpg,real::space_shuttle::0501015
C:\Users\enzoo\PycharmProjects\orbitshield-CV\orbitshield-acv\dataset\raw\space_shuttle\0601195.jpg,space_shuttle,real,real_0601195.jpg,real::space_shuttle::0601195
C:\Users\enzoo\PycharmProjects\orbitshield-CV\orbitshield-acv\dataset\raw\space_shuttle\0601196.jpg,space_shuttle,real,real_0601196.jpg,real::space_shuttle::0601196
C:\Users\enzoo\PycharmProjects\orbitshield-CV\orbitshield-acv\dataset\raw\space_shuttle\08pd1567.jpg,space_shuttle,real,real_08pd1567.jpg,real::space_shuttle::08pd1567
C:\Users\enzoo\PycharmProjects\orbitshield-CV\orbitshield-acv\dataset\raw\space_shuttle\201002060001hq.jpg,space_shuttle,real,real_201002060001hq.jpg,real::space_shuttle::201002060001hq
C:\Users\enzoo\PycharmProjects\orbitshield-CV\orbitshield-acv\dataset\raw\space_shuttle\201002060003hq.jpg,space_shuttle,real,real_201002060003hq.jpg,real::space_shuttle::201002060003hq
C:\Users\enzoo\PycharmProjects\orbitshield-CV\orbitshield-acv\dataset\raw\space_shuttle\201002060004hq.jpg,space_shuttle,real,real_201002060004hq.jpg,real::space_shuttle::201002060004hq
C:\Users\enzoo\PycharmProjects\orbitshield-CV\orbitshield-acv\dataset\raw\space_shuttle\201002060005hq.jpg,space_shuttle,real,real_201002060005hq.jpg,real::space_shuttle::201002060005hq
C:\Users\enzoo\PycharmProjects\orbitshield-CV\orbitshield-acv\dataset\raw\space_shuttle\201002060006hq.jpg,space_shuttle,real,real_201002060006hq.jpg,real::space_shuttle::201002060006hq
C:\Users\enzoo\PycharmProjects\orbitshield-CV\orbitshield-acv\dataset\raw\space_shuttle\201102230001hq.jpg,space_shuttle,real,real_201102230001hq.jpg,real::space_shuttle::201102230001hq
C:\Users\enzoo\PycharmProjects\orbitshield-CV\orbitshield-acv\dataset\raw\space_shuttle\201102230002hq.jpg,space_shuttle,real,real_201102230002hq.jpg,real::space_shuttle::201102230002hq
C:\Users\enzoo\PycharmProjects\orbitshield-CV\orbitshield-acv\dataset\raw\space_shuttle\201102230003hq.jpg,space_shuttle,real,real_201102230003hq.jpg,real::space_shuttle::201102230003hq
C:\Users\enzoo\PycharmProjects\orbitshield-CV\orbitshield-acv\dataset\raw\space_shuttle\201102230004hq.jpg,space_shuttle,real,real_201102230004hq.jpg,real::space_shuttle::201102230004hq
C:\Users\enzoo\PycharmProjects\orbitshield-CV\orbitshield-acv\dataset\raw\space_shuttle\201102230005hq.jpg,space_shuttle,real,real_201102230005hq.jpg,real::space_shuttle::201102230005hq
C:\Users\enzoo\PycharmProjects\orbitshield-CV\orbitshield-acv\dataset\raw\space_shuttle\201102230006hq.jpg,space_shuttle,real,real_201102230006hq.jpg,real::space_shuttle::201102230006hq
C:\Users\enzoo\PycharmProjects\orbitshield-CV\orbitshield-acv\dataset\raw\space_shuttle\201102230007hq.jpg,space_shuttle,real,real_201102230007hq.jpg,real::space_shuttle::201102230007hq
C:\Users\enzoo\PycharmProjects\orbitshield-CV\orbitshield-acv\dataset\raw\space_shuttle\201102240002hq.jpg,space_shuttle,real,real_201102240002hq.jpg,real::space_shuttle::201102240002hq
C:\Users\enzoo\PycharmProjects\orbitshield-CV\orbitshield-acv\dataset\raw\space_shuttle\201102240003hq.jpg,space_shuttle,real,real_201102240003hq.jpg,real::space_shuttle::201102240003hq
C:\Users\enzoo\PycharmProjects\orbitshield-CV\orbitshield-acv\dataset\raw\space_shuttle\201102240004hq.jpg,space_shuttle,real,real_201102240004hq.jpg,real::space_shuttle::201102240004hq
C:\Users\enzoo\PycharmProjects\orbitshield-CV\orbitshield-acv\dataset\raw\space_shuttle\201102240005hq.jpg,space_shuttle,real,real_201102240005hq.jpg,real::space_shuttle::201102240005hq
C:\Users\enzoo\PycharmProjects\orbitshield-CV\orbitshield-acv\dataset\raw\space_shuttle\201102240006hq.jpg,space_shuttle,real,real_201102240006hq.jpg,real::space_shuttle::201102240006hq
C:\Users\enzoo\PycharmProjects\orbitshield-CV\orbitshield-acv\dataset\raw\space_shuttle\201102240007hq.jpg,space_shuttle,real,real_201102240007hq.jpg,real::space_shuttle::201102240007hq
C:\Users\enzoo\PycharmProjects\orbitshield-CV\orbitshield-acv\dataset\raw\space_shuttle\201102240008hq.jpg,space_shuttle,real,real_201102240008hq.jpg,real::space_shuttle::201102240008hq
C:\Users\enzoo\PycharmProjects\orbitshield-CV\orbitshield-acv\dataset\raw\space_shuttle\201104120001hq.jpg,space_shuttle,real,real_201104120001hq.jpg,real::space_shuttle::201104120001hq
C:\Users\enzoo\PycharmProjects\orbitshield-CV\orbitshield-acv\dataset\raw\space_shuttle\201104120003hq.jpg,space_shuttle,real,real_201104120003hq.jpg,real::space_shuttle::201104120003hq
C:\Users\enzoo\PycharmProjects\orbitshield-CV\orbitshield-acv\dataset\raw\space_shuttle\201104120004hq.jpg,space_shuttle,real,real_201104120004hq.jpg,real::space_shuttle::201104120004hq
C:\Users\enzoo\PycharmProjects\orbitshield-CV\orbitshield-acv\dataset\raw\space_shuttle\201104120005hq.jpg,space_shuttle,real,real_201104120005hq.jpg,real::space_shuttle::201104120005hq
C:\Users\enzoo\PycharmProjects\orbitshield-CV\orbitshield-acv\dataset\raw\space_shuttle\201104120009hq.jpg,space_shuttle,real,real_201104120009hq.jpg,real::space_shuttle::201104120009hq
C:\Users\enzoo\PycharmProjects\orbitshield-CV\orbitshield-acv\dataset\raw\space_shuttle\201104120011hq.jpg,space_shuttle,real,real_201104120011hq.jpg,real::space_shuttle::201104120011hq
C:\Users\enzoo\PycharmProjects\orbitshield-CV\orbitshield-acv\dataset\raw\space_shuttle\201104120012hq.jpg,space_shuttle,real,real_201104120012hq.jpg,real::space_shuttle::201104120012hq
C:\Users\enzoo\PycharmProjects\orbitshield-CV\orbitshield-acv\dataset\raw\space_shuttle\201104280021hq.jpg,space_shuttle,real,real_201104280021hq.jpg,real::space_shuttle::201104280021hq
C:\Users\enzoo\PycharmProjects\orbitshield-CV\orbitshield-acv\dataset\raw\space_shuttle\201104280022hq.jpg,space_shuttle,real,real_201104280022hq.jpg,real::space_shuttle::201104280022hq
C:\Users\enzoo\PycharmProjects\orbitshield-CV\orbitshield-acv\dataset\raw\space_shuttle\201104280023hq.jpg,space_shuttle,real,real_201104280023hq.jpg,real::space_shuttle::201104280023hq
C:\Users\enzoo\PycharmProjects\orbitshield-CV\orbitshield-acv\dataset\raw\space_shuttle\201104290002hq.jpg,space_shuttle,real,real_201104290002hq.jpg,real::space_shuttle::201104290002hq
C:\Users\enzoo\PycharmProjects\orbitshield-CV\orbitshield-acv\dataset\raw\space_shuttle\201104290003hq.jpg,space_shuttle,real,real_201104290003hq.jpg,real::space_shuttle::201104290003hq
C:\Users\enzoo\PycharmProjects\orbitshield-CV\orbitshield-acv\dataset\raw\space_shuttle\201104290004hq.jpg,space_shuttle,real,real_201104290004hq.jpg,real::space_shuttle::201104290004hq
C:\Users\enzoo\PycharmProjects\orbitshield-CV\orbitshield-acv\dataset\raw\space_shuttle\201104290006hq.jpg,space_shuttle,real,real_201104290006hq.jpg,real::space_shuttle::201104290006hq
C:\Users\enzoo\PycharmProjects\orbitshield-CV\orbitshield-acv\dataset\raw\space_shuttle\201104290008hq.jpg,space_shuttle,real,real_201104290008hq.jpg,real::space_shuttle::201104290008hq
C:\Users\enzoo\PycharmProjects\orbitshield-CV\orbitshield-acv\dataset\raw\space_shuttle\201104290009hq.jpg,space_shuttle,real,real_201104290009hq.jpg,real::space_shuttle::201104290009hq
C:\Users\enzoo\PycharmProjects\orbitshield-CV\orbitshield-acv\dataset\raw\space_shuttle\201104290010hq.jpg,space_shuttle,real,real_201104290010hq.jpg,real::space_shuttle::201104290010hq
C:\Users\enzoo\PycharmProjects\orbitshield-CV\orbitshield-acv\dataset\raw\space_shuttle\201104290011hq.jpg,space_shuttle,real,real_201104290011hq.jpg,real::space_shuttle::201104290011hq
C:\Users\enzoo\PycharmProjects\orbitshield-CV\orbitshield-acv\dataset\raw\space_shuttle\201105150002hq.jpg,space_shuttle,real,real_201105150002hq.jpg,real::space_shuttle::201105150002hq
C:\Users\enzoo\PycharmProjects\orbitshield-CV\orbitshield-acv\dataset\raw\space_shuttle\201105150010hq.jpg,space_shuttle,real,real_201105150010hq.jpg,real::space_shuttle::201105150010hq
C:\Users\enzoo\PycharmProjects\orbitshield-CV\orbitshield-acv\dataset\raw\space_shuttle\201204170001hq.jpg,space_shuttle,real,real_201204170001hq.jpg,real::space_shuttle::201204170001hq
C:\Users\enzoo\PycharmProjects\orbitshield-CV\orbitshield-acv\dataset\raw\space_shuttle\201204170002hq.jpg,space_shuttle,real,real_201204170002hq.jpg,real::space_shuttle::201204170002hq
C:\Users\enzoo\PycharmProjects\orbitshield-CV\orbitshield-acv\dataset\raw\space_shuttle\201204170003hq.jpg,space_shuttle,real,real_201204170003hq.jpg,real::space_shuttle::201204170003hq
C:\Users\enzoo\PycharmProjects\orbitshield-CV\orbitshield-acv\dataset\raw\space_shuttle\201204170004hq.jpg,space_shuttle,real,real_201204170004hq.jpg,real::space_shuttle::201204170004hq
C:\Users\enzoo\PycharmProjects\orbitshield-CV\orbitshield-acv\dataset\raw\space_shuttle\201204170005hq.jpg,space_shuttle,real,real_201204170005hq.jpg,real::space_shuttle::201204170005hq
C:\Users\enzoo\PycharmProjects\orbitshield-CV\orbitshield-acv\dataset\raw\space_shuttle\201204170006hq.jpg,space_shuttle,real,real_201204170006hq.jpg,real::space_shuttle::201204170006hq
C:\Users\enzoo\PycharmProjects\orbitshield-CV\orbitshield-acv\dataset\raw\space_shuttle\201204170007hq.jpg,space_shuttle,real,real_201204170007hq.jpg,real::space_shuttle::201204170007hq
C:\Users\enzoo\PycharmProjects\orbitshield-CV\orbitshield-acv\dataset\raw\space_shuttle\201204170008hq.jpg,space_shuttle,real,real_201204170008hq.jpg,real::space_shuttle::201204170008hq
C:\Users\enzoo\PycharmProjects\orbitshield-CV\orbitshield-acv\dataset\raw\space_shuttle\201204170009hq.jpg,space_shuttle,real,real_201204170009hq.jpg,real::space_shuttle::201204170009hq
C:\Users\enzoo\PycharmProjects\orbitshield-CV\orbitshield-acv\dataset\raw\space_shuttle\201204170010hq.jpg,space_shuttle,real,real_201204170010hq.jpg,real::space_shuttle::201204170010hq
C:\Users\enzoo\PycharmProjects\orbitshield-CV\orbitshield-acv\dataset\raw\space_shuttle\201204170011hq.jpg,space_shuttle,real,real_201204170011hq.jpg,real::space_shuttle::201204170011hq
C:\Users\enzoo\PycharmProjects\orbitshield-CV\orbitshield-acv\dataset\raw\space_shuttle\201204170012hq.jpg,space_shuttle,real,real_201204170012hq.jpg,real::space_shuttle::201204170012hq
C:\Users\enzoo\PycharmProjects\orbitshield-CV\orbitshield-acv\dataset\raw\space_shuttle\201204170013hq.jpg,space_shuttle,real,real_201204170013hq.jpg,real::space_shuttle::201204170013hq
C:\Users\enzoo\PycharmProjects\orbitshield-CV\orbitshield-acv\dataset\raw\space_shuttle\201204170017hq.jpg,space_shuttle,real,real_201204170017hq.jpg,real::space_shuttle::201204170017hq
C:\Users\enzoo\PycharmProjects\orbitshield-CV\orbitshield-acv\dataset\raw\space_shuttle\201204170023hq.jpg,space_shuttle,real,real_201204170023hq.jpg,real::space_shuttle::201204170023hq
C:\Users\enzoo\PycharmProjects\orbitshield-CV\orbitshield-acv\dataset\raw\space_shuttle\201204170042hq.jpg,space_shuttle,real,real_201204170042hq.jpg,real::space_shuttle::201204170042hq
C:\Users\enzoo\PycharmProjects\orbitshield-CV\orbitshield-acv\dataset\raw\space_shuttle\201204170043hq.jpg,space_shuttle,real,real_201204170043hq.jpg,real::space_shuttle::201204170043hq
C:\Users\enzoo\PycharmProjects\orbitshield-CV\orbitshield-acv\dataset\raw\space_shuttle\201204170044hq.jpg,space_shuttle,real,real_201204170044hq.jpg,real::space_shuttle::201204170044hq
C:\Users\enzoo\PycharmProjects\orbitshield-CV\orbitshield-acv\dataset\raw\space_shuttle\201204170045hq.jpg,space_shuttle,real,real_201204170045hq.jpg,real::space_shuttle::201204170045hq
C:\Users\enzoo\PycharmProjects\orbitshield-CV\orbitshield-acv\dataset\raw\space_shuttle\201204170046hq.jpg,space_shuttle,real,real_201204170046hq.jpg,real::space_shuttle::201204170046hq
C:\Users\enzoo\PycharmProjects\orbitshield-CV\orbitshield-acv\dataset\raw\space_shuttle\201204170047hq.jpg,space_shuttle,real,real_201204170047hq.jpg,real::space_shuttle::201204170047hq
C:\Users\enzoo\PycharmProjects\orbitshield-CV\orbitshield-acv\dataset\raw\space_shuttle\201204190016hq.jpg,space_shuttle,real,real_201204190016hq.jpg,real::space_shuttle::201204190016hq
C:\Users\enzoo\PycharmProjects\orbitshield-CV\orbitshield-acv\dataset\raw\space_shuttle\201205130017hq.jpg,space_shuttle,real,real_201205130017hq.jpg,real::space_shuttle::201205130017hq
C:\Users\enzoo\PycharmProjects\orbitshield-CV\orbitshield-acv\dataset\raw\space_shuttle\201205130018hq.jpg,space_shuttle,real,real_201205130018hq.jpg,real::space_shuttle::201205130018hq
C:\Users\enzoo\PycharmProjects\orbitshield-CV\orbitshield-acv\dataset\raw\space_shuttle\201205130019hq.jpg,space_shuttle,real,real_201205130019hq.jpg,real::space_shuttle::201205130019hq
C:\Users\enzoo\PycharmProjects\orbitshield-CV\orbitshield-acv\dataset\raw\space_shuttle\201205130020hq.jpg,space_shuttle,real,real_201205130020hq.jpg,real::space_shuttle::201205130020hq
C:\Users\enzoo\PycharmProjects\orbitshield-CV\orbitshield-acv\dataset\raw\space_shuttle\201205130021hq.jpg,space_shuttle,real,real_201205130021hq.jpg,real::space_shuttle::201205130021hq
C:\Users\enzoo\PycharmProjects\orbitshield-CV\orbitshield-acv\dataset\raw\space_shuttle\201205130022hq.jpg,space_shuttle,real,real_201205130022hq.jpg,real::space_shuttle::201205130022hq
C:\Users\enzoo\PycharmProjects\orbitshield-CV\orbitshield-acv\dataset\raw\space_shuttle\201205130023hq.jpg,space_shuttle,real,real_201205130023hq.jpg,real::space_shuttle::201205130023hq
C:\Users\enzoo\PycharmProjects\orbitshield-CV\orbitshield-acv\dataset\raw\space_shuttle\201205130024hq.jpg,space_shuttle,real,real_201205130024hq.jpg,real::space_shuttle::201205130024hq
C:\Users\enzoo\PycharmProjects\orbitshield-CV\orbitshield-acv\dataset\raw\space_shuttle\201205130025hq.jpg,space_shuttle,real,real_201205130025hq.jpg,real::space_shuttle::201205130025hq
C:\Users\enzoo\PycharmProjects\orbitshield-CV\orbitshield-acv\dataset\raw\space_shuttle\201206060001hq.jpg,space_shuttle,real,real_201206060001hq.jpg,real::space_shuttle::201206060001hq
C:\Users\enzoo\PycharmProjects\orbitshield-CV\orbitshield-acv\dataset\raw\space_shuttle\201206060002hq.jpg,space_shuttle,real,real_201206060002hq.jpg,real::space_shuttle::201206060002hq
C:\Users\enzoo\PycharmProjects\orbitshield-CV\orbitshield-acv\dataset\raw\space_shuttle\201206060003hq.jpg,space_shuttle,real,real_201206060003hq.jpg,real::space_shuttle::201206060003hq
C:\Users\enzoo\PycharmProjects\orbitshield-CV\orbitshield-acv\dataset\raw\space_shuttle\201206060004hq.jpg,space_shuttle,real,real_201206060004hq.jpg,real::space_shuttle::201206060004hq
C:\Users\enzoo\PycharmProjects\orbitshield-CV\orbitshield-acv\dataset\raw\space_shuttle\201206060005hq.jpg,space_shuttle,real,real_201206060005hq.jpg,real::space_shuttle::201206060005hq
C:\Users\enzoo\PycharmProjects\orbitshield-CV\orbitshield-acv\dataset\raw\space_shuttle\201206060006hq.jpg,space_shuttle,real,real_201206060006hq.jpg,real::space_shuttle::201206060006hq
C:\Users\enzoo\PycharmProjects\orbitshield-CV\orbitshield-acv\dataset\raw\space_shuttle\201206060007hq.jpg,space_shuttle,real,real_201206060007hq.jpg,real::space_shuttle::201206060007hq
C:\Users\enzoo\PycharmProjects\orbitshield-CV\orbitshield-acv\dataset\raw\space_shuttle\201206060009hq.jpg,space_shuttle,real,real_201206060009hq.jpg,real::space_shuttle::201206060009hq
C:\Users\enzoo\PycharmProjects\orbitshield-CV\orbitshield-acv\dataset\raw\space_shuttle\201206060010hq.jpg,space_shuttle,real,real_201206060010hq.jpg,real::space_shuttle::201206060010hq
C:\Users\enzoo\PycharmProjects\orbitshield-CV\orbitshield-acv\dataset\raw\space_shuttle\201206060011hq.jpg,space_shuttle,real,real_201206060011hq.jpg,real::space_shuttle::201206060011hq
C:\Users\enzoo\PycharmProjects\orbitshield-CV\orbitshield-acv\dataset\raw\space_shuttle\201206060012hq.jpg,space_shuttle,real,real_201206060012hq.jpg,real::space_shuttle::201206060012hq
C:\Users\enzoo\PycharmProjects\orbitshield-CV\orbitshield-acv\dataset\raw\space_shuttle\201206060013hq.jpg,space_shuttle,real,real_201206060013hq.jpg,real::space_shuttle::201206060013hq
C:\Users\enzoo\PycharmProjects\orbitshield-CV\orbitshield-acv\dataset\raw\space_shuttle\201206060014hq.jpg,space_shuttle,real,real_201206060014hq.jpg,real::space_shuttle::201206060014hq
C:\Users\enzoo\PycharmProjects\orbitshield-CV\orbitshield-acv\dataset\raw\space_shuttle\201206060015hq.jpg,space_shuttle,real,real_201206060015hq.jpg,real::space_shuttle::201206060015hq
C:\Users\enzoo\PycharmProjects\orbitshield-CV\orbitshield-acv\dataset\raw\space_shuttle\201206060016hq.jpg,space_shuttle,real,real_201206060016hq.jpg,real::space_shuttle::201206060016hq
C:\Users\enzoo\PycharmProjects\orbitshield-CV\orbitshield-acv\dataset\raw\space_shuttle\201206060017hq.jpg,space_shuttle,real,real_201206060017hq.jpg,real::space_shuttle::201206060017hq
C:\Users\enzoo\PycharmProjects\orbitshield-CV\orbitshield-acv\dataset\raw\space_shuttle\201206060018hq.jpg,space_shuttle,real,real_201206060018hq.jpg,real::space_shuttle::201206060018hq
C:\Users\enzoo\PycharmProjects\orbitshield-CV\orbitshield-acv\dataset\raw\space_shuttle\201206060019hq.jpg,space_shuttle,real,real_201206060019hq.jpg,real::space_shuttle::201206060019hq
C:\Users\enzoo\PycharmProjects\orbitshield-CV\orbitshield-acv\dataset\raw\space_shuttle\201206060022hq.jpg,space_shuttle,real,real_201206060022hq.jpg,real::space_shuttle::201206060022hq
C:\Users\enzoo\PycharmProjects\orbitshield-CV\orbitshield-acv\dataset\raw\space_shuttle\201206060024hq.jpg,space_shuttle,real,real_201206060024hq.jpg,real::space_shuttle::201206060024hq
C:\Users\enzoo\PycharmProjects\orbitshield-CV\orbitshield-acv\dataset\raw\space_shuttle\201206060025hq.jpg,space_shuttle,real,real_201206060025hq.jpg,real::space_shuttle::201206060025hq
C:\Users\enzoo\PycharmProjects\orbitshield-CV\orbitshield-acv\dataset\raw\space_shuttle\201206060026hq.jpg,space_shuttle,real,real_201206060026hq.jpg,real::space_shuttle::201206060026hq
C:\Users\enzoo\PycharmProjects\orbitshield-CV\orbitshield-acv\dataset\raw\space_shuttle\201206060027hq.jpg,space_shuttle,real,real_201206060027hq.jpg,real::space_shuttle::201206060027hq
C:\Users\enzoo\PycharmProjects\orbitshield-CV\orbitshield-acv\dataset\raw\space_shuttle\201207190002hq.jpg,space_shuttle,real,real_201207190002hq.jpg,real::space_shuttle::201207190002hq
C:\Users\enzoo\PycharmProjects\orbitshield-CV\orbitshield-acv\dataset\raw\space_shuttle\201210120002hq.jpg,space_shuttle,real,real_201210120002hq.jpg,real::space_shuttle::201210120002hq
C:\Users\enzoo\PycharmProjects\orbitshield-CV\orbitshield-acv\dataset\raw\space_shuttle\201210120003hq.jpg,space_shuttle,real,real_201210120003hq.jpg,real::space_shuttle::201210120003hq
C:\Users\enzoo\PycharmProjects\orbitshield-CV\orbitshield-acv\dataset\raw\space_shuttle\201210120004hq.jpg,space_shuttle,real,real_201210120004hq.jpg,real::space_shuttle::201210120004hq
C:\Users\enzoo\PycharmProjects\orbitshield-CV\orbitshield-acv\dataset\raw\space_shuttle\201210120005hq.jpg,space_shuttle,real,real_201210120005hq.jpg,real::space_shuttle::201210120005hq
C:\Users\enzoo\PycharmProjects\orbitshield-CV\orbitshield-acv\dataset\raw\space_shuttle\201210120006hq.jpg,space_shuttle,real,real_201210120006hq.jpg,real::space_shuttle::201210120006hq
C:\Users\enzoo\PycharmProjects\orbitshield-CV\orbitshield-acv\dataset\raw\space_shuttle\201210120007hq.jpg,space_shuttle,real,real_201210120007hq.jpg,real::space_shuttle::201210120007hq
C:\Users\enzoo\PycharmProjects\orbitshield-CV\orbitshield-acv\dataset\raw\space_shuttle\201210120008hq.jpg,space_shuttle,real,real_201210120008hq.jpg,real::space_shuttle::201210120008hq
C:\Users\enzoo\PycharmProjects\orbitshield-CV\orbitshield-acv\dataset\raw\space_shuttle\201210120009hq.jpg,space_shuttle,real,real_201210120009hq.jpg,real::space_shuttle::201210120009hq
C:\Users\enzoo\PycharmProjects\orbitshield-CV\orbitshield-acv\dataset\raw\space_shuttle\201210120010hq.jpg,space_shuttle,real,real_201210120010hq.jpg,real::space_shuttle::201210120010hq
C:\Users\enzoo\PycharmProjects\orbitshield-CV\orbitshield-acv\dataset\raw\space_shuttle\201210120011hq.jpg,space_shuttle,real,real_201210120011hq.jpg,real::space_shuttle::201210120011hq
C:\Users\enzoo\PycharmProjects\orbitshield-CV\orbitshield-acv\dataset\raw\space_shuttle\201210120017hq.jpg,space_shuttle,real,real_201210120017hq.jpg,real::space_shuttle::201210120017hq
C:\Users\enzoo\PycharmProjects\orbitshield-CV\orbitshield-acv\dataset\raw\space_shuttle\201210120018hq.jpg,space_shuttle,real,real_201210120018hq.jpg,real::space_shuttle::201210120018hq
C:\Users\enzoo\PycharmProjects\orbitshield-CV\orbitshield-acv\dataset\raw\space_shuttle\201210120019hq.jpg,space_shuttle,real,real_201210120019hq.jpg,real::space_shuttle::201210120019hq
C:\Users\enzoo\PycharmProjects\orbitshield-CV\orbitshield-acv\dataset\raw\space_shuttle\201210120020hq.jpg,space_shuttle,real,real_201210120020hq.jpg,real::space_shuttle::201210120020hq
C:\Users\enzoo\PycharmProjects\orbitshield-CV\orbitshield-acv\dataset\raw\space_shuttle\201210120022hq.jpg,space_shuttle,real,real_201210120022hq.jpg,real::space_shuttle::201210120022hq
C:\Users\enzoo\PycharmProjects\orbitshield-CV\orbitshield-acv\dataset\raw\space_shuttle\201210120023hq.jpg,space_shuttle,real,real_201210120023hq.jpg,real::space_shuttle::201210120023hq
C:\Users\enzoo\PycharmProjects\orbitshield-CV\orbitshield-acv\dataset\raw\space_shuttle\201210120024hq.jpg,space_shuttle,real,real_201210120024hq.jpg,real::space_shuttle::201210120024hq
C:\Users\enzoo\PycharmProjects\orbitshield-CV\orbitshield-acv\dataset\raw\space_shuttle\201210120025hq.jpg,space_shuttle,real,real_201210120025hq.jpg,real::space_shuttle::201210120025hq
C:\Users\enzoo\PycharmProjects\orbitshield-CV\orbitshield-acv\dataset\raw\space_shuttle\201210120026hq.jpg,space_shuttle,real,real_201210120026hq.jpg,real::space_shuttle::201210120026hq
C:\Users\enzoo\PycharmProjects\orbitshield-CV\orbitshield-acv\dataset\raw\space_shuttle\201210120027hq.jpg,space_shuttle,real,real_201210120027hq.jpg,real::space_shuttle::201210120027hq
C:\Users\enzoo\PycharmProjects\orbitshield-CV\orbitshield-acv\dataset\raw\space_shuttle\201210120028hq.jpg,space_shuttle,real,real_201210120028hq.jpg,real::space_shuttle::201210120028hq
C:\Users\enzoo\PycharmProjects\orbitshield-CV\orbitshield-acv\dataset\raw\space_shuttle\201210120029hq.jpg,space_shuttle,real,real_201210120029hq.jpg,real::space_shuttle::201210120029hq
C:\Users\enzoo\PycharmProjects\orbitshield-CV\orbitshield-acv\dataset\raw\space_shuttle\201210130001hq.jpg,space_shuttle,real,real_201210130001hq.jpg,real::space_shuttle::201210130001hq
C:\Users\enzoo\PycharmProjects\orbitshield-CV\orbitshield-acv\dataset\raw\space_shuttle\201210130015hq.jpg,space_shuttle,real,real_201210130015hq.jpg,real::space_shuttle::201210130015hq
C:\Users\enzoo\PycharmProjects\orbitshield-CV\orbitshield-acv\dataset\raw\space_shuttle\201210130016hq.jpg,space_shuttle,real,real_201210130016hq.jpg,real::space_shuttle::201210130016hq
C:\Users\enzoo\PycharmProjects\orbitshield-CV\orbitshield-acv\dataset\raw\space_shuttle\201210130017hq.jpg,space_shuttle,real,real_201210130017hq.jpg,real::space_shuttle::201210130017hq
C:\Users\enzoo\PycharmProjects\orbitshield-CV\orbitshield-acv\dataset\raw\space_shuttle\201210130019hq.jpg,space_shuttle,real,real_201210130019hq.jpg,real::space_shuttle::201210130019hq
C:\Users\enzoo\PycharmProjects\orbitshield-CV\orbitshield-acv\dataset\raw\space_shuttle\201210130021hq.jpg,space_shuttle,real,real_201210130021hq.jpg,real::space_shuttle::201210130021hq
C:\Users\enzoo\PycharmProjects\orbitshield-CV\orbitshield-acv\dataset\raw\space_shuttle\201210130027hq.jpg,space_shuttle,real,real_201210130027hq.jpg,real::space_shuttle::201210130027hq
C:\Users\enzoo\PycharmProjects\orbitshield-CV\orbitshield-acv\dataset\raw\space_shuttle\201210130070hq.jpg,space_shuttle,real,real_201210130070hq.jpg,real::space_shuttle::201210130070hq
C:\Users\enzoo\PycharmProjects\orbitshield-CV\orbitshield-acv\dataset\raw\space_shuttle\201210130071hq.jpg,space_shuttle,real,real_201210130071hq.jpg,real::space_shuttle::201210130071hq
C:\Users\enzoo\PycharmProjects\orbitshield-CV\orbitshield-acv\dataset\raw\space_shuttle\201211020001hq.jpg,space_shuttle,real,real_201211020001hq.jpg,real::space_shuttle::201211020001hq
C:\Users\enzoo\PycharmProjects\orbitshield-CV\orbitshield-acv\dataset\raw\space_shuttle\201211020002hq.jpg,space_shuttle,real,real_201211020002hq.jpg,real::space_shuttle::201211020002hq
C:\Users\enzoo\PycharmProjects\orbitshield-CV\orbitshield-acv\dataset\raw\space_shuttle\201211020004hq.jpg,space_shuttle,real,real_201211020004hq.jpg,real::space_shuttle::201211020004hq
C:\Users\enzoo\PycharmProjects\orbitshield-CV\orbitshield-acv\dataset\raw\space_shuttle\201211020006hq.jpg,space_shuttle,real,real_201211020006hq.jpg,real::space_shuttle::201211020006hq
C:\Users\enzoo\PycharmProjects\orbitshield-CV\orbitshield-acv\dataset\raw\space_shuttle\201211020007hq.jpg,space_shuttle,real,real_201211020007hq.jpg,real::space_shuttle::201211020007hq
C:\Users\enzoo\PycharmProjects\orbitshield-CV\orbitshield-acv\dataset\raw\space_shuttle\201211020008hq.jpg,space_shuttle,real,real_201211020008hq.jpg,real::space_shuttle::201211020008hq
C:\Users\enzoo\PycharmProjects\orbitshield-CV\orbitshield-acv\dataset\raw\space_shuttle\201211020010hq.jpg,space_shuttle,real,real_201211020010hq.jpg,real::space_shuttle::201211020010hq
C:\Users\enzoo\PycharmProjects\orbitshield-CV\orbitshield-acv\dataset\raw\space_shuttle\201211020011hq.jpg,space_shuttle,real,real_201211020011hq.jpg,real::space_shuttle::201211020011hq
C:\Users\enzoo\PycharmProjects\orbitshield-CV\orbitshield-acv\dataset\raw\space_shuttle\201211020012hq.jpg,space_shuttle,real,real_201211020012hq.jpg,real::space_shuttle::201211020012hq
C:\Users\enzoo\PycharmProjects\orbitshield-CV\orbitshield-acv\dataset\raw\space_shuttle\201211020013hq.jpg,space_shuttle,real,real_201211020013hq.jpg,real::space_shuttle::201211020013hq
C:\Users\enzoo\PycharmProjects\orbitshield-CV\orbitshield-acv\dataset\raw\space_shuttle\201211020014hq.jpg,space_shuttle,real,real_201211020014hq.jpg,real::space_shuttle::201211020014hq
C:\Users\enzoo\PycharmProjects\orbitshield-CV\orbitshield-acv\dataset\raw\space_shuttle\201211020015hq.jpg,space_shuttle,real,real_201211020015hq.jpg,real::space_shuttle::201211020015hq
C:\Users\enzoo\PycharmProjects\orbitshield-CV\orbitshield-acv\dataset\raw\space_shuttle\201211020016hq.jpg,space_shuttle,real,real_201211020016hq.jpg,real::space_shuttle::201211020016hq
C:\Users\enzoo\PycharmProjects\orbitshield-CV\orbitshield-acv\dataset\raw\space_shuttle\201211020017hq.jpg,space_shuttle,real,real_201211020017hq.jpg,real::space_shuttle::201211020017hq
C:\Users\enzoo\PycharmProjects\orbitshield-CV\orbitshield-acv\dataset\raw\space_shuttle\201211020018hq.jpg,space_shuttle,real,real_201211020018hq.jpg,real::space_shuttle::201211020018hq
C:\Users\enzoo\PycharmProjects\orbitshield-CV\orbitshield-acv\dataset\raw\space_shuttle\201211020019hq.jpg,space_shuttle,real,real_201211020019hq.jpg,real::space_shuttle::201211020019hq
C:\Users\enzoo\PycharmProjects\orbitshield-CV\orbitshield-acv\dataset\raw\space_shuttle\201211020020hq.jpg,space_shuttle,real,real_201211020020hq.jpg,real::space_shuttle::201211020020hq
C:\Users\enzoo\PycharmProjects\orbitshield-CV\orbitshield-acv\dataset\raw\space_shuttle\201211020022hq.jpg,space_shuttle,real,real_201211020022hq.jpg,real::space_shuttle::201211020022hq
C:\Users\enzoo\PycharmProjects\orbitshield-CV\orbitshield-acv\dataset\raw\space_shuttle\201211020023hq.jpg,space_shuttle,real,real_201211020023hq.jpg,real::space_shuttle::201211020023hq
C:\Users\enzoo\PycharmProjects\orbitshield-CV\orbitshield-acv\dataset\raw\space_shuttle\201211020029hq.jpg,space_shuttle,real,real_201211020029hq.jpg,real::space_shuttle::201211020029hq
C:\Users\enzoo\PycharmProjects\orbitshield-CV\orbitshield-acv\dataset\raw\space_shuttle\201211020030hq.jpg,space_shuttle,real,real_201211020030hq.jpg,real::space_shuttle::201211020030hq
C:\Users\enzoo\PycharmProjects\orbitshield-CV\orbitshield-acv\dataset\raw\space_shuttle\201211020031hq.jpg,space_shuttle,real,real_201211020031hq.jpg,real::space_shuttle::201211020031hq
C:\Users\enzoo\PycharmProjects\orbitshield-CV\orbitshield-acv\dataset\raw\space_shuttle\201211020033hq.jpg,space_shuttle,real,real_201211020033hq.jpg,real::space_shuttle::201211020033hq
C:\Users\enzoo\PycharmProjects\orbitshield-CV\orbitshield-acv\dataset\raw\space_shuttle\201211020034hq.jpg,space_shuttle,real,real_201211020034hq.jpg,real::space_shuttle::201211020034hq
C:\Users\enzoo\PycharmProjects\orbitshield-CV\orbitshield-acv\dataset\raw\space_shuttle\201211020036hq.jpg,space_shuttle,real,real_201211020036hq.jpg,real::space_shuttle::201211020036hq
C:\Users\enzoo\PycharmProjects\orbitshield-CV\orbitshield-acv\dataset\raw\space_shuttle\41c_3029.jpg,space_shuttle,real,real_41c_3029.jpg,real::space_shuttle::41c_3029
C:\Users\enzoo\PycharmProjects\orbitshield-CV\orbitshield-acv\dataset\raw\space_shuttle\41g_90218.jpg,space_shuttle,real,real_41g_90218.jpg,real::space_shuttle::41g_90218
C:\Users\enzoo\PycharmProjects\orbitshield-CV\orbitshield-acv\dataset\raw\space_shuttle\41g_90232.jpg,space_shuttle,real,real_41g_90232.jpg,real::space_shuttle::41g_90232
C:\Users\enzoo\PycharmProjects\orbitshield-CV\orbitshield-acv\dataset\raw\space_shuttle\7776898.jpg,space_shuttle,real,real_7776898.jpg,real::space_shuttle::7776898
C:\Users\enzoo\PycharmProjects\orbitshield-CV\orbitshield-acv\dataset\raw\space_shuttle\7777894.jpg,space_shuttle,real,real_7777894.jpg,real::space_shuttle::7777894
C:\Users\enzoo\PycharmProjects\orbitshield-CV\orbitshield-acv\dataset\raw\space_shuttle\7779474.jpg,space_shuttle,real,real_7779474.jpg,real::space_shuttle::7779474
C:\Users\enzoo\PycharmProjects\orbitshield-CV\orbitshield-acv\dataset\raw\space_shuttle\7887775.jpg,space_shuttle,real,real_7887775.jpg,real::space_shuttle::7887775
C:\Users\enzoo\PycharmProjects\orbitshield-CV\orbitshield-acv\dataset\raw\space_shuttle\7887819.jpg,space_shuttle,real,real_7887819.jpg,real::space_shuttle::7887819
C:\Users\enzoo\PycharmProjects\orbitshield-CV\orbitshield-acv\dataset\raw\space_shuttle\7887863.jpg,space_shuttle,real,real_7887863.jpg,real::space_shuttle::7887863
C:\Users\enzoo\PycharmProjects\orbitshield-CV\orbitshield-acv\dataset\raw\space_shuttle\7888052.jpg,space_shuttle,real,real_7888052.jpg,real::space_shuttle::7888052
C:\Users\enzoo\PycharmProjects\orbitshield-CV\orbitshield-acv\dataset\raw\space_shuttle\7888057.jpg,space_shuttle,real,real_7888057.jpg,real::space_shuttle::7888057
C:\Users\enzoo\PycharmProjects\orbitshield-CV\orbitshield-acv\dataset\raw\space_shuttle\7889019.jpg,space_shuttle,real,real_7889019.jpg,real::space_shuttle::7889019
C:\Users\enzoo\PycharmProjects\orbitshield-CV\orbitshield-acv\dataset\raw\space_shuttle\7889312.jpg,space_shuttle,real,real_7889312.jpg,real::space_shuttle::7889312
C:\Users\enzoo\PycharmProjects\orbitshield-CV\orbitshield-acv\dataset\raw\space_shuttle\7890776.jpg,space_shuttle,real,real_7890776.jpg,real::space_shuttle::7890776
C:\Users\enzoo\PycharmProjects\orbitshield-CV\orbitshield-acv\dataset\raw\space_shuttle\7992372.jpg,space_shuttle,real,real_7992372.jpg,real::space_shuttle::7992372
C:\Users\enzoo\PycharmProjects\orbitshield-CV\orbitshield-acv\dataset\raw\space_shuttle\7992407.jpg,space_shuttle,real,real_7992407.jpg,real::space_shuttle::7992407
C:\Users\enzoo\PycharmProjects\orbitshield-CV\orbitshield-acv\dataset\raw\space_shuttle\7995081.jpg,space_shuttle,real,real_7995081.jpg,real::space_shuttle::7995081
C:\Users\enzoo\PycharmProjects\orbitshield-CV\orbitshield-acv\dataset\raw\space_shuttle\8111969.jpg,space_shuttle,real,real_8111969.jpg,real::space_shuttle::8111969
C:\Users\enzoo\PycharmProjects\orbitshield-CV\orbitshield-acv\dataset\raw\space_shuttle\8115576.jpg,space_shuttle,real,real_8115576.jpg,real::space_shuttle::8115576
C:\Users\enzoo\PycharmProjects\orbitshield-CV\orbitshield-acv\dataset\raw\space_shuttle\8219121.jpg,space_shuttle,real,real_8219121.jpg,real::space_shuttle::8219121
C:\Users\enzoo\PycharmProjects\orbitshield-CV\orbitshield-acv\dataset\raw\space_shuttle\8442850.jpg,space_shuttle,real,real_8442850.jpg,real::space_shuttle::8442850
C:\Users\enzoo\PycharmProjects\orbitshield-CV\orbitshield-acv\dataset\raw\space_shuttle\8442984.jpg,space_shuttle,real,real_8442984.jpg,real::space_shuttle::8442984
C:\Users\enzoo\PycharmProjects\orbitshield-CV\orbitshield-acv\dataset\raw\space_shuttle\8554680.jpg,space_shuttle,real,real_8554680.jpg,real::space_shuttle::8554680
C:\Users\enzoo\PycharmProjects\orbitshield-CV\orbitshield-acv\dataset\raw\space_shuttle\8895910.jpg,space_shuttle,real,real_8895910.jpg,real::space_shuttle::8895910
C:\Users\enzoo\PycharmProjects\orbitshield-CV\orbitshield-acv\dataset\raw\space_shuttle\8898508.jpg,space_shuttle,real,real_8898508.jpg,real::space_shuttle::8898508
C:\Users\enzoo\PycharmProjects\orbitshield-CV\orbitshield-acv\dataset\raw\space_shuttle\8904037.jpg,space_shuttle,real,real_8904037.jpg,real::space_shuttle::8904037
C:\Users\enzoo\PycharmProjects\orbitshield-CV\orbitshield-acv\dataset\raw\space_shuttle\9018555.jpg,space_shuttle,real,real_9018555.jpg,real::space_shuttle::9018555
C:\Users\enzoo\PycharmProjects\orbitshield-CV\orbitshield-acv\dataset\raw\space_shuttle\9127082.jpg,space_shuttle,real,real_9127082.jpg,real::space_shuttle::9127082
C:\Users\enzoo\PycharmProjects\orbitshield-CV\orbitshield-acv\dataset\raw\space_shuttle\9135554.jpg,space_shuttle,real,real_9135554.jpg,real::space_shuttle::9135554
C:\Users\enzoo\PycharmProjects\orbitshield-CV\orbitshield-acv\dataset\raw\space_shuttle\9142270.jpg,space_shuttle,real,real_9142270.jpg,real::space_shuttle::9142270
C:\Users\enzoo\PycharmProjects\orbitshield-CV\orbitshield-acv\dataset\raw\space_shuttle\9258803.jpg,space_shuttle,real,real_9258803.jpg,real::space_shuttle::9258803
C:\Users\enzoo\PycharmProjects\orbitshield-CV\orbitshield-acv\dataset\raw\space_shuttle\9264867.jpg,space_shuttle,real,real_9264867.jpg,real::space_shuttle::9264867
C:\Users\enzoo\PycharmProjects\orbitshield-CV\orbitshield-acv\dataset\raw\space_shuttle\9401032.jpg,space_shuttle,real,real_9401032.jpg,real::space_shuttle::9401032
C:\Users\enzoo\PycharmProjects\orbitshield-CV\orbitshield-acv\dataset\raw\space_shuttle\9410257.jpg,space_shuttle,real,real_9410257.jpg,real::space_shuttle::9410257
C:\Users\enzoo\PycharmProjects\orbitshield-CV\orbitshield-acv\dataset\raw\space_shuttle\9414225.jpg,space_shuttle,real,real_9414225.jpg,real::space_shuttle::9414225
C:\Users\enzoo\PycharmProjects\orbitshield-CV\orbitshield-acv\dataset\raw\space_shuttle\9510878.jpg,space_shuttle,real,real_9510878.jpg,real::space_shuttle::9510878
C:\Users\enzoo\PycharmProjects\orbitshield-CV\orbitshield-acv\dataset\raw\space_shuttle\9515816.jpg,space_shuttle,real,real_9515816.jpg,real::space_shuttle::9515816
C:\Users\enzoo\PycharmProjects\orbitshield-CV\orbitshield-acv\dataset\raw\space_shuttle\9515822.jpg,space_shuttle,real,real_9515822.jpg,real::space_shuttle::9515822
C:\Users\enzoo\PycharmProjects\orbitshield-CV\orbitshield-acv\dataset\raw\space_shuttle\9608278.jpg,space_shuttle,real,real_9608278.jpg,real::space_shuttle::9608278
C:\Users\enzoo\PycharmProjects\orbitshield-CV\orbitshield-acv\dataset\raw\space_shuttle\9613174.jpg,space_shuttle,real,real_9613174.jpg,real::space_shuttle::9613174
C:\Users\enzoo\PycharmProjects\orbitshield-CV\orbitshield-acv\dataset\raw\space_shuttle\9705914.jpg,space_shuttle,real,real_9705914.jpg,real::space_shuttle::9705914
C:\Users\enzoo\PycharmProjects\orbitshield-CV\orbitshield-acv\dataset\raw\space_shuttle\9801795.jpg,space_shuttle,real,real_9801795.jpg,real::space_shuttle::9801795
C:\Users\enzoo\PycharmProjects\orbitshield-CV\orbitshield-acv\dataset\raw\space_shuttle\9801834.jpg,space_shuttle,real,real_9801834.jpg,real::space_shuttle::9801834
C:\Users\enzoo\PycharmProjects\orbitshield-CV\orbitshield-acv\dataset\raw\space_shuttle\9804736.jpg,space_shuttle,real,real_9804736.jpg,real::space_shuttle::9804736
C:\Users\enzoo\PycharmProjects\orbitshield-CV\orbitshield-acv\dataset\raw\space_shuttle\9904407.jpg,space_shuttle,real,real_9904407.jpg,real::space_shuttle::9904407
C:\Users\enzoo\PycharmProjects\orbitshield-CV\orbitshield-acv\dataset\raw\space_shuttle\ac75_1161_003.jpg,space_shuttle,real,real_ac75_1161_003.jpg,real::space_shuttle::ac75_1161_003
C:\Users\enzoo\PycharmProjects\orbitshield-CV\orbitshield-acv\dataset\raw\space_shuttle\ac75_1161_004.jpg,space_shuttle,real,real_ac75_1161_004.jpg,real::space_shuttle::ac75_1161_004
C:\Users\enzoo\PycharmProjects\orbitshield-CV\orbitshield-acv\dataset\raw\space_shuttle\arc_1975_ac75_1917.jpg,space_shuttle,real,real_arc_1975_ac75_1917.jpg,real::space_shuttle::arc_1975_ac75_1917
C:\Users\enzoo\PycharmProjects\orbitshield-CV\orbitshield-acv\dataset\raw\space_shuttle\arc_1975_ac75_1919.jpg,space_shuttle,real,real_arc_1975_ac75_1919.jpg,real::space_shuttle::arc_1975_ac75_1919
C:\Users\enzoo\PycharmProjects\orbitshield-CV\orbitshield-acv\dataset\raw\space_shuttle\arc_1980_ac80_0107_10.jpg,space_shuttle,real,real_arc_1980_ac80_0107_10.jpg,real::space_shuttle::arc_1980_ac80_0107_10
C:\Users\enzoo\PycharmProjects\orbitshield-CV\orbitshield-acv\dataset\raw\space_shuttle\arc_1980_ac80_0107_11.jpg,space_shuttle,real,real_arc_1980_ac80_0107_11.jpg,real::space_shuttle::arc_1980_ac80_0107_11
C:\Users\enzoo\PycharmProjects\orbitshield-CV\orbitshield-acv\dataset\raw\space_shuttle\arc_1980_ac80_0107_12.jpg,space_shuttle,real,real_arc_1980_ac80_0107_12.jpg,real::space_shuttle::arc_1980_ac80_0107_12
C:\Users\enzoo\PycharmProjects\orbitshield-CV\orbitshield-acv\dataset\raw\space_shuttle\arc_1980_ac80_0107_13.jpg,space_shuttle,real,real_arc_1980_ac80_0107_13.jpg,real::space_shuttle::arc_1980_ac80_0107_13
C:\Users\enzoo\PycharmProjects\orbitshield-CV\orbitshield-acv\dataset\raw\space_shuttle\arc_1980_ac80_0107_14.jpg,space_shuttle,real,real_arc_1980_ac80_0107_14.jpg,real::space_shuttle::arc_1980_ac80_0107_14
C:\Users\enzoo\PycharmProjects\orbitshield-CV\orbitshield-acv\dataset\raw\space_shuttle\arc_1980_ac80_0107_17.jpg,space_shuttle,real,real_arc_1980_ac80_0107_17.jpg,real::space_shuttle::arc_1980_ac80_0107_17
C:\Users\enzoo\PycharmProjects\orbitshield-CV\orbitshield-acv\dataset\raw\space_shuttle\arc_1980_ac80_0107_19.jpg,space_shuttle,real,real_arc_1980_ac80_0107_19.jpg,real::space_shuttle::arc_1980_ac80_0107_19
C:\Users\enzoo\PycharmProjects\orbitshield-CV\orbitshield-acv\dataset\raw\space_shuttle\arc_1980_ac80_0107_7.jpg,space_shuttle,real,real_arc_1980_ac80_0107_7.jpg,real::space_shuttle::arc_1980_ac80_0107_7
C:\Users\enzoo\PycharmProjects\orbitshield-CV\orbitshield-acv\dataset\raw\space_shuttle\ec01_0041_1.jpg,space_shuttle,real,real_ec01_0041_1.jpg,real::space_shuttle::ec01_0041_1
C:\Users\enzoo\PycharmProjects\orbitshield-CV\orbitshield-acv\dataset\raw\space_shuttle\ec01_0041_15.jpg,space_shuttle,real,real_ec01_0041_15.jpg,real::space_shuttle::ec01_0041_15
C:\Users\enzoo\PycharmProjects\orbitshield-CV\orbitshield-acv\dataset\raw\space_shuttle\ec01_0041_2.jpg,space_shuttle,real,real_ec01_0041_2.jpg,real::space_shuttle::ec01_0041_2
C:\Users\enzoo\PycharmProjects\orbitshield-CV\orbitshield-acv\dataset\raw\space_shuttle\ec01_0041_20.jpg,space_shuttle,real,real_ec01_0041_20.jpg,real::space_shuttle::ec01_0041_20
C:\Users\enzoo\PycharmProjects\orbitshield-CV\orbitshield-acv\dataset\raw\space_shuttle\ec01_0041_22.jpg,space_shuttle,real,real_ec01_0041_22.jpg,real::space_shuttle::ec01_0041_22
C:\Users\enzoo\PycharmProjects\orbitshield-CV\orbitshield-acv\dataset\raw\space_shuttle\ec01_0041_3.jpg,space_shuttle,real,real_ec01_0041_3.jpg,real::space_shuttle::ec01_0041_3
C:\Users\enzoo\PycharmProjects\orbitshield-CV\orbitshield-acv\dataset\raw\space_shuttle\ec01_0041_6.jpg,space_shuttle,real,real_ec01_0041_6.jpg,real::space_shuttle::ec01_0041_6
C:\Users\enzoo\PycharmProjects\orbitshield-CV\orbitshield-acv\dataset\raw\space_shuttle\ec01_0041_7.jpg,space_shuttle,real,real_ec01_0041_7.jpg,real::space_shuttle::ec01_0041_7
C:\Users\enzoo\PycharmProjects\orbitshield-CV\orbitshield-acv\dataset\raw\space_shuttle\ec01_0041_9.jpg,space_shuttle,real,real_ec01_0041_9.jpg,real::space_shuttle::ec01_0041_9
C:\Users\enzoo\PycharmProjects\orbitshield-CV\orbitshield-acv\dataset\raw\space_shuttle\ec01_0055_1.jpg,space_shuttle,real,real_ec01_0055_1.jpg,real::space_shuttle::ec01_0055_1
C:\Users\enzoo\PycharmProjects\orbitshield-CV\orbitshield-acv\dataset\raw\space_shuttle\ec01_0055_10.jpg,space_shuttle,real,real_ec01_0055_10.jpg,real::space_shuttle::ec01_0055_10
C:\Users\enzoo\PycharmProjects\orbitshield-CV\orbitshield-acv\dataset\raw\space_shuttle\ec01_0055_2.jpg,space_shuttle,real,real_ec01_0055_2.jpg,real::space_shuttle::ec01_0055_2
C:\Users\enzoo\PycharmProjects\orbitshield-CV\orbitshield-acv\dataset\raw\space_shuttle\ec01_0055_4.jpg,space_shuttle,real,real_ec01_0055_4.jpg,real::space_shuttle::ec01_0055_4
C:\Users\enzoo\PycharmProjects\orbitshield-CV\orbitshield-acv\dataset\raw\space_shuttle\ec01_0129_1.jpg,space_shuttle,real,real_ec01_0129_1.jpg,real::space_shuttle::ec01_0129_1
C:\Users\enzoo\PycharmProjects\orbitshield-CV\orbitshield-acv\dataset\raw\space_shuttle\ec01_0129_17.jpg,space_shuttle,real,real_ec01_0129_17.jpg,real::space_shuttle::ec01_0129_17
C:\Users\enzoo\PycharmProjects\orbitshield-CV\orbitshield-acv\dataset\raw\space_shuttle\ec01_0129_18.jpg,space_shuttle,real,real_ec01_0129_18.jpg,real::space_shuttle::ec01_0129_18
C:\Users\enzoo\PycharmProjects\orbitshield-CV\orbitshield-acv\dataset\raw\space_shuttle\ec01_0129_19.jpg,space_shuttle,real,real_ec01_0129_19.jpg,real::space_shuttle::ec01_0129_19
C:\Users\enzoo\PycharmProjects\orbitshield-CV\orbitshield-acv\dataset\raw\space_shuttle\ec01_0129_2.jpg,space_shuttle,real,real_ec01_0129_2.jpg,real::space_shuttle::ec01_0129_2
C:\Users\enzoo\PycharmProjects\orbitshield-CV\orbitshield-acv\dataset\raw\space_shuttle\ec01_0129_3.jpg,space_shuttle,real,real_ec01_0129_3.jpg,real::space_shuttle::ec01_0129_3
C:\Users\enzoo\PycharmProjects\orbitshield-CV\orbitshield-acv\dataset\raw\space_shuttle\ec01_0129_4.jpg,space_shuttle,real,real_ec01_0129_4.jpg,real::space_shuttle::ec01_0129_4
C:\Users\enzoo\PycharmProjects\orbitshield-CV\orbitshield-acv\dataset\raw\space_shuttle\ec02_0131_1.jpg,space_shuttle,real,real_ec02_0131_1.jpg,real::space_shuttle::ec02_0131_1
C:\Users\enzoo\PycharmProjects\orbitshield-CV\orbitshield-acv\dataset\raw\space_shuttle\ec02_0131_10.jpg,space_shuttle,real,real_ec02_0131_10.jpg,real::space_shuttle::ec02_0131_10
C:\Users\enzoo\PycharmProjects\orbitshield-CV\orbitshield-acv\dataset\raw\space_shuttle\ec02_0131_2.jpg,space_shuttle,real,real_ec02_0131_2.jpg,real::space_shuttle::ec02_0131_2
C:\Users\enzoo\PycharmProjects\orbitshield-CV\orbitshield-acv\dataset\raw\space_shuttle\ec02_0131_3.jpg,space_shuttle,real,real_ec02_0131_3.jpg,real::space_shuttle::ec02_0131_3
C:\Users\enzoo\PycharmProjects\orbitshield-CV\orbitshield-acv\dataset\raw\space_shuttle\ec02_0131_4.jpg,space_shuttle,real,real_ec02_0131_4.jpg,real::space_shuttle::ec02_0131_4
C:\Users\enzoo\PycharmProjects\orbitshield-CV\orbitshield-acv\dataset\raw\space_shuttle\ec02_0131_9.jpg,space_shuttle,real,real_ec02_0131_9.jpg,real::space_shuttle::ec02_0131_9
C:\Users\enzoo\PycharmProjects\orbitshield-CV\orbitshield-acv\dataset\raw\space_shuttle\ec05_0166_33.jpg,space_shuttle,real,real_ec05_0166_33.jpg,real::space_shuttle::ec05_0166_33
C:\Users\enzoo\PycharmProjects\orbitshield-CV\orbitshield-acv\dataset\raw\space_shuttle\ec05_0166_34.jpg,space_shuttle,real,real_ec05_0166_34.jpg,real::space_shuttle::ec05_0166_34
C:\Users\enzoo\PycharmProjects\orbitshield-CV\orbitshield-acv\dataset\raw\space_shuttle\ec05_0166_40.jpg,space_shuttle,real,real_ec05_0166_40.jpg,real::space_shuttle::ec05_0166_40
C:\Users\enzoo\PycharmProjects\orbitshield-CV\orbitshield-acv\dataset\raw\space_shuttle\ec81_15103.jpg,space_shuttle,real,real_ec81_15103.jpg,real::space_shuttle::ec81_15103
C:\Users\enzoo\PycharmProjects\orbitshield-CV\orbitshield-acv\dataset\raw\space_shuttle\ec81_15104.jpg,space_shuttle,real,real_ec81_15104.jpg,real::space_shuttle::ec81_15104
C:\Users\enzoo\PycharmProjects\orbitshield-CV\orbitshield-acv\dataset\raw\space_shuttle\ec81_15177.jpg,space_shuttle,real,real_ec81_15177.jpg,real::space_shuttle::ec81_15177
C:\Users\enzoo\PycharmProjects\orbitshield-CV\orbitshield-acv\dataset\raw\space_shuttle\ecn_13409.jpg,space_shuttle,real,real_ecn_13409.jpg,real::space_shuttle::ecn_13409
C:\Users\enzoo\PycharmProjects\orbitshield-CV\orbitshield-acv\dataset\raw\space_shuttle\ed05_0166_29.jpg,space_shuttle,real,real_ed05_0166_29.jpg,real::space_shuttle::ed05_0166_29
C:\Users\enzoo\PycharmProjects\orbitshield-CV\orbitshield-acv\dataset\raw\space_shuttle\ed05_0166_30.jpg,space_shuttle,real,real_ed05_0166_30.jpg,real::space_shuttle::ed05_0166_30
C:\Users\enzoo\PycharmProjects\orbitshield-CV\orbitshield-acv\dataset\raw\space_shuttle\ed05_0166_31.jpg,space_shuttle,real,real_ed05_0166_31.jpg,real::space_shuttle::ed05_0166_31
C:\Users\enzoo\PycharmProjects\orbitshield-CV\orbitshield-acv\dataset\raw\space_shuttle\ed06_0045_1.jpg,space_shuttle,real,real_ed06_0045_1.jpg,real::space_shuttle::ed06_0045_1
C:\Users\enzoo\PycharmProjects\orbitshield-CV\orbitshield-acv\dataset\raw\space_shuttle\ed06_0045_4.jpg,space_shuttle,real,real_ed06_0045_4.jpg,real::space_shuttle::ed06_0045_4
C:\Users\enzoo\PycharmProjects\orbitshield-CV\orbitshield-acv\dataset\raw\space_shuttle\ed07_0094_07.jpg,space_shuttle,real,real_ed07_0094_07.jpg,real::space_shuttle::ed07_0094_07
C:\Users\enzoo\PycharmProjects\orbitshield-CV\orbitshield-acv\dataset\raw\space_shuttle\ed07_0137_30.jpg,space_shuttle,real,real_ed07_0137_30.jpg,real::space_shuttle::ed07_0137_30
C:\Users\enzoo\PycharmProjects\orbitshield-CV\orbitshield-acv\dataset\raw\space_shuttle\ed07_0137_31.jpg,space_shuttle,real,real_ed07_0137_31.jpg,real::space_shuttle::ed07_0137_31
C:\Users\enzoo\PycharmProjects\orbitshield-CV\orbitshield-acv\dataset\raw\space_shuttle\ed07_0137_32.jpg,space_shuttle,real,real_ed07_0137_32.jpg,real::space_shuttle::ed07_0137_32
C:\Users\enzoo\PycharmProjects\orbitshield-CV\orbitshield-acv\dataset\raw\space_shuttle\ed08_0306_01.jpg,space_shuttle,real,real_ed08_0306_01.jpg,real::space_shuttle::ed08_0306_01
C:\Users\enzoo\PycharmProjects\orbitshield-CV\orbitshield-acv\dataset\raw\space_shuttle\ed08_0306_39.jpg,space_shuttle,real,real_ed08_0306_39.jpg,real::space_shuttle::ed08_0306_39
C:\Users\enzoo\PycharmProjects\orbitshield-CV\orbitshield-acv\dataset\raw\space_shuttle\ed08_0306_44.jpg,space_shuttle,real,real_ed08_0306_44.jpg,real::space_shuttle::ed08_0306_44
C:\Users\enzoo\PycharmProjects\orbitshield-CV\orbitshield-acv\dataset\raw\space_shuttle\ed12_0316_004.jpg,space_shuttle,real,real_ed12_0316_004.jpg,real::space_shuttle::ed12_0316_004
C:\Users\enzoo\PycharmProjects\orbitshield-CV\orbitshield-acv\dataset\raw\space_shuttle\ed12_0317_011.jpg,space_shuttle,real,real_ed12_0317_011.jpg,real::space_shuttle::ed12_0317_011
C:\Users\enzoo\PycharmProjects\orbitshield-CV\orbitshield-acv\dataset\raw\space_shuttle\ed12_0317_012.jpg,space_shuttle,real,real_ed12_0317_012.jpg,real::space_shuttle::ed12_0317_012
C:\Users\enzoo\PycharmProjects\orbitshield-CV\orbitshield-acv\dataset\raw\space_shuttle\ed12_0317_017.jpg,space_shuttle,real,real_ed12_0317_017.jpg,real::space_shuttle::ed12_0317_017
C:\Users\enzoo\PycharmProjects\orbitshield-CV\orbitshield-acv\dataset\raw\space_shuttle\ed12_0317_026.jpg,space_shuttle,real,real_ed12_0317_026.jpg,real::space_shuttle::ed12_0317_026
C:\Users\enzoo\PycharmProjects\orbitshield-CV\orbitshield-acv\dataset\raw\space_shuttle\ed12_0317_046.jpg,space_shuttle,real,real_ed12_0317_046.jpg,real::space_shuttle::ed12_0317_046
C:\Users\enzoo\PycharmProjects\orbitshield-CV\orbitshield-acv\dataset\raw\space_shuttle\ed12_0317_060.jpg,space_shuttle,real,real_ed12_0317_060.jpg,real::space_shuttle::ed12_0317_060
C:\Users\enzoo\PycharmProjects\orbitshield-CV\orbitshield-acv\dataset\raw\space_shuttle\ed12_0317_066.jpg,space_shuttle,real,real_ed12_0317_066.jpg,real::space_shuttle::ed12_0317_066
C:\Users\enzoo\PycharmProjects\orbitshield-CV\orbitshield-acv\dataset\raw\space_shuttle\ed12_0317_073.jpg,space_shuttle,real,real_ed12_0317_073.jpg,real::space_shuttle::ed12_0317_073
C:\Users\enzoo\PycharmProjects\orbitshield-CV\orbitshield-acv\dataset\raw\space_shuttle\grc_1973_c_03174.jpg,space_shuttle,real,real_grc_1973_c_03174.jpg,real::space_shuttle::grc_1973_c_03174
C:\Users\enzoo\PycharmProjects\orbitshield-CV\orbitshield-acv\dataset\raw\space_shuttle\grc_1988_c_04806.jpg,space_shuttle,real,real_grc_1988_c_04806.jpg,real::space_shuttle::grc_1988_c_04806
C:\Users\enzoo\PycharmProjects\orbitshield-CV\orbitshield-acv\dataset\raw\space_shuttle\ksc_07pd_0848.jpg,space_shuttle,real,real_ksc_07pd_0848.jpg,real::space_shuttle::ksc_07pd_0848
C:\Users\enzoo\PycharmProjects\orbitshield-CV\orbitshield-acv\dataset\raw\space_shuttle\ksc_07pd_0849.jpg,space_shuttle,real,real_ksc_07pd_0849.jpg,real::space_shuttle::ksc_07pd_0849
C:\Users\enzoo\PycharmProjects\orbitshield-CV\orbitshield-acv\dataset\raw\space_shuttle\ksc_07pd_0850.jpg,space_shuttle,real,real_ksc_07pd_0850.jpg,real::space_shuttle::ksc_07pd_0850
C:\Users\enzoo\PycharmProjects\orbitshield-CV\orbitshield-acv\dataset\raw\space_shuttle\ksc_07pd_2256.jpg,space_shuttle,real,real_ksc_07pd_2256.jpg,real::space_shuttle::ksc_07pd_2256
C:\Users\enzoo\PycharmProjects\orbitshield-CV\orbitshield-acv\dataset\raw\space_shuttle\ksc_07pd_2949.jpg,space_shuttle,real,real_ksc_07pd_2949.jpg,real::space_shuttle::ksc_07pd_2949
C:\Users\enzoo\PycharmProjects\orbitshield-CV\orbitshield-acv\dataset\raw\space_shuttle\ksc_07pd_3159.jpg,space_shuttle,real,real_ksc_07pd_3159.jpg,real::space_shuttle::ksc_07pd_3159
C:\Users\enzoo\PycharmProjects\orbitshield-CV\orbitshield-acv\dataset\raw\space_shuttle\lrc_2013_00154.jpg,space_shuttle,real,real_lrc_2013_00154.jpg,real::space_shuttle::lrc_2013_00154
C:\Users\enzoo\PycharmProjects\orbitshield-CV\orbitshield-acv\dataset\raw\space_shuttle\lrc_2013_00155.jpg,space_shuttle,real,real_lrc_2013_00155.jpg,real::space_shuttle::lrc_2013_00155
C:\Users\enzoo\PycharmProjects\orbitshield-CV\orbitshield-acv\dataset\raw\space_shuttle\lrc_2013_00156.jpg,space_shuttle,real,real_lrc_2013_00156.jpg,real::space_shuttle::lrc_2013_00156
C:\Users\enzoo\PycharmProjects\orbitshield-CV\orbitshield-acv\dataset\raw\space_shuttle\lrc_2013_00157.jpg,space_shuttle,real,real_lrc_2013_00157.jpg,real::space_shuttle::lrc_2013_00157
C:\Users\enzoo\PycharmProjects\orbitshield-CV\orbitshield-acv\dataset\raw\space_shuttle\lrc_2013_00158.jpg,space_shuttle,real,real_lrc_2013_00158.jpg,real::space_shuttle::lrc_2013_00158
C:\Users\enzoo\PycharmProjects\orbitshield-CV\orbitshield-acv\dataset\raw\space_shuttle\lrc_2013_00159.jpg,space_shuttle,real,real_lrc_2013_00159.jpg,real::space_shuttle::lrc_2013_00159
C:\Users\enzoo\PycharmProjects\orbitshield-CV\orbitshield-acv\dataset\raw\space_shuttle\pia01321.jpg,space_shuttle,real,real_pia01321.jpg,real::space_shuttle::pia01321
C:\Users\enzoo\PycharmProjects\orbitshield-CV\orbitshield-acv\dataset\raw\space_shuttle\pia16179.jpg,space_shuttle,real,real_pia16179.jpg,real::space_shuttle::pia16179
C:\Users\enzoo\PycharmProjects\orbitshield-CV\orbitshield-acv\dataset\raw\space_shuttle\s83_40555.jpg,space_shuttle,real,real_s83_40555.jpg,real::space_shuttle::s83_40555
C:\Users\enzoo\PycharmProjects\orbitshield-CV\orbitshield-acv\dataset\raw\space_shuttle\ssc_20000725_s176_22a.jpg,space_shuttle,real,real_ssc_20000725_s176_22a.jpg,real::space_shuttle::ssc_20000725_s176_22a
C:\Users\enzoo\PycharmProjects\orbitshield-CV\orbitshield-acv\dataset\raw\space_shuttle\ssc_20000928_s068d_02.jpg,space_shuttle,real,real_ssc_20000928_s068d_02.jpg,real::space_shuttle::ssc_20000928_s068d_02
C:\Users\enzoo\PycharmProjects\orbitshield-CV\orbitshield-acv\dataset\raw\space_shuttle\ssc_20010421_s085_12.jpg,space_shuttle,real,real_ssc_20010421_s085_12.jpg,real::space_shuttle::ssc_20010421_s085_12
C:\Users\enzoo\PycharmProjects\orbitshield-CV\orbitshield-acv\dataset\raw\space_shuttle\ssc_20010421_s085_13.jpg,space_shuttle,real,real_ssc_20010421_s085_13.jpg,real::space_shuttle::ssc_20010421_s085_13
C:\Users\enzoo\PycharmProjects\orbitshield-CV\orbitshield-acv\dataset\raw\space_shuttle\ssc_20090330_s00417.jpg,space_shuttle,real,real_ssc_20090330_s00417.jpg,real::space_shuttle::ssc_20090330_s00417
C:\Users\enzoo\PycharmProjects\orbitshield-CV\orbitshield-acv\dataset\raw\space_shuttle\ssc_20090729_s01166.jpg,space_shuttle,real,real_ssc_20090729_s01166.jpg,real::space_shuttle::ssc_20090729_s01166
C:\Users\enzoo\PycharmProjects\orbitshield-CV\orbitshield-acv\dataset\raw\space_shuttle\ssc_20090729_s01168.jpg,space_shuttle,real,real_ssc_20090729_s01168.jpg,real::space_shuttle::ssc_20090729_s01168
C:\Users\enzoo\PycharmProjects\orbitshield-CV\orbitshield-acv\dataset\raw\space_shuttle\ssc_20111116_s02344h.jpg,space_shuttle,real,real_ssc_20111116_s02344h.jpg,real::space_shuttle::ssc_20111116_s02344h
C:\Users\enzoo\PycharmProjects\orbitshield-CV\orbitshield-acv\dataset\raw\space_shuttle\ssc_20120912_s01551.jpg,space_shuttle,real,real_ssc_20120912_s01551.jpg,real::space_shuttle::ssc_20120912_s01551
C:\Users\enzoo\PycharmProjects\orbitshield-CV\orbitshield-acv\dataset\raw\space_shuttle\sts067_371_028.jpg,space_shuttle,real,real_sts067_371_028.jpg,real::space_shuttle::sts067_371_028
C:\Users\enzoo\PycharmProjects\orbitshield-CV\orbitshield-acv\dataset\synthetic\space_shuttle\space_shuttle_family_001_var_01.png,space_shuttle,synthetic,synthetic_space_shuttle_family_001_var_01.jpg,synthetic::space_shuttle::family_001
C:\Users\enzoo\PycharmProjects\orbitshield-CV\orbitshield-acv\dataset\synthetic\space_shuttle\space_shuttle_family_001_var_02.png,space_shuttle,synthetic,synthetic_space_shuttle_family_001_var_02.jpg,synthetic::space_shuttle::family_001
C:\Users\enzoo\PycharmProjects\orbitshield-CV\orbitshield-acv\dataset\synthetic\space_shuttle\space_shuttle_family_001_var_03.png,space_shuttle,synthetic,synthetic_space_shuttle_family_001_var_03.jpg,synthetic::space_shuttle::family_001
C:\Users\enzoo\PycharmProjects\orbitshield-CV\orbitshield-acv\dataset\synthetic\space_shuttle\space_shuttle_family_001_var_04.png,space_shuttle,synthetic,synthetic_space_shuttle_family_001_var_04.jpg,synthetic::space_shuttle::family_001
C:\Users\enzoo\PycharmProjects\orbitshield-CV\orbitshield-acv\dataset\synthetic\space_shuttle\space_shuttle_family_001_var_05.png,space_shuttle,synthetic,synthetic_space_shuttle_family_001_var_05.jpg,synthetic::space_shuttle::family_001
C:\Users\enzoo\PycharmProjects\orbitshield-CV\orbitshield-acv\dataset\synthetic\space_shuttle\space_shuttle_family_002_var_01.png,space_shuttle,synthetic,synthetic_space_shuttle_family_002_var_01.jpg,synthetic::space_shuttle::family_002
C:\Users\enzoo\PycharmProjects\orbitshield-CV\orbitshield-acv\dataset\synthetic\space_shuttle\space_shuttle_family_002_var_02.png,space_shuttle,synthetic,synthetic_space_shuttle_family_002_var_02.jpg,synthetic::space_shuttle::family_002
C:\Users\enzoo\PycharmProjects\orbitshield-CV\orbitshield-acv\dataset\synthetic\space_shuttle\space_shuttle_family_002_var_03.png,space_shuttle,synthetic,synthetic_space_shuttle_family_002_var_03.jpg,synthetic::space_shuttle::family_002
C:\Users\enzoo\PycharmProjects\orbitshield-CV\orbitshield-acv\dataset\synthetic\space_shuttle\space_shuttle_family_002_var_04.png,space_shuttle,synthetic,synthetic_space_shuttle_family_002_var_04.jpg,synthetic::space_shuttle::family_002
C:\Users\enzoo\PycharmProjects\orbitshield-CV\orbitshield-acv\dataset\synthetic\space_shuttle\space_shuttle_family_002_var_05.png,space_shuttle,synthetic,synthetic_space_shuttle_family_002_var_05.jpg,synthetic::space_shuttle::family_002
C:\Users\enzoo\PycharmProjects\orbitshield-CV\orbitshield-acv\dataset\synthetic\space_shuttle\space_shuttle_family_003_var_01.png,space_shuttle,synthetic,synthetic_space_shuttle_family_003_var_01.jpg,synthetic::space_shuttle::family_003
C:\Users\enzoo\PycharmProjects\orbitshield-CV\orbitshield-acv\dataset\synthetic\space_shuttle\space_shuttle_family_003_var_02.png,space_shuttle,synthetic,synthetic_space_shuttle_family_003_var_02.jpg,synthetic::space_shuttle::family_003
C:\Users\enzoo\PycharmProjects\orbitshield-CV\orbitshield-acv\dataset\synthetic\space_shuttle\space_shuttle_family_003_var_03.png,space_shuttle,synthetic,synthetic_space_shuttle_family_003_var_03.jpg,synthetic::space_shuttle::family_003
C:\Users\enzoo\PycharmProjects\orbitshield-CV\orbitshield-acv\dataset\synthetic\space_shuttle\space_shuttle_family_003_var_04.png,space_shuttle,synthetic,synthetic_space_shuttle_family_003_var_04.jpg,synthetic::space_shuttle::family_003
C:\Users\enzoo\PycharmProjects\orbitshield-CV\orbitshield-acv\dataset\synthetic\space_shuttle\space_shuttle_family_003_var_05.png,space_shuttle,synthetic,synthetic_space_shuttle_family_003_var_05.jpg,synthetic::space_shuttle::family_003
C:\Users\enzoo\PycharmProjects\orbitshield-CV\orbitshield-acv\dataset\synthetic\space_shuttle\space_shuttle_family_004_var_01.png,space_shuttle,synthetic,synthetic_space_shuttle_family_004_var_01.jpg,synthetic::space_shuttle::family_004
C:\Users\enzoo\PycharmProjects\orbitshield-CV\orbitshield-acv\dataset\synthetic\space_shuttle\space_shuttle_family_004_var_02.png,space_shuttle,synthetic,synthetic_space_shuttle_family_004_var_02.jpg,synthetic::space_shuttle::family_004
C:\Users\enzoo\PycharmProjects\orbitshield-CV\orbitshield-acv\dataset\synthetic\space_shuttle\space_shuttle_family_004_var_03.png,space_shuttle,synthetic,synthetic_space_shuttle_family_004_var_03.jpg,synthetic::space_shuttle::family_004
C:\Users\enzoo\PycharmProjects\orbitshield-CV\orbitshield-acv\dataset\synthetic\space_shuttle\space_shuttle_family_004_var_04.png,space_shuttle,synthetic,synthetic_space_shuttle_family_004_var_04.jpg,synthetic::space_shuttle::family_004
C:\Users\enzoo\PycharmProjects\orbitshield-CV\orbitshield-acv\dataset\synthetic\space_shuttle\space_shuttle_family_004_var_05.png,space_shuttle,synthetic,synthetic_space_shuttle_family_004_var_05.jpg,synthetic::space_shuttle::family_004
C:\Users\enzoo\PycharmProjects\orbitshield-CV\orbitshield-acv\dataset\synthetic\space_shuttle\space_shuttle_family_005_var_01.png,space_shuttle,synthetic,synthetic_space_shuttle_family_005_var_01.jpg,synthetic::space_shuttle::family_005
C:\Users\enzoo\PycharmProjects\orbitshield-CV\orbitshield-acv\dataset\synthetic\space_shuttle\space_shuttle_family_005_var_02.png,space_shuttle,synthetic,synthetic_space_shuttle_family_005_var_02.jpg,synthetic::space_shuttle::family_005
C:\Users\enzoo\PycharmProjects\orbitshield-CV\orbitshield-acv\dataset\synthetic\space_shuttle\space_shuttle_family_005_var_03.png,space_shuttle,synthetic,synthetic_space_shuttle_family_005_var_03.jpg,synthetic::space_shuttle::family_005
C:\Users\enzoo\PycharmProjects\orbitshield-CV\orbitshield-acv\dataset\synthetic\space_shuttle\space_shuttle_family_005_var_04.png,space_shuttle,synthetic,synthetic_space_shuttle_family_005_var_04.jpg,synthetic::space_shuttle::family_005
C:\Users\enzoo\PycharmProjects\orbitshield-CV\orbitshield-acv\dataset\synthetic\space_shuttle\space_shuttle_family_005_var_05.png,space_shuttle,synthetic,synthetic_space_shuttle_family_005_var_05.jpg,synthetic::space_shuttle::family_005
C:\Users\enzoo\PycharmProjects\orbitshield-CV\orbitshield-acv\dataset\synthetic\space_shuttle\space_shuttle_family_006_var_01.png,space_shuttle,synthetic,synthetic_space_shuttle_family_006_var_01.jpg,synthetic::space_shuttle::family_006
C:\Users\enzoo\PycharmProjects\orbitshield-CV\orbitshield-acv\dataset\synthetic\space_shuttle\space_shuttle_family_006_var_02.png,space_shuttle,synthetic,synthetic_space_shuttle_family_006_var_02.jpg,synthetic::space_shuttle::family_006
C:\Users\enzoo\PycharmProjects\orbitshield-CV\orbitshield-acv\dataset\synthetic\space_shuttle\space_shuttle_family_006_var_03.png,space_shuttle,synthetic,synthetic_space_shuttle_family_006_var_03.jpg,synthetic::space_shuttle::family_006
C:\Users\enzoo\PycharmProjects\orbitshield-CV\orbitshield-acv\dataset\synthetic\space_shuttle\space_shuttle_family_006_var_04.png,space_shuttle,synthetic,synthetic_space_shuttle_family_006_var_04.jpg,synthetic::space_shuttle::family_006
C:\Users\enzoo\PycharmProjects\orbitshield-CV\orbitshield-acv\dataset\synthetic\space_shuttle\space_shuttle_family_006_var_05.png,space_shuttle,synthetic,synthetic_space_shuttle_family_006_var_05.jpg,synthetic::space_shuttle::family_006
C:\Users\enzoo\PycharmProjects\orbitshield-CV\orbitshield-acv\dataset\synthetic\space_shuttle\space_shuttle_family_007_var_01.png,space_shuttle,synthetic,synthetic_space_shuttle_family_007_var_01.jpg,synthetic::space_shuttle::family_007
C:\Users\enzoo\PycharmProjects\orbitshield-CV\orbitshield-acv\dataset\synthetic\space_shuttle\space_shuttle_family_007_var_02.png,space_shuttle,synthetic,synthetic_space_shuttle_family_007_var_02.jpg,synthetic::space_shuttle::family_007
C:\Users\enzoo\PycharmProjects\orbitshield-CV\orbitshield-acv\dataset\synthetic\space_shuttle\space_shuttle_family_007_var_03.png,space_shuttle,synthetic,synthetic_space_shuttle_family_007_var_03.jpg,synthetic::space_shuttle::family_007
C:\Users\enzoo\PycharmProjects\orbitshield-CV\orbitshield-acv\dataset\synthetic\space_shuttle\space_shuttle_family_007_var_04.png,space_shuttle,synthetic,synthetic_space_shuttle_family_007_var_04.jpg,synthetic::space_shuttle::family_007
C:\Users\enzoo\PycharmProjects\orbitshield-CV\orbitshield-acv\dataset\synthetic\space_shuttle\space_shuttle_family_007_var_05.png,space_shuttle,synthetic,synthetic_space_shuttle_family_007_var_05.jpg,synthetic::space_shuttle::family_007
C:\Users\enzoo\PycharmProjects\orbitshield-CV\orbitshield-acv\dataset\synthetic\space_shuttle\space_shuttle_family_008_var_01.png,space_shuttle,synthetic,synthetic_space_shuttle_family_008_var_01.jpg,synthetic::space_shuttle::family_008
C:\Users\enzoo\PycharmProjects\orbitshield-CV\orbitshield-acv\dataset\synthetic\space_shuttle\space_shuttle_family_008_var_02.png,space_shuttle,synthetic,synthetic_space_shuttle_family_008_var_02.jpg,synthetic::space_shuttle::family_008
C:\Users\enzoo\PycharmProjects\orbitshield-CV\orbitshield-acv\dataset\synthetic\space_shuttle\space_shuttle_family_008_var_03.png,space_shuttle,synthetic,synthetic_space_shuttle_family_008_var_03.jpg,synthetic::space_shuttle::family_008
C:\Users\enzoo\PycharmProjects\orbitshield-CV\orbitshield-acv\dataset\synthetic\space_shuttle\space_shuttle_family_008_var_04.png,space_shuttle,synthetic,synthetic_space_shuttle_family_008_var_04.jpg,synthetic::space_shuttle::family_008
C:\Users\enzoo\PycharmProjects\orbitshield-CV\orbitshield-acv\dataset\synthetic\space_shuttle\space_shuttle_family_008_var_05.png,space_shuttle,synthetic,synthetic_space_shuttle_family_008_var_05.jpg,synthetic::space_shuttle::family_008
C:\Users\enzoo\PycharmProjects\orbitshield-CV\orbitshield-acv\dataset\synthetic\space_shuttle\space_shuttle_family_009_var_01.png,space_shuttle,synthetic,synthetic_space_shuttle_family_009_var_01.jpg,synthetic::space_shuttle::family_009
C:\Users\enzoo\PycharmProjects\orbitshield-CV\orbitshield-acv\dataset\synthetic\space_shuttle\space_shuttle_family_009_var_02.png,space_shuttle,synthetic,synthetic_space_shuttle_family_009_var_02.jpg,synthetic::space_shuttle::family_009
C:\Users\enzoo\PycharmProjects\orbitshield-CV\orbitshield-acv\dataset\synthetic\space_shuttle\space_shuttle_family_009_var_03.png,space_shuttle,synthetic,synthetic_space_shuttle_family_009_var_03.jpg,synthetic::space_shuttle::family_009
C:\Users\enzoo\PycharmProjects\orbitshield-CV\orbitshield-acv\dataset\synthetic\space_shuttle\space_shuttle_family_009_var_04.png,space_shuttle,synthetic,synthetic_space_shuttle_family_009_var_04.jpg,synthetic::space_shuttle::family_009
C:\Users\enzoo\PycharmProjects\orbitshield-CV\orbitshield-acv\dataset\synthetic\space_shuttle\space_shuttle_family_009_var_05.png,space_shuttle,synthetic,synthetic_space_shuttle_family_009_var_05.jpg,synthetic::space_shuttle::family_009
C:\Users\enzoo\PycharmProjects\orbitshield-CV\orbitshield-acv\dataset\synthetic\space_shuttle\space_shuttle_family_010_var_01.png,space_shuttle,synthetic,synthetic_space_shuttle_family_010_var_01.jpg,synthetic::space_shuttle::family_010
C:\Users\enzoo\PycharmProjects\orbitshield-CV\orbitshield-acv\dataset\synthetic\space_shuttle\space_shuttle_family_010_var_02.png,space_shuttle,synthetic,synthetic_space_shuttle_family_010_var_02.jpg,synthetic::space_shuttle::family_010
C:\Users\enzoo\PycharmProjects\orbitshield-CV\orbitshield-acv\dataset\synthetic\space_shuttle\space_shuttle_family_010_var_03.png,space_shuttle,synthetic,synthetic_space_shuttle_family_010_var_03.jpg,synthetic::space_shuttle::family_010
C:\Users\enzoo\PycharmProjects\orbitshield-CV\orbitshield-acv\dataset\synthetic\space_shuttle\space_shuttle_family_010_var_04.png,space_shuttle,synthetic,synthetic_space_shuttle_family_010_var_04.jpg,synthetic::space_shuttle::family_010
C:\Users\enzoo\PycharmProjects\orbitshield-CV\orbitshield-acv\dataset\synthetic\space_shuttle\space_shuttle_family_010_var_05.png,space_shuttle,synthetic,synthetic_space_shuttle_family_010_var_05.jpg,synthetic::space_shuttle::family_010
C:\Users\enzoo\PycharmProjects\orbitshield-CV\orbitshield-acv\dataset\synthetic\space_shuttle\space_shuttle_family_011_var_01.png,space_shuttle,synthetic,synthetic_space_shuttle_family_011_var_01.jpg,synthetic::space_shuttle::family_011
C:\Users\enzoo\PycharmProjects\orbitshield-CV\orbitshield-acv\dataset\synthetic\space_shuttle\space_shuttle_family_011_var_02.png,space_shuttle,synthetic,synthetic_space_shuttle_family_011_var_02.jpg,synthetic::space_shuttle::family_011
C:\Users\enzoo\PycharmProjects\orbitshield-CV\orbitshield-acv\dataset\synthetic\space_shuttle\space_shuttle_family_011_var_03.png,space_shuttle,synthetic,synthetic_space_shuttle_family_011_var_03.jpg,synthetic::space_shuttle::family_011
C:\Users\enzoo\PycharmProjects\orbitshield-CV\orbitshield-acv\dataset\synthetic\space_shuttle\space_shuttle_family_011_var_04.png,space_shuttle,synthetic,synthetic_space_shuttle_family_011_var_04.jpg,synthetic::space_shuttle::family_011
C:\Users\enzoo\PycharmProjects\orbitshield-CV\orbitshield-acv\dataset\synthetic\space_shuttle\space_shuttle_family_011_var_05.png,space_shuttle,synthetic,synthetic_space_shuttle_family_011_var_05.jpg,synthetic::space_shuttle::family_011
C:\Users\enzoo\PycharmProjects\orbitshield-CV\orbitshield-acv\dataset\synthetic\space_shuttle\space_shuttle_family_012_var_01.png,space_shuttle,synthetic,synthetic_space_shuttle_family_012_var_01.jpg,synthetic::space_shuttle::family_012
C:\Users\enzoo\PycharmProjects\orbitshield-CV\orbitshield-acv\dataset\synthetic\space_shuttle\space_shuttle_family_012_var_02.png,space_shuttle,synthetic,synthetic_space_shuttle_family_012_var_02.jpg,synthetic::space_shuttle::family_012
C:\Users\enzoo\PycharmProjects\orbitshield-CV\orbitshield-acv\dataset\synthetic\space_shuttle\space_shuttle_family_012_var_03.png,space_shuttle,synthetic,synthetic_space_shuttle_family_012_var_03.jpg,synthetic::space_shuttle::family_012
C:\Users\enzoo\PycharmProjects\orbitshield-CV\orbitshield-acv\dataset\synthetic\space_shuttle\space_shuttle_family_012_var_04.png,space_shuttle,synthetic,synthetic_space_shuttle_family_012_var_04.jpg,synthetic::space_shuttle::family_012
C:\Users\enzoo\PycharmProjects\orbitshield-CV\orbitshield-acv\dataset\synthetic\space_shuttle\space_shuttle_family_012_var_05.png,space_shuttle,synthetic,synthetic_space_shuttle_family_012_var_05.jpg,synthetic::space_shuttle::family_012
C:\Users\enzoo\PycharmProjects\orbitshield-CV\orbitshield-acv\dataset\synthetic\space_shuttle\space_shuttle_family_013_var_01.png,space_shuttle,synthetic,synthetic_space_shuttle_family_013_var_01.jpg,synthetic::space_shuttle::family_013
C:\Users\enzoo\PycharmProjects\orbitshield-CV\orbitshield-acv\dataset\synthetic\space_shuttle\space_shuttle_family_013_var_02.png,space_shuttle,synthetic,synthetic_space_shuttle_family_013_var_02.jpg,synthetic::space_shuttle::family_013
C:\Users\enzoo\PycharmProjects\orbitshield-CV\orbitshield-acv\dataset\synthetic\space_shuttle\space_shuttle_family_013_var_03.png,space_shuttle,synthetic,synthetic_space_shuttle_family_013_var_03.jpg,synthetic::space_shuttle::family_013
C:\Users\enzoo\PycharmProjects\orbitshield-CV\orbitshield-acv\dataset\synthetic\space_shuttle\space_shuttle_family_013_var_04.png,space_shuttle,synthetic,synthetic_space_shuttle_family_013_var_04.jpg,synthetic::space_shuttle::family_013
C:\Users\enzoo\PycharmProjects\orbitshield-CV\orbitshield-acv\dataset\synthetic\space_shuttle\space_shuttle_family_013_var_05.png,space_shuttle,synthetic,synthetic_space_shuttle_family_013_var_05.jpg,synthetic::space_shuttle::family_013
C:\Users\enzoo\PycharmProjects\orbitshield-CV\orbitshield-acv\dataset\synthetic\space_shuttle\space_shuttle_family_014_var_01.png,space_shuttle,synthetic,synthetic_space_shuttle_family_014_var_01.jpg,synthetic::space_shuttle::family_014
C:\Users\enzoo\PycharmProjects\orbitshield-CV\orbitshield-acv\dataset\synthetic\space_shuttle\space_shuttle_family_014_var_02.png,space_shuttle,synthetic,synthetic_space_shuttle_family_014_var_02.jpg,synthetic::space_shuttle::family_014
C:\Users\enzoo\PycharmProjects\orbitshield-CV\orbitshield-acv\dataset\synthetic\space_shuttle\space_shuttle_family_014_var_03.png,space_shuttle,synthetic,synthetic_space_shuttle_family_014_var_03.jpg,synthetic::space_shuttle::family_014
C:\Users\enzoo\PycharmProjects\orbitshield-CV\orbitshield-acv\dataset\synthetic\space_shuttle\space_shuttle_family_014_var_04.png,space_shuttle,synthetic,synthetic_space_shuttle_family_014_var_04.jpg,synthetic::space_shuttle::family_014
C:\Users\enzoo\PycharmProjects\orbitshield-CV\orbitshield-acv\dataset\synthetic\space_shuttle\space_shuttle_family_014_var_05.png,space_shuttle,synthetic,synthetic_space_shuttle_family_014_var_05.jpg,synthetic::space_shuttle::family_014
C:\Users\enzoo\PycharmProjects\orbitshield-CV\orbitshield-acv\dataset\synthetic\space_shuttle\space_shuttle_family_015_var_01.png,space_shuttle,synthetic,synthetic_space_shuttle_family_015_var_01.jpg,synthetic::space_shuttle::family_015
C:\Users\enzoo\PycharmProjects\orbitshield-CV\orbitshield-acv\dataset\synthetic\space_shuttle\space_shuttle_family_015_var_02.png,space_shuttle,synthetic,synthetic_space_shuttle_family_015_var_02.jpg,synthetic::space_shuttle::family_015
C:\Users\enzoo\PycharmProjects\orbitshield-CV\orbitshield-acv\dataset\synthetic\space_shuttle\space_shuttle_family_015_var_03.png,space_shuttle,synthetic,synthetic_space_shuttle_family_015_var_03.jpg,synthetic::space_shuttle::family_015
C:\Users\enzoo\PycharmProjects\orbitshield-CV\orbitshield-acv\dataset\synthetic\space_shuttle\space_shuttle_family_015_var_04.png,space_shuttle,synthetic,synthetic_space_shuttle_family_015_var_04.jpg,synthetic::space_shuttle::family_015
C:\Users\enzoo\PycharmProjects\orbitshield-CV\orbitshield-acv\dataset\synthetic\space_shuttle\space_shuttle_family_015_var_05.png,space_shuttle,synthetic,synthetic_space_shuttle_family_015_var_05.jpg,synthetic::space_shuttle::family_015
C:\Users\enzoo\PycharmProjects\orbitshield-CV\orbitshield-acv\dataset\synthetic\space_shuttle\space_shuttle_family_016_var_01.png,space_shuttle,synthetic,synthetic_space_shuttle_family_016_var_01.jpg,synthetic::space_shuttle::family_016
C:\Users\enzoo\PycharmProjects\orbitshield-CV\orbitshield-acv\dataset\synthetic\space_shuttle\space_shuttle_family_016_var_02.png,space_shuttle,synthetic,synthetic_space_shuttle_family_016_var_02.jpg,synthetic::space_shuttle::family_016
C:\Users\enzoo\PycharmProjects\orbitshield-CV\orbitshield-acv\dataset\synthetic\space_shuttle\space_shuttle_family_016_var_03.png,space_shuttle,synthetic,synthetic_space_shuttle_family_016_var_03.jpg,synthetic::space_shuttle::family_016
C:\Users\enzoo\PycharmProjects\orbitshield-CV\orbitshield-acv\dataset\synthetic\space_shuttle\space_shuttle_family_016_var_04.png,space_shuttle,synthetic,synthetic_space_shuttle_family_016_var_04.jpg,synthetic::space_shuttle::family_016
C:\Users\enzoo\PycharmProjects\orbitshield-CV\orbitshield-acv\dataset\synthetic\space_shuttle\space_shuttle_family_016_var_05.png,space_shuttle,synthetic,synthetic_space_shuttle_family_016_var_05.jpg,synthetic::space_shuttle::family_016
C:\Users\enzoo\PycharmProjects\orbitshield-CV\orbitshield-acv\dataset\synthetic\space_shuttle\space_shuttle_family_017_var_01.png,space_shuttle,synthetic,synthetic_space_shuttle_family_017_var_01.jpg,synthetic::space_shuttle::family_017
C:\Users\enzoo\PycharmProjects\orbitshield-CV\orbitshield-acv\dataset\synthetic\space_shuttle\space_shuttle_family_017_var_02.png,space_shuttle,synthetic,synthetic_space_shuttle_family_017_var_02.jpg,synthetic::space_shuttle::family_017
C:\Users\enzoo\PycharmProjects\orbitshield-CV\orbitshield-acv\dataset\synthetic\space_shuttle\space_shuttle_family_017_var_03.png,space_shuttle,synthetic,synthetic_space_shuttle_family_017_var_03.jpg,synthetic::space_shuttle::family_017
C:\Users\enzoo\PycharmProjects\orbitshield-CV\orbitshield-acv\dataset\synthetic\space_shuttle\space_shuttle_family_017_var_04.png,space_shuttle,synthetic,synthetic_space_shuttle_family_017_var_04.jpg,synthetic::space_shuttle::family_017
C:\Users\enzoo\PycharmProjects\orbitshield-CV\orbitshield-acv\dataset\synthetic\space_shuttle\space_shuttle_family_017_var_05.png,space_shuttle,synthetic,synthetic_space_shuttle_family_017_var_05.jpg,synthetic::space_shuttle::family_017
C:\Users\enzoo\PycharmProjects\orbitshield-CV\orbitshield-acv\dataset\synthetic\space_shuttle\space_shuttle_family_018_var_01.png,space_shuttle,synthetic,synthetic_space_shuttle_family_018_var_01.jpg,synthetic::space_shuttle::family_018
C:\Users\enzoo\PycharmProjects\orbitshield-CV\orbitshield-acv\dataset\synthetic\space_shuttle\space_shuttle_family_018_var_02.png,space_shuttle,synthetic,synthetic_space_shuttle_family_018_var_02.jpg,synthetic::space_shuttle::family_018
C:\Users\enzoo\PycharmProjects\orbitshield-CV\orbitshield-acv\dataset\synthetic\space_shuttle\space_shuttle_family_018_var_03.png,space_shuttle,synthetic,synthetic_space_shuttle_family_018_var_03.jpg,synthetic::space_shuttle::family_018
C:\Users\enzoo\PycharmProjects\orbitshield-CV\orbitshield-acv\dataset\synthetic\space_shuttle\space_shuttle_family_018_var_04.png,space_shuttle,synthetic,synthetic_space_shuttle_family_018_var_04.jpg,synthetic::space_shuttle::family_018
C:\Users\enzoo\PycharmProjects\orbitshield-CV\orbitshield-acv\dataset\synthetic\space_shuttle\space_shuttle_family_018_var_05.png,space_shuttle,synthetic,synthetic_space_shuttle_family_018_var_05.jpg,synthetic::space_shuttle::family_018
C:\Users\enzoo\PycharmProjects\orbitshield-CV\orbitshield-acv\dataset\synthetic\space_shuttle\space_shuttle_family_019_var_01.png,space_shuttle,synthetic,synthetic_space_shuttle_family_019_var_01.jpg,synthetic::space_shuttle::family_019
C:\Users\enzoo\PycharmProjects\orbitshield-CV\orbitshield-acv\dataset\synthetic\space_shuttle\space_shuttle_family_019_var_02.png,space_shuttle,synthetic,synthetic_space_shuttle_family_019_var_02.jpg,synthetic::space_shuttle::family_019
C:\Users\enzoo\PycharmProjects\orbitshield-CV\orbitshield-acv\dataset\synthetic\space_shuttle\space_shuttle_family_019_var_03.png,space_shuttle,synthetic,synthetic_space_shuttle_family_019_var_03.jpg,synthetic::space_shuttle::family_019
C:\Users\enzoo\PycharmProjects\orbitshield-CV\orbitshield-acv\dataset\synthetic\space_shuttle\space_shuttle_family_019_var_04.png,space_shuttle,synthetic,synthetic_space_shuttle_family_019_var_04.jpg,synthetic::space_shuttle::family_019
C:\Users\enzoo\PycharmProjects\orbitshield-CV\orbitshield-acv\dataset\synthetic\space_shuttle\space_shuttle_family_019_var_05.png,space_shuttle,synthetic,synthetic_space_shuttle_family_019_var_05.jpg,synthetic::space_shuttle::family_019
C:\Users\enzoo\PycharmProjects\orbitshield-CV\orbitshield-acv\dataset\synthetic\space_shuttle\space_shuttle_family_020_var_01.png,space_shuttle,synthetic,synthetic_space_shuttle_family_020_var_01.jpg,synthetic::space_shuttle::family_020
C:\Users\enzoo\PycharmProjects\orbitshield-CV\orbitshield-acv\dataset\synthetic\space_shuttle\space_shuttle_family_020_var_02.png,space_shuttle,synthetic,synthetic_space_shuttle_family_020_var_02.jpg,synthetic::space_shuttle::family_020
C:\Users\enzoo\PycharmProjects\orbitshield-CV\orbitshield-acv\dataset\synthetic\space_shuttle\space_shuttle_family_020_var_03.png,space_shuttle,synthetic,synthetic_space_shuttle_family_020_var_03.jpg,synthetic::space_shuttle::family_020
C:\Users\enzoo\PycharmProjects\orbitshield-CV\orbitshield-acv\dataset\synthetic\space_shuttle\space_shuttle_family_020_var_04.png,space_shuttle,synthetic,synthetic_space_shuttle_family_020_var_04.jpg,synthetic::space_shuttle::family_020
C:\Users\enzoo\PycharmProjects\orbitshield-CV\orbitshield-acv\dataset\synthetic\space_shuttle\space_shuttle_family_020_var_05.png,space_shuttle,synthetic,synthetic_space_shuttle_family_020_var_05.jpg,synthetic::space_shuttle::family_020
C:\Users\enzoo\PycharmProjects\orbitshield-CV\orbitshield-acv\dataset\synthetic\space_shuttle\space_shuttle_family_021_var_01.png,space_shuttle,synthetic,synthetic_space_shuttle_family_021_var_01.jpg,synthetic::space_shuttle::family_021
C:\Users\enzoo\PycharmProjects\orbitshield-CV\orbitshield-acv\dataset\synthetic\space_shuttle\space_shuttle_family_021_var_02.png,space_shuttle,synthetic,synthetic_space_shuttle_family_021_var_02.jpg,synthetic::space_shuttle::family_021
C:\Users\enzoo\PycharmProjects\orbitshield-CV\orbitshield-acv\dataset\synthetic\space_shuttle\space_shuttle_family_021_var_03.png,space_shuttle,synthetic,synthetic_space_shuttle_family_021_var_03.jpg,synthetic::space_shuttle::family_021
C:\Users\enzoo\PycharmProjects\orbitshield-CV\orbitshield-acv\dataset\synthetic\space_shuttle\space_shuttle_family_021_var_04.png,space_shuttle,synthetic,synthetic_space_shuttle_family_021_var_04.jpg,synthetic::space_shuttle::family_021
C:\Users\enzoo\PycharmProjects\orbitshield-CV\orbitshield-acv\dataset\synthetic\space_shuttle\space_shuttle_family_021_var_05.png,space_shuttle,synthetic,synthetic_space_shuttle_family_021_var_05.jpg,synthetic::space_shuttle::family_021
C:\Users\enzoo\PycharmProjects\orbitshield-CV\orbitshield-acv\dataset\synthetic\space_shuttle\space_shuttle_family_022_var_01.png,space_shuttle,synthetic,synthetic_space_shuttle_family_022_var_01.jpg,synthetic::space_shuttle::family_022
C:\Users\enzoo\PycharmProjects\orbitshield-CV\orbitshield-acv\dataset\synthetic\space_shuttle\space_shuttle_family_022_var_02.png,space_shuttle,synthetic,synthetic_space_shuttle_family_022_var_02.jpg,synthetic::space_shuttle::family_022
C:\Users\enzoo\PycharmProjects\orbitshield-CV\orbitshield-acv\dataset\synthetic\space_shuttle\space_shuttle_family_022_var_03.png,space_shuttle,synthetic,synthetic_space_shuttle_family_022_var_03.jpg,synthetic::space_shuttle::family_022
C:\Users\enzoo\PycharmProjects\orbitshield-CV\orbitshield-acv\dataset\synthetic\space_shuttle\space_shuttle_family_022_var_04.png,space_shuttle,synthetic,synthetic_space_shuttle_family_022_var_04.jpg,synthetic::space_shuttle::family_022
C:\Users\enzoo\PycharmProjects\orbitshield-CV\orbitshield-acv\dataset\synthetic\space_shuttle\space_shuttle_family_022_var_05.png,space_shuttle,synthetic,synthetic_space_shuttle_family_022_var_05.jpg,synthetic::space_shuttle::family_022
C:\Users\enzoo\PycharmProjects\orbitshield-CV\orbitshield-acv\dataset\synthetic\space_shuttle\space_shuttle_family_023_var_01.png,space_shuttle,synthetic,synthetic_space_shuttle_family_023_var_01.jpg,synthetic::space_shuttle::family_023
C:\Users\enzoo\PycharmProjects\orbitshield-CV\orbitshield-acv\dataset\synthetic\space_shuttle\space_shuttle_family_023_var_02.png,space_shuttle,synthetic,synthetic_space_shuttle_family_023_var_02.jpg,synthetic::space_shuttle::family_023
C:\Users\enzoo\PycharmProjects\orbitshield-CV\orbitshield-acv\dataset\synthetic\space_shuttle\space_shuttle_family_023_var_03.png,space_shuttle,synthetic,synthetic_space_shuttle_family_023_var_03.jpg,synthetic::space_shuttle::family_023
C:\Users\enzoo\PycharmProjects\orbitshield-CV\orbitshield-acv\dataset\synthetic\space_shuttle\space_shuttle_family_023_var_04.png,space_shuttle,synthetic,synthetic_space_shuttle_family_023_var_04.jpg,synthetic::space_shuttle::family_023
C:\Users\enzoo\PycharmProjects\orbitshield-CV\orbitshield-acv\dataset\synthetic\space_shuttle\space_shuttle_family_023_var_05.png,space_shuttle,synthetic,synthetic_space_shuttle_family_023_var_05.jpg,synthetic::space_shuttle::family_023
C:\Users\enzoo\PycharmProjects\orbitshield-CV\orbitshield-acv\dataset\synthetic\space_shuttle\space_shuttle_family_024_var_01.png,space_shuttle,synthetic,synthetic_space_shuttle_family_024_var_01.jpg,synthetic::space_shuttle::family_024
C:\Users\enzoo\PycharmProjects\orbitshield-CV\orbitshield-acv\dataset\synthetic\space_shuttle\space_shuttle_family_024_var_02.png,space_shuttle,synthetic,synthetic_space_shuttle_family_024_var_02.jpg,synthetic::space_shuttle::family_024
C:\Users\enzoo\PycharmProjects\orbitshield-CV\orbitshield-acv\dataset\synthetic\space_shuttle\space_shuttle_family_024_var_03.png,space_shuttle,synthetic,synthetic_space_shuttle_family_024_var_03.jpg,synthetic::space_shuttle::family_024
C:\Users\enzoo\PycharmProjects\orbitshield-CV\orbitshield-acv\dataset\synthetic\space_shuttle\space_shuttle_family_024_var_04.png,space_shuttle,synthetic,synthetic_space_shuttle_family_024_var_04.jpg,synthetic::space_shuttle::family_024
C:\Users\enzoo\PycharmProjects\orbitshield-CV\orbitshield-acv\dataset\synthetic\space_shuttle\space_shuttle_family_024_var_05.png,space_shuttle,synthetic,synthetic_space_shuttle_family_024_var_05.jpg,synthetic::space_shuttle::family_024
C:\Users\enzoo\PycharmProjects\orbitshield-CV\orbitshield-acv\dataset\synthetic\space_shuttle\space_shuttle_family_025_var_01.png,space_shuttle,synthetic,synthetic_space_shuttle_family_025_var_01.jpg,synthetic::space_shuttle::family_025
C:\Users\enzoo\PycharmProjects\orbitshield-CV\orbitshield-acv\dataset\synthetic\space_shuttle\space_shuttle_family_025_var_02.png,space_shuttle,synthetic,synthetic_space_shuttle_family_025_var_02.jpg,synthetic::space_shuttle::family_025
C:\Users\enzoo\PycharmProjects\orbitshield-CV\orbitshield-acv\dataset\synthetic\space_shuttle\space_shuttle_family_025_var_03.png,space_shuttle,synthetic,synthetic_space_shuttle_family_025_var_03.jpg,synthetic::space_shuttle::family_025
C:\Users\enzoo\PycharmProjects\orbitshield-CV\orbitshield-acv\dataset\synthetic\space_shuttle\space_shuttle_family_025_var_04.png,space_shuttle,synthetic,synthetic_space_shuttle_family_025_var_04.jpg,synthetic::space_shuttle::family_025
C:\Users\enzoo\PycharmProjects\orbitshield-CV\orbitshield-acv\dataset\synthetic\space_shuttle\space_shuttle_family_025_var_05.png,space_shuttle,synthetic,synthetic_space_shuttle_family_025_var_05.jpg,synthetic::space_shuttle::family_025
C:\Users\enzoo\PycharmProjects\orbitshield-CV\orbitshield-acv\dataset\synthetic\space_shuttle\space_shuttle_family_026_var_01.png,space_shuttle,synthetic,synthetic_space_shuttle_family_026_var_01.jpg,synthetic::space_shuttle::family_026
C:\Users\enzoo\PycharmProjects\orbitshield-CV\orbitshield-acv\dataset\synthetic\space_shuttle\space_shuttle_family_026_var_02.png,space_shuttle,synthetic,synthetic_space_shuttle_family_026_var_02.jpg,synthetic::space_shuttle::family_026
C:\Users\enzoo\PycharmProjects\orbitshield-CV\orbitshield-acv\dataset\synthetic\space_shuttle\space_shuttle_family_026_var_03.png,space_shuttle,synthetic,synthetic_space_shuttle_family_026_var_03.jpg,synthetic::space_shuttle::family_026
C:\Users\enzoo\PycharmProjects\orbitshield-CV\orbitshield-acv\dataset\synthetic\space_shuttle\space_shuttle_family_026_var_04.png,space_shuttle,synthetic,synthetic_space_shuttle_family_026_var_04.jpg,synthetic::space_shuttle::family_026
C:\Users\enzoo\PycharmProjects\orbitshield-CV\orbitshield-acv\dataset\synthetic\space_shuttle\space_shuttle_family_026_var_05.png,space_shuttle,synthetic,synthetic_space_shuttle_family_026_var_05.jpg,synthetic::space_shuttle::family_026
C:\Users\enzoo\PycharmProjects\orbitshield-CV\orbitshield-acv\dataset\synthetic\space_shuttle\space_shuttle_family_027_var_01.png,space_shuttle,synthetic,synthetic_space_shuttle_family_027_var_01.jpg,synthetic::space_shuttle::family_027
C:\Users\enzoo\PycharmProjects\orbitshield-CV\orbitshield-acv\dataset\synthetic\space_shuttle\space_shuttle_family_027_var_02.png,space_shuttle,synthetic,synthetic_space_shuttle_family_027_var_02.jpg,synthetic::space_shuttle::family_027
C:\Users\enzoo\PycharmProjects\orbitshield-CV\orbitshield-acv\dataset\synthetic\space_shuttle\space_shuttle_family_027_var_03.png,space_shuttle,synthetic,synthetic_space_shuttle_family_027_var_03.jpg,synthetic::space_shuttle::family_027
C:\Users\enzoo\PycharmProjects\orbitshield-CV\orbitshield-acv\dataset\synthetic\space_shuttle\space_shuttle_family_027_var_04.png,space_shuttle,synthetic,synthetic_space_shuttle_family_027_var_04.jpg,synthetic::space_shuttle::family_027
C:\Users\enzoo\PycharmProjects\orbitshield-CV\orbitshield-acv\dataset\synthetic\space_shuttle\space_shuttle_family_027_var_05.png,space_shuttle,synthetic,synthetic_space_shuttle_family_027_var_05.jpg,synthetic::space_shuttle::family_027
C:\Users\enzoo\PycharmProjects\orbitshield-CV\orbitshield-acv\dataset\synthetic\space_shuttle\space_shuttle_family_028_var_01.png,space_shuttle,synthetic,synthetic_space_shuttle_family_028_var_01.jpg,synthetic::space_shuttle::family_028
C:\Users\enzoo\PycharmProjects\orbitshield-CV\orbitshield-acv\dataset\synthetic\space_shuttle\space_shuttle_family_028_var_02.png,space_shuttle,synthetic,synthetic_space_shuttle_family_028_var_02.jpg,synthetic::space_shuttle::family_028
C:\Users\enzoo\PycharmProjects\orbitshield-CV\orbitshield-acv\dataset\synthetic\space_shuttle\space_shuttle_family_028_var_03.png,space_shuttle,synthetic,synthetic_space_shuttle_family_028_var_03.jpg,synthetic::space_shuttle::family_028
C:\Users\enzoo\PycharmProjects\orbitshield-CV\orbitshield-acv\dataset\synthetic\space_shuttle\space_shuttle_family_028_var_04.png,space_shuttle,synthetic,synthetic_space_shuttle_family_028_var_04.jpg,synthetic::space_shuttle::family_028
C:\Users\enzoo\PycharmProjects\orbitshield-CV\orbitshield-acv\dataset\synthetic\space_shuttle\space_shuttle_family_028_var_05.png,space_shuttle,synthetic,synthetic_space_shuttle_family_028_var_05.jpg,synthetic::space_shuttle::family_028
C:\Users\enzoo\PycharmProjects\orbitshield-CV\orbitshield-acv\dataset\synthetic\space_shuttle\space_shuttle_family_029_var_01.png,space_shuttle,synthetic,synthetic_space_shuttle_family_029_var_01.jpg,synthetic::space_shuttle::family_029
C:\Users\enzoo\PycharmProjects\orbitshield-CV\orbitshield-acv\dataset\synthetic\space_shuttle\space_shuttle_family_029_var_02.png,space_shuttle,synthetic,synthetic_space_shuttle_family_029_var_02.jpg,synthetic::space_shuttle::family_029
C:\Users\enzoo\PycharmProjects\orbitshield-CV\orbitshield-acv\dataset\synthetic\space_shuttle\space_shuttle_family_029_var_03.png,space_shuttle,synthetic,synthetic_space_shuttle_family_029_var_03.jpg,synthetic::space_shuttle::family_029
C:\Users\enzoo\PycharmProjects\orbitshield-CV\orbitshield-acv\dataset\synthetic\space_shuttle\space_shuttle_family_029_var_04.png,space_shuttle,synthetic,synthetic_space_shuttle_family_029_var_04.jpg,synthetic::space_shuttle::family_029
C:\Users\enzoo\PycharmProjects\orbitshield-CV\orbitshield-acv\dataset\synthetic\space_shuttle\space_shuttle_family_029_var_05.png,space_shuttle,synthetic,synthetic_space_shuttle_family_029_var_05.jpg,synthetic::space_shuttle::family_029
C:\Users\enzoo\PycharmProjects\orbitshield-CV\orbitshield-acv\dataset\synthetic\space_shuttle\space_shuttle_family_030_var_01.png,space_shuttle,synthetic,synthetic_space_shuttle_family_030_var_01.jpg,synthetic::space_shuttle::family_030
C:\Users\enzoo\PycharmProjects\orbitshield-CV\orbitshield-acv\dataset\synthetic\space_shuttle\space_shuttle_family_030_var_02.png,space_shuttle,synthetic,synthetic_space_shuttle_family_030_var_02.jpg,synthetic::space_shuttle::family_030
C:\Users\enzoo\PycharmProjects\orbitshield-CV\orbitshield-acv\dataset\synthetic\space_shuttle\space_shuttle_family_030_var_03.png,space_shuttle,synthetic,synthetic_space_shuttle_family_030_var_03.jpg,synthetic::space_shuttle::family_030
C:\Users\enzoo\PycharmProjects\orbitshield-CV\orbitshield-acv\dataset\synthetic\space_shuttle\space_shuttle_family_030_var_04.png,space_shuttle,synthetic,synthetic_space_shuttle_family_030_var_04.jpg,synthetic::space_shuttle::family_030
C:\Users\enzoo\PycharmProjects\orbitshield-CV\orbitshield-acv\dataset\synthetic\space_shuttle\space_shuttle_family_030_var_05.png,space_shuttle,synthetic,synthetic_space_shuttle_family_030_var_05.jpg,synthetic::space_shuttle::family_030
C:\Users\enzoo\PycharmProjects\orbitshield-CV\orbitshield-acv\dataset\synthetic\space_shuttle\space_shuttle_family_031_var_01.png,space_shuttle,synthetic,synthetic_space_shuttle_family_031_var_01.jpg,synthetic::space_shuttle::family_031
C:\Users\enzoo\PycharmProjects\orbitshield-CV\orbitshield-acv\dataset\synthetic\space_shuttle\space_shuttle_family_031_var_02.png,space_shuttle,synthetic,synthetic_space_shuttle_family_031_var_02.jpg,synthetic::space_shuttle::family_031
C:\Users\enzoo\PycharmProjects\orbitshield-CV\orbitshield-acv\dataset\synthetic\space_shuttle\space_shuttle_family_031_var_03.png,space_shuttle,synthetic,synthetic_space_shuttle_family_031_var_03.jpg,synthetic::space_shuttle::family_031
C:\Users\enzoo\PycharmProjects\orbitshield-CV\orbitshield-acv\dataset\synthetic\space_shuttle\space_shuttle_family_031_var_04.png,space_shuttle,synthetic,synthetic_space_shuttle_family_031_var_04.jpg,synthetic::space_shuttle::family_031
C:\Users\enzoo\PycharmProjects\orbitshield-CV\orbitshield-acv\dataset\synthetic\space_shuttle\space_shuttle_family_031_var_05.png,space_shuttle,synthetic,synthetic_space_shuttle_family_031_var_05.jpg,synthetic::space_shuttle::family_031
C:\Users\enzoo\PycharmProjects\orbitshield-CV\orbitshield-acv\dataset\synthetic\space_shuttle\space_shuttle_family_032_var_01.png,space_shuttle,synthetic,synthetic_space_shuttle_family_032_var_01.jpg,synthetic::space_shuttle::family_032
C:\Users\enzoo\PycharmProjects\orbitshield-CV\orbitshield-acv\dataset\synthetic\space_shuttle\space_shuttle_family_032_var_02.png,space_shuttle,synthetic,synthetic_space_shuttle_family_032_var_02.jpg,synthetic::space_shuttle::family_032
C:\Users\enzoo\PycharmProjects\orbitshield-CV\orbitshield-acv\dataset\synthetic\space_shuttle\space_shuttle_family_032_var_03.png,space_shuttle,synthetic,synthetic_space_shuttle_family_032_var_03.jpg,synthetic::space_shuttle::family_032
C:\Users\enzoo\PycharmProjects\orbitshield-CV\orbitshield-acv\dataset\synthetic\space_shuttle\space_shuttle_family_032_var_04.png,space_shuttle,synthetic,synthetic_space_shuttle_family_032_var_04.jpg,synthetic::space_shuttle::family_032
C:\Users\enzoo\PycharmProjects\orbitshield-CV\orbitshield-acv\dataset\synthetic\space_shuttle\space_shuttle_family_032_var_05.png,space_shuttle,synthetic,synthetic_space_shuttle_family_032_var_05.jpg,synthetic::space_shuttle::family_032
C:\Users\enzoo\PycharmProjects\orbitshield-CV\orbitshield-acv\dataset\synthetic\space_shuttle\space_shuttle_family_033_var_01.png,space_shuttle,synthetic,synthetic_space_shuttle_family_033_var_01.jpg,synthetic::space_shuttle::family_033
C:\Users\enzoo\PycharmProjects\orbitshield-CV\orbitshield-acv\dataset\synthetic\space_shuttle\space_shuttle_family_033_var_02.png,space_shuttle,synthetic,synthetic_space_shuttle_family_033_var_02.jpg,synthetic::space_shuttle::family_033
C:\Users\enzoo\PycharmProjects\orbitshield-CV\orbitshield-acv\dataset\synthetic\space_shuttle\space_shuttle_family_033_var_03.png,space_shuttle,synthetic,synthetic_space_shuttle_family_033_var_03.jpg,synthetic::space_shuttle::family_033
C:\Users\enzoo\PycharmProjects\orbitshield-CV\orbitshield-acv\dataset\synthetic\space_shuttle\space_shuttle_family_033_var_04.png,space_shuttle,synthetic,synthetic_space_shuttle_family_033_var_04.jpg,synthetic::space_shuttle::family_033
C:\Users\enzoo\PycharmProjects\orbitshield-CV\orbitshield-acv\dataset\synthetic\space_shuttle\space_shuttle_family_033_var_05.png,space_shuttle,synthetic,synthetic_space_shuttle_family_033_var_05.jpg,synthetic::space_shuttle::family_033
C:\Users\enzoo\PycharmProjects\orbitshield-CV\orbitshield-acv\dataset\synthetic\space_shuttle\space_shuttle_family_034_var_01.png,space_shuttle,synthetic,synthetic_space_shuttle_family_034_var_01.jpg,synthetic::space_shuttle::family_034
C:\Users\enzoo\PycharmProjects\orbitshield-CV\orbitshield-acv\dataset\synthetic\space_shuttle\space_shuttle_family_034_var_02.png,space_shuttle,synthetic,synthetic_space_shuttle_family_034_var_02.jpg,synthetic::space_shuttle::family_034
C:\Users\enzoo\PycharmProjects\orbitshield-CV\orbitshield-acv\dataset\synthetic\space_shuttle\space_shuttle_family_034_var_03.png,space_shuttle,synthetic,synthetic_space_shuttle_family_034_var_03.jpg,synthetic::space_shuttle::family_034
C:\Users\enzoo\PycharmProjects\orbitshield-CV\orbitshield-acv\dataset\synthetic\space_shuttle\space_shuttle_family_034_var_04.png,space_shuttle,synthetic,synthetic_space_shuttle_family_034_var_04.jpg,synthetic::space_shuttle::family_034
C:\Users\enzoo\PycharmProjects\orbitshield-CV\orbitshield-acv\dataset\synthetic\space_shuttle\space_shuttle_family_034_var_05.png,space_shuttle,synthetic,synthetic_space_shuttle_family_034_var_05.jpg,synthetic::space_shuttle::family_034
C:\Users\enzoo\PycharmProjects\orbitshield-CV\orbitshield-acv\dataset\synthetic\space_shuttle\space_shuttle_family_035_var_01.png,space_shuttle,synthetic,synthetic_space_shuttle_family_035_var_01.jpg,synthetic::space_shuttle::family_035
C:\Users\enzoo\PycharmProjects\orbitshield-CV\orbitshield-acv\dataset\synthetic\space_shuttle\space_shuttle_family_035_var_02.png,space_shuttle,synthetic,synthetic_space_shuttle_family_035_var_02.jpg,synthetic::space_shuttle::family_035
C:\Users\enzoo\PycharmProjects\orbitshield-CV\orbitshield-acv\dataset\synthetic\space_shuttle\space_shuttle_family_035_var_03.png,space_shuttle,synthetic,synthetic_space_shuttle_family_035_var_03.jpg,synthetic::space_shuttle::family_035
C:\Users\enzoo\PycharmProjects\orbitshield-CV\orbitshield-acv\dataset\synthetic\space_shuttle\space_shuttle_family_035_var_04.png,space_shuttle,synthetic,synthetic_space_shuttle_family_035_var_04.jpg,synthetic::space_shuttle::family_035
C:\Users\enzoo\PycharmProjects\orbitshield-CV\orbitshield-acv\dataset\synthetic\space_shuttle\space_shuttle_family_035_var_05.png,space_shuttle,synthetic,synthetic_space_shuttle_family_035_var_05.jpg,synthetic::space_shuttle::family_035
C:\Users\enzoo\PycharmProjects\orbitshield-CV\orbitshield-acv\dataset\synthetic\space_shuttle\space_shuttle_family_036_var_01.png,space_shuttle,synthetic,synthetic_space_shuttle_family_036_var_01.jpg,synthetic::space_shuttle::family_036
C:\Users\enzoo\PycharmProjects\orbitshield-CV\orbitshield-acv\dataset\synthetic\space_shuttle\space_shuttle_family_036_var_02.png,space_shuttle,synthetic,synthetic_space_shuttle_family_036_var_02.jpg,synthetic::space_shuttle::family_036
C:\Users\enzoo\PycharmProjects\orbitshield-CV\orbitshield-acv\dataset\synthetic\space_shuttle\space_shuttle_family_036_var_03.png,space_shuttle,synthetic,synthetic_space_shuttle_family_036_var_03.jpg,synthetic::space_shuttle::family_036
C:\Users\enzoo\PycharmProjects\orbitshield-CV\orbitshield-acv\dataset\synthetic\space_shuttle\space_shuttle_family_036_var_04.png,space_shuttle,synthetic,synthetic_space_shuttle_family_036_var_04.jpg,synthetic::space_shuttle::family_036
C:\Users\enzoo\PycharmProjects\orbitshield-CV\orbitshield-acv\dataset\synthetic\space_shuttle\space_shuttle_family_036_var_05.png,space_shuttle,synthetic,synthetic_space_shuttle_family_036_var_05.jpg,synthetic::space_shuttle::family_036
C:\Users\enzoo\PycharmProjects\orbitshield-CV\orbitshield-acv\dataset\synthetic\space_shuttle\space_shuttle_family_037_var_01.png,space_shuttle,synthetic,synthetic_space_shuttle_family_037_var_01.jpg,synthetic::space_shuttle::family_037
C:\Users\enzoo\PycharmProjects\orbitshield-CV\orbitshield-acv\dataset\synthetic\space_shuttle\space_shuttle_family_037_var_02.png,space_shuttle,synthetic,synthetic_space_shuttle_family_037_var_02.jpg,synthetic::space_shuttle::family_037
C:\Users\enzoo\PycharmProjects\orbitshield-CV\orbitshield-acv\dataset\synthetic\space_shuttle\space_shuttle_family_037_var_03.png,space_shuttle,synthetic,synthetic_space_shuttle_family_037_var_03.jpg,synthetic::space_shuttle::family_037
C:\Users\enzoo\PycharmProjects\orbitshield-CV\orbitshield-acv\dataset\synthetic\space_shuttle\space_shuttle_family_037_var_04.png,space_shuttle,synthetic,synthetic_space_shuttle_family_037_var_04.jpg,synthetic::space_shuttle::family_037
C:\Users\enzoo\PycharmProjects\orbitshield-CV\orbitshield-acv\dataset\synthetic\space_shuttle\space_shuttle_family_037_var_05.png,space_shuttle,synthetic,synthetic_space_shuttle_family_037_var_05.jpg,synthetic::space_shuttle::family_037
C:\Users\enzoo\PycharmProjects\orbitshield-CV\orbitshield-acv\dataset\synthetic\space_shuttle\space_shuttle_family_038_var_01.png,space_shuttle,synthetic,synthetic_space_shuttle_family_038_var_01.jpg,synthetic::space_shuttle::family_038
C:\Users\enzoo\PycharmProjects\orbitshield-CV\orbitshield-acv\dataset\synthetic\space_shuttle\space_shuttle_family_038_var_02.png,space_shuttle,synthetic,synthetic_space_shuttle_family_038_var_02.jpg,synthetic::space_shuttle::family_038
C:\Users\enzoo\PycharmProjects\orbitshield-CV\orbitshield-acv\dataset\synthetic\space_shuttle\space_shuttle_family_038_var_03.png,space_shuttle,synthetic,synthetic_space_shuttle_family_038_var_03.jpg,synthetic::space_shuttle::family_038
C:\Users\enzoo\PycharmProjects\orbitshield-CV\orbitshield-acv\dataset\synthetic\space_shuttle\space_shuttle_family_038_var_04.png,space_shuttle,synthetic,synthetic_space_shuttle_family_038_var_04.jpg,synthetic::space_shuttle::family_038
C:\Users\enzoo\PycharmProjects\orbitshield-CV\orbitshield-acv\dataset\synthetic\space_shuttle\space_shuttle_family_038_var_05.png,space_shuttle,synthetic,synthetic_space_shuttle_family_038_var_05.jpg,synthetic::space_shuttle::family_038
C:\Users\enzoo\PycharmProjects\orbitshield-CV\orbitshield-acv\dataset\synthetic\space_shuttle\space_shuttle_family_039_var_01.png,space_shuttle,synthetic,synthetic_space_shuttle_family_039_var_01.jpg,synthetic::space_shuttle::family_039
C:\Users\enzoo\PycharmProjects\orbitshield-CV\orbitshield-acv\dataset\synthetic\space_shuttle\space_shuttle_family_039_var_02.png,space_shuttle,synthetic,synthetic_space_shuttle_family_039_var_02.jpg,synthetic::space_shuttle::family_039
C:\Users\enzoo\PycharmProjects\orbitshield-CV\orbitshield-acv\dataset\synthetic\space_shuttle\space_shuttle_family_039_var_03.png,space_shuttle,synthetic,synthetic_space_shuttle_family_039_var_03.jpg,synthetic::space_shuttle::family_039
C:\Users\enzoo\PycharmProjects\orbitshield-CV\orbitshield-acv\dataset\synthetic\space_shuttle\space_shuttle_family_039_var_04.png,space_shuttle,synthetic,synthetic_space_shuttle_family_039_var_04.jpg,synthetic::space_shuttle::family_039
C:\Users\enzoo\PycharmProjects\orbitshield-CV\orbitshield-acv\dataset\synthetic\space_shuttle\space_shuttle_family_039_var_05.png,space_shuttle,synthetic,synthetic_space_shuttle_family_039_var_05.jpg,synthetic::space_shuttle::family_039
C:\Users\enzoo\PycharmProjects\orbitshield-CV\orbitshield-acv\dataset\synthetic\space_shuttle\space_shuttle_family_040_var_01.png,space_shuttle,synthetic,synthetic_space_shuttle_family_040_var_01.jpg,synthetic::space_shuttle::family_040
C:\Users\enzoo\PycharmProjects\orbitshield-CV\orbitshield-acv\dataset\synthetic\space_shuttle\space_shuttle_family_040_var_02.png,space_shuttle,synthetic,synthetic_space_shuttle_family_040_var_02.jpg,synthetic::space_shuttle::family_040
C:\Users\enzoo\PycharmProjects\orbitshield-CV\orbitshield-acv\dataset\synthetic\space_shuttle\space_shuttle_family_040_var_03.png,space_shuttle,synthetic,synthetic_space_shuttle_family_040_var_03.jpg,synthetic::space_shuttle::family_040
C:\Users\enzoo\PycharmProjects\orbitshield-CV\orbitshield-acv\dataset\synthetic\space_shuttle\space_shuttle_family_040_var_04.png,space_shuttle,synthetic,synthetic_space_shuttle_family_040_var_04.jpg,synthetic::space_shuttle::family_040
C:\Users\enzoo\PycharmProjects\orbitshield-CV\orbitshield-acv\dataset\synthetic\space_shuttle\space_shuttle_family_040_var_05.png,space_shuttle,synthetic,synthetic_space_shuttle_family_040_var_05.jpg,synthetic::space_shuttle::family_040
C:\Users\enzoo\PycharmProjects\orbitshield-CV\orbitshield-acv\dataset\synthetic\space_shuttle\space_shuttle_family_041_var_01.png,space_shuttle,synthetic,synthetic_space_shuttle_family_041_var_01.jpg,synthetic::space_shuttle::family_041
C:\Users\enzoo\PycharmProjects\orbitshield-CV\orbitshield-acv\dataset\synthetic\space_shuttle\space_shuttle_family_041_var_02.png,space_shuttle,synthetic,synthetic_space_shuttle_family_041_var_02.jpg,synthetic::space_shuttle::family_041
C:\Users\enzoo\PycharmProjects\orbitshield-CV\orbitshield-acv\dataset\synthetic\space_shuttle\space_shuttle_family_041_var_03.png,space_shuttle,synthetic,synthetic_space_shuttle_family_041_var_03.jpg,synthetic::space_shuttle::family_041
C:\Users\enzoo\PycharmProjects\orbitshield-CV\orbitshield-acv\dataset\synthetic\space_shuttle\space_shuttle_family_041_var_04.png,space_shuttle,synthetic,synthetic_space_shuttle_family_041_var_04.jpg,synthetic::space_shuttle::family_041
C:\Users\enzoo\PycharmProjects\orbitshield-CV\orbitshield-acv\dataset\synthetic\space_shuttle\space_shuttle_family_041_var_05.png,space_shuttle,synthetic,synthetic_space_shuttle_family_041_var_05.jpg,synthetic::space_shuttle::family_041
C:\Users\enzoo\PycharmProjects\orbitshield-CV\orbitshield-acv\dataset\synthetic\space_shuttle\space_shuttle_family_042_var_01.png,space_shuttle,synthetic,synthetic_space_shuttle_family_042_var_01.jpg,synthetic::space_shuttle::family_042
C:\Users\enzoo\PycharmProjects\orbitshield-CV\orbitshield-acv\dataset\synthetic\space_shuttle\space_shuttle_family_042_var_02.png,space_shuttle,synthetic,synthetic_space_shuttle_family_042_var_02.jpg,synthetic::space_shuttle::family_042
C:\Users\enzoo\PycharmProjects\orbitshield-CV\orbitshield-acv\dataset\synthetic\space_shuttle\space_shuttle_family_042_var_03.png,space_shuttle,synthetic,synthetic_space_shuttle_family_042_var_03.jpg,synthetic::space_shuttle::family_042
C:\Users\enzoo\PycharmProjects\orbitshield-CV\orbitshield-acv\dataset\synthetic\space_shuttle\space_shuttle_family_042_var_04.png,space_shuttle,synthetic,synthetic_space_shuttle_family_042_var_04.jpg,synthetic::space_shuttle::family_042
C:\Users\enzoo\PycharmProjects\orbitshield-CV\orbitshield-acv\dataset\synthetic\space_shuttle\space_shuttle_family_042_var_05.png,space_shuttle,synthetic,synthetic_space_shuttle_family_042_var_05.jpg,synthetic::space_shuttle::family_042
C:\Users\enzoo\PycharmProjects\orbitshield-CV\orbitshield-acv\dataset\synthetic\space_shuttle\space_shuttle_family_043_var_01.png,space_shuttle,synthetic,synthetic_space_shuttle_family_043_var_01.jpg,synthetic::space_shuttle::family_043
C:\Users\enzoo\PycharmProjects\orbitshield-CV\orbitshield-acv\dataset\synthetic\space_shuttle\space_shuttle_family_043_var_02.png,space_shuttle,synthetic,synthetic_space_shuttle_family_043_var_02.jpg,synthetic::space_shuttle::family_043
C:\Users\enzoo\PycharmProjects\orbitshield-CV\orbitshield-acv\dataset\synthetic\space_shuttle\space_shuttle_family_043_var_03.png,space_shuttle,synthetic,synthetic_space_shuttle_family_043_var_03.jpg,synthetic::space_shuttle::family_043
C:\Users\enzoo\PycharmProjects\orbitshield-CV\orbitshield-acv\dataset\synthetic\space_shuttle\space_shuttle_family_043_var_04.png,space_shuttle,synthetic,synthetic_space_shuttle_family_043_var_04.jpg,synthetic::space_shuttle::family_043
C:\Users\enzoo\PycharmProjects\orbitshield-CV\orbitshield-acv\dataset\synthetic\space_shuttle\space_shuttle_family_043_var_05.png,space_shuttle,synthetic,synthetic_space_shuttle_family_043_var_05.jpg,synthetic::space_shuttle::family_043
C:\Users\enzoo\PycharmProjects\orbitshield-CV\orbitshield-acv\dataset\synthetic\space_shuttle\space_shuttle_family_044_var_01.png,space_shuttle,synthetic,synthetic_space_shuttle_family_044_var_01.jpg,synthetic::space_shuttle::family_044
C:\Users\enzoo\PycharmProjects\orbitshield-CV\orbitshield-acv\dataset\synthetic\space_shuttle\space_shuttle_family_044_var_02.png,space_shuttle,synthetic,synthetic_space_shuttle_family_044_var_02.jpg,synthetic::space_shuttle::family_044
C:\Users\enzoo\PycharmProjects\orbitshield-CV\orbitshield-acv\dataset\synthetic\space_shuttle\space_shuttle_family_044_var_03.png,space_shuttle,synthetic,synthetic_space_shuttle_family_044_var_03.jpg,synthetic::space_shuttle::family_044
C:\Users\enzoo\PycharmProjects\orbitshield-CV\orbitshield-acv\dataset\synthetic\space_shuttle\space_shuttle_family_044_var_04.png,space_shuttle,synthetic,synthetic_space_shuttle_family_044_var_04.jpg,synthetic::space_shuttle::family_044
C:\Users\enzoo\PycharmProjects\orbitshield-CV\orbitshield-acv\dataset\synthetic\space_shuttle\space_shuttle_family_044_var_05.png,space_shuttle,synthetic,synthetic_space_shuttle_family_044_var_05.jpg,synthetic::space_shuttle::family_044
C:\Users\enzoo\PycharmProjects\orbitshield-CV\orbitshield-acv\dataset\synthetic\space_shuttle\space_shuttle_family_045_var_01.png,space_shuttle,synthetic,synthetic_space_shuttle_family_045_var_01.jpg,synthetic::space_shuttle::family_045
C:\Users\enzoo\PycharmProjects\orbitshield-CV\orbitshield-acv\dataset\synthetic\space_shuttle\space_shuttle_family_045_var_02.png,space_shuttle,synthetic,synthetic_space_shuttle_family_045_var_02.jpg,synthetic::space_shuttle::family_045
C:\Users\enzoo\PycharmProjects\orbitshield-CV\orbitshield-acv\dataset\synthetic\space_shuttle\space_shuttle_family_045_var_03.png,space_shuttle,synthetic,synthetic_space_shuttle_family_045_var_03.jpg,synthetic::space_shuttle::family_045
C:\Users\enzoo\PycharmProjects\orbitshield-CV\orbitshield-acv\dataset\synthetic\space_shuttle\space_shuttle_family_045_var_04.png,space_shuttle,synthetic,synthetic_space_shuttle_family_045_var_04.jpg,synthetic::space_shuttle::family_045
C:\Users\enzoo\PycharmProjects\orbitshield-CV\orbitshield-acv\dataset\synthetic\space_shuttle\space_shuttle_family_045_var_05.png,space_shuttle,synthetic,synthetic_space_shuttle_family_045_var_05.jpg,synthetic::space_shuttle::family_045
C:\Users\enzoo\PycharmProjects\orbitshield-CV\orbitshield-acv\dataset\synthetic\space_shuttle\space_shuttle_family_046_var_01.png,space_shuttle,synthetic,synthetic_space_shuttle_family_046_var_01.jpg,synthetic::space_shuttle::family_046
C:\Users\enzoo\PycharmProjects\orbitshield-CV\orbitshield-acv\dataset\synthetic\space_shuttle\space_shuttle_family_046_var_02.png,space_shuttle,synthetic,synthetic_space_shuttle_family_046_var_02.jpg,synthetic::space_shuttle::family_046
C:\Users\enzoo\PycharmProjects\orbitshield-CV\orbitshield-acv\dataset\synthetic\space_shuttle\space_shuttle_family_046_var_03.png,space_shuttle,synthetic,synthetic_space_shuttle_family_046_var_03.jpg,synthetic::space_shuttle::family_046
C:\Users\enzoo\PycharmProjects\orbitshield-CV\orbitshield-acv\dataset\synthetic\space_shuttle\space_shuttle_family_046_var_04.png,space_shuttle,synthetic,synthetic_space_shuttle_family_046_var_04.jpg,synthetic::space_shuttle::family_046
C:\Users\enzoo\PycharmProjects\orbitshield-CV\orbitshield-acv\dataset\synthetic\space_shuttle\space_shuttle_family_046_var_05.png,space_shuttle,synthetic,synthetic_space_shuttle_family_046_var_05.jpg,synthetic::space_shuttle::family_046
C:\Users\enzoo\PycharmProjects\orbitshield-CV\orbitshield-acv\dataset\synthetic\space_shuttle\space_shuttle_family_047_var_01.png,space_shuttle,synthetic,synthetic_space_shuttle_family_047_var_01.jpg,synthetic::space_shuttle::family_047
C:\Users\enzoo\PycharmProjects\orbitshield-CV\orbitshield-acv\dataset\synthetic\space_shuttle\space_shuttle_family_047_var_02.png,space_shuttle,synthetic,synthetic_space_shuttle_family_047_var_02.jpg,synthetic::space_shuttle::family_047
C:\Users\enzoo\PycharmProjects\orbitshield-CV\orbitshield-acv\dataset\synthetic\space_shuttle\space_shuttle_family_047_var_03.png,space_shuttle,synthetic,synthetic_space_shuttle_family_047_var_03.jpg,synthetic::space_shuttle::family_047
C:\Users\enzoo\PycharmProjects\orbitshield-CV\orbitshield-acv\dataset\synthetic\space_shuttle\space_shuttle_family_047_var_04.png,space_shuttle,synthetic,synthetic_space_shuttle_family_047_var_04.jpg,synthetic::space_shuttle::family_047
C:\Users\enzoo\PycharmProjects\orbitshield-CV\orbitshield-acv\dataset\synthetic\space_shuttle\space_shuttle_family_047_var_05.png,space_shuttle,synthetic,synthetic_space_shuttle_family_047_var_05.jpg,synthetic::space_shuttle::family_047
C:\Users\enzoo\PycharmProjects\orbitshield-CV\orbitshield-acv\dataset\synthetic\space_shuttle\space_shuttle_family_048_var_01.png,space_shuttle,synthetic,synthetic_space_shuttle_family_048_var_01.jpg,synthetic::space_shuttle::family_048
C:\Users\enzoo\PycharmProjects\orbitshield-CV\orbitshield-acv\dataset\synthetic\space_shuttle\space_shuttle_family_048_var_02.png,space_shuttle,synthetic,synthetic_space_shuttle_family_048_var_02.jpg,synthetic::space_shuttle::family_048
C:\Users\enzoo\PycharmProjects\orbitshield-CV\orbitshield-acv\dataset\synthetic\space_shuttle\space_shuttle_family_048_var_03.png,space_shuttle,synthetic,synthetic_space_shuttle_family_048_var_03.jpg,synthetic::space_shuttle::family_048
C:\Users\enzoo\PycharmProjects\orbitshield-CV\orbitshield-acv\dataset\synthetic\space_shuttle\space_shuttle_family_048_var_04.png,space_shuttle,synthetic,synthetic_space_shuttle_family_048_var_04.jpg,synthetic::space_shuttle::family_048
C:\Users\enzoo\PycharmProjects\orbitshield-CV\orbitshield-acv\dataset\synthetic\space_shuttle\space_shuttle_family_048_var_05.png,space_shuttle,synthetic,synthetic_space_shuttle_family_048_var_05.jpg,synthetic::space_shuttle::family_048
C:\Users\enzoo\PycharmProjects\orbitshield-CV\orbitshield-acv\dataset\synthetic\space_shuttle\space_shuttle_family_049_var_01.png,space_shuttle,synthetic,synthetic_space_shuttle_family_049_var_01.jpg,synthetic::space_shuttle::family_049
C:\Users\enzoo\PycharmProjects\orbitshield-CV\orbitshield-acv\dataset\synthetic\space_shuttle\space_shuttle_family_049_var_02.png,space_shuttle,synthetic,synthetic_space_shuttle_family_049_var_02.jpg,synthetic::space_shuttle::family_049
C:\Users\enzoo\PycharmProjects\orbitshield-CV\orbitshield-acv\dataset\synthetic\space_shuttle\space_shuttle_family_049_var_03.png,space_shuttle,synthetic,synthetic_space_shuttle_family_049_var_03.jpg,synthetic::space_shuttle::family_049
C:\Users\enzoo\PycharmProjects\orbitshield-CV\orbitshield-acv\dataset\synthetic\space_shuttle\space_shuttle_family_049_var_04.png,space_shuttle,synthetic,synthetic_space_shuttle_family_049_var_04.jpg,synthetic::space_shuttle::family_049
C:\Users\enzoo\PycharmProjects\orbitshield-CV\orbitshield-acv\dataset\synthetic\space_shuttle\space_shuttle_family_049_var_05.png,space_shuttle,synthetic,synthetic_space_shuttle_family_049_var_05.jpg,synthetic::space_shuttle::family_049
C:\Users\enzoo\PycharmProjects\orbitshield-CV\orbitshield-acv\dataset\synthetic\space_shuttle\space_shuttle_family_050_var_01.png,space_shuttle,synthetic,synthetic_space_shuttle_family_050_var_01.jpg,synthetic::space_shuttle::family_050
C:\Users\enzoo\PycharmProjects\orbitshield-CV\orbitshield-acv\dataset\synthetic\space_shuttle\space_shuttle_family_050_var_02.png,space_shuttle,synthetic,synthetic_space_shuttle_family_050_var_02.jpg,synthetic::space_shuttle::family_050
C:\Users\enzoo\PycharmProjects\orbitshield-CV\orbitshield-acv\dataset\synthetic\space_shuttle\space_shuttle_family_050_var_03.png,space_shuttle,synthetic,synthetic_space_shuttle_family_050_var_03.jpg,synthetic::space_shuttle::family_050
C:\Users\enzoo\PycharmProjects\orbitshield-CV\orbitshield-acv\dataset\synthetic\space_shuttle\space_shuttle_family_050_var_04.png,space_shuttle,synthetic,synthetic_space_shuttle_family_050_var_04.jpg,synthetic::space_shuttle::family_050
C:\Users\enzoo\PycharmProjects\orbitshield-CV\orbitshield-acv\dataset\synthetic\space_shuttle\space_shuttle_family_050_var_05.png,space_shuttle,synthetic,synthetic_space_shuttle_family_050_var_05.jpg,synthetic::space_shuttle::family_050
C:\Users\enzoo\PycharmProjects\orbitshield-CV\orbitshield-acv\dataset\synthetic\space_shuttle\space_shuttle_family_051_var_01.png,space_shuttle,synthetic,synthetic_space_shuttle_family_051_var_01.jpg,synthetic::space_shuttle::family_051
C:\Users\enzoo\PycharmProjects\orbitshield-CV\orbitshield-acv\dataset\synthetic\space_shuttle\space_shuttle_family_051_var_02.png,space_shuttle,synthetic,synthetic_space_shuttle_family_051_var_02.jpg,synthetic::space_shuttle::family_051
C:\Users\enzoo\PycharmProjects\orbitshield-CV\orbitshield-acv\dataset\synthetic\space_shuttle\space_shuttle_family_051_var_03.png,space_shuttle,synthetic,synthetic_space_shuttle_family_051_var_03.jpg,synthetic::space_shuttle::family_051
C:\Users\enzoo\PycharmProjects\orbitshield-CV\orbitshield-acv\dataset\synthetic\space_shuttle\space_shuttle_family_051_var_04.png,space_shuttle,synthetic,synthetic_space_shuttle_family_051_var_04.jpg,synthetic::space_shuttle::family_051
C:\Users\enzoo\PycharmProjects\orbitshield-CV\orbitshield-acv\dataset\synthetic\space_shuttle\space_shuttle_family_051_var_05.png,space_shuttle,synthetic,synthetic_space_shuttle_family_051_var_05.jpg,synthetic::space_shuttle::family_051
C:\Users\enzoo\PycharmProjects\orbitshield-CV\orbitshield-acv\dataset\synthetic\space_shuttle\space_shuttle_family_052_var_01.png,space_shuttle,synthetic,synthetic_space_shuttle_family_052_var_01.jpg,synthetic::space_shuttle::family_052
C:\Users\enzoo\PycharmProjects\orbitshield-CV\orbitshield-acv\dataset\synthetic\space_shuttle\space_shuttle_family_052_var_02.png,space_shuttle,synthetic,synthetic_space_shuttle_family_052_var_02.jpg,synthetic::space_shuttle::family_052
C:\Users\enzoo\PycharmProjects\orbitshield-CV\orbitshield-acv\dataset\synthetic\space_shuttle\space_shuttle_family_052_var_03.png,space_shuttle,synthetic,synthetic_space_shuttle_family_052_var_03.jpg,synthetic::space_shuttle::family_052
C:\Users\enzoo\PycharmProjects\orbitshield-CV\orbitshield-acv\dataset\synthetic\space_shuttle\space_shuttle_family_052_var_04.png,space_shuttle,synthetic,synthetic_space_shuttle_family_052_var_04.jpg,synthetic::space_shuttle::family_052
C:\Users\enzoo\PycharmProjects\orbitshield-CV\orbitshield-acv\dataset\synthetic\space_shuttle\space_shuttle_family_052_var_05.png,space_shuttle,synthetic,synthetic_space_shuttle_family_052_var_05.jpg,synthetic::space_shuttle::family_052
C:\Users\enzoo\PycharmProjects\orbitshield-CV\orbitshield-acv\dataset\synthetic\space_shuttle\space_shuttle_family_053_var_01.png,space_shuttle,synthetic,synthetic_space_shuttle_family_053_var_01.jpg,synthetic::space_shuttle::family_053
C:\Users\enzoo\PycharmProjects\orbitshield-CV\orbitshield-acv\dataset\synthetic\space_shuttle\space_shuttle_family_053_var_02.png,space_shuttle,synthetic,synthetic_space_shuttle_family_053_var_02.jpg,synthetic::space_shuttle::family_053
C:\Users\enzoo\PycharmProjects\orbitshield-CV\orbitshield-acv\dataset\synthetic\space_shuttle\space_shuttle_family_053_var_03.png,space_shuttle,synthetic,synthetic_space_shuttle_family_053_var_03.jpg,synthetic::space_shuttle::family_053
C:\Users\enzoo\PycharmProjects\orbitshield-CV\orbitshield-acv\dataset\synthetic\space_shuttle\space_shuttle_family_053_var_04.png,space_shuttle,synthetic,synthetic_space_shuttle_family_053_var_04.jpg,synthetic::space_shuttle::family_053
C:\Users\enzoo\PycharmProjects\orbitshield-CV\orbitshield-acv\dataset\synthetic\space_shuttle\space_shuttle_family_053_var_05.png,space_shuttle,synthetic,synthetic_space_shuttle_family_053_var_05.jpg,synthetic::space_shuttle::family_053
C:\Users\enzoo\PycharmProjects\orbitshield-CV\orbitshield-acv\dataset\synthetic\space_shuttle\space_shuttle_family_054_var_01.png,space_shuttle,synthetic,synthetic_space_shuttle_family_054_var_01.jpg,synthetic::space_shuttle::family_054
C:\Users\enzoo\PycharmProjects\orbitshield-CV\orbitshield-acv\dataset\synthetic\space_shuttle\space_shuttle_family_054_var_02.png,space_shuttle,synthetic,synthetic_space_shuttle_family_054_var_02.jpg,synthetic::space_shuttle::family_054
C:\Users\enzoo\PycharmProjects\orbitshield-CV\orbitshield-acv\dataset\synthetic\space_shuttle\space_shuttle_family_054_var_03.png,space_shuttle,synthetic,synthetic_space_shuttle_family_054_var_03.jpg,synthetic::space_shuttle::family_054
C:\Users\enzoo\PycharmProjects\orbitshield-CV\orbitshield-acv\dataset\synthetic\space_shuttle\space_shuttle_family_054_var_04.png,space_shuttle,synthetic,synthetic_space_shuttle_family_054_var_04.jpg,synthetic::space_shuttle::family_054
C:\Users\enzoo\PycharmProjects\orbitshield-CV\orbitshield-acv\dataset\synthetic\space_shuttle\space_shuttle_family_054_var_05.png,space_shuttle,synthetic,synthetic_space_shuttle_family_054_var_05.jpg,synthetic::space_shuttle::family_054
C:\Users\enzoo\PycharmProjects\orbitshield-CV\orbitshield-acv\dataset\synthetic\space_shuttle\space_shuttle_family_055_var_01.png,space_shuttle,synthetic,synthetic_space_shuttle_family_055_var_01.jpg,synthetic::space_shuttle::family_055
C:\Users\enzoo\PycharmProjects\orbitshield-CV\orbitshield-acv\dataset\synthetic\space_shuttle\space_shuttle_family_055_var_02.png,space_shuttle,synthetic,synthetic_space_shuttle_family_055_var_02.jpg,synthetic::space_shuttle::family_055
C:\Users\enzoo\PycharmProjects\orbitshield-CV\orbitshield-acv\dataset\synthetic\space_shuttle\space_shuttle_family_055_var_03.png,space_shuttle,synthetic,synthetic_space_shuttle_family_055_var_03.jpg,synthetic::space_shuttle::family_055
C:\Users\enzoo\PycharmProjects\orbitshield-CV\orbitshield-acv\dataset\synthetic\space_shuttle\space_shuttle_family_055_var_04.png,space_shuttle,synthetic,synthetic_space_shuttle_family_055_var_04.jpg,synthetic::space_shuttle::family_055
C:\Users\enzoo\PycharmProjects\orbitshield-CV\orbitshield-acv\dataset\synthetic\space_shuttle\space_shuttle_family_055_var_05.png,space_shuttle,synthetic,synthetic_space_shuttle_family_055_var_05.jpg,synthetic::space_shuttle::family_055
C:\Users\enzoo\PycharmProjects\orbitshield-CV\orbitshield-acv\dataset\synthetic\space_shuttle\space_shuttle_family_056_var_01.png,space_shuttle,synthetic,synthetic_space_shuttle_family_056_var_01.jpg,synthetic::space_shuttle::family_056
C:\Users\enzoo\PycharmProjects\orbitshield-CV\orbitshield-acv\dataset\synthetic\space_shuttle\space_shuttle_family_056_var_02.png,space_shuttle,synthetic,synthetic_space_shuttle_family_056_var_02.jpg,synthetic::space_shuttle::family_056
C:\Users\enzoo\PycharmProjects\orbitshield-CV\orbitshield-acv\dataset\synthetic\space_shuttle\space_shuttle_family_056_var_03.png,space_shuttle,synthetic,synthetic_space_shuttle_family_056_var_03.jpg,synthetic::space_shuttle::family_056
C:\Users\enzoo\PycharmProjects\orbitshield-CV\orbitshield-acv\dataset\synthetic\space_shuttle\space_shuttle_family_056_var_04.png,space_shuttle,synthetic,synthetic_space_shuttle_family_056_var_04.jpg,synthetic::space_shuttle::family_056
C:\Users\enzoo\PycharmProjects\orbitshield-CV\orbitshield-acv\dataset\synthetic\space_shuttle\space_shuttle_family_056_var_05.png,space_shuttle,synthetic,synthetic_space_shuttle_family_056_var_05.jpg,synthetic::space_shuttle::family_056
C:\Users\enzoo\PycharmProjects\orbitshield-CV\orbitshield-acv\dataset\synthetic\space_shuttle\space_shuttle_family_057_var_01.png,space_shuttle,synthetic,synthetic_space_shuttle_family_057_var_01.jpg,synthetic::space_shuttle::family_057
C:\Users\enzoo\PycharmProjects\orbitshield-CV\orbitshield-acv\dataset\synthetic\space_shuttle\space_shuttle_family_057_var_02.png,space_shuttle,synthetic,synthetic_space_shuttle_family_057_var_02.jpg,synthetic::space_shuttle::family_057
C:\Users\enzoo\PycharmProjects\orbitshield-CV\orbitshield-acv\dataset\synthetic\space_shuttle\space_shuttle_family_057_var_03.png,space_shuttle,synthetic,synthetic_space_shuttle_family_057_var_03.jpg,synthetic::space_shuttle::family_057
C:\Users\enzoo\PycharmProjects\orbitshield-CV\orbitshield-acv\dataset\synthetic\space_shuttle\space_shuttle_family_057_var_04.png,space_shuttle,synthetic,synthetic_space_shuttle_family_057_var_04.jpg,synthetic::space_shuttle::family_057
C:\Users\enzoo\PycharmProjects\orbitshield-CV\orbitshield-acv\dataset\synthetic\space_shuttle\space_shuttle_family_057_var_05.png,space_shuttle,synthetic,synthetic_space_shuttle_family_057_var_05.jpg,synthetic::space_shuttle::family_057
C:\Users\enzoo\PycharmProjects\orbitshield-CV\orbitshield-acv\dataset\synthetic\space_shuttle\space_shuttle_family_058_var_01.png,space_shuttle,synthetic,synthetic_space_shuttle_family_058_var_01.jpg,synthetic::space_shuttle::family_058
C:\Users\enzoo\PycharmProjects\orbitshield-CV\orbitshield-acv\dataset\synthetic\space_shuttle\space_shuttle_family_058_var_02.png,space_shuttle,synthetic,synthetic_space_shuttle_family_058_var_02.jpg,synthetic::space_shuttle::family_058
C:\Users\enzoo\PycharmProjects\orbitshield-CV\orbitshield-acv\dataset\synthetic\space_shuttle\space_shuttle_family_058_var_03.png,space_shuttle,synthetic,synthetic_space_shuttle_family_058_var_03.jpg,synthetic::space_shuttle::family_058
C:\Users\enzoo\PycharmProjects\orbitshield-CV\orbitshield-acv\dataset\synthetic\space_shuttle\space_shuttle_family_058_var_04.png,space_shuttle,synthetic,synthetic_space_shuttle_family_058_var_04.jpg,synthetic::space_shuttle::family_058
C:\Users\enzoo\PycharmProjects\orbitshield-CV\orbitshield-acv\dataset\synthetic\space_shuttle\space_shuttle_family_058_var_05.png,space_shuttle,synthetic,synthetic_space_shuttle_family_058_var_05.jpg,synthetic::space_shuttle::family_058
C:\Users\enzoo\PycharmProjects\orbitshield-CV\orbitshield-acv\dataset\synthetic\space_shuttle\space_shuttle_family_059_var_01.png,space_shuttle,synthetic,synthetic_space_shuttle_family_059_var_01.jpg,synthetic::space_shuttle::family_059
C:\Users\enzoo\PycharmProjects\orbitshield-CV\orbitshield-acv\dataset\synthetic\space_shuttle\space_shuttle_family_059_var_02.png,space_shuttle,synthetic,synthetic_space_shuttle_family_059_var_02.jpg,synthetic::space_shuttle::family_059
C:\Users\enzoo\PycharmProjects\orbitshield-CV\orbitshield-acv\dataset\synthetic\space_shuttle\space_shuttle_family_059_var_03.png,space_shuttle,synthetic,synthetic_space_shuttle_family_059_var_03.jpg,synthetic::space_shuttle::family_059
C:\Users\enzoo\PycharmProjects\orbitshield-CV\orbitshield-acv\dataset\synthetic\space_shuttle\space_shuttle_family_059_var_04.png,space_shuttle,synthetic,synthetic_space_shuttle_family_059_var_04.jpg,synthetic::space_shuttle::family_059
C:\Users\enzoo\PycharmProjects\orbitshield-CV\orbitshield-acv\dataset\synthetic\space_shuttle\space_shuttle_family_059_var_05.png,space_shuttle,synthetic,synthetic_space_shuttle_family_059_var_05.jpg,synthetic::space_shuttle::family_059
C:\Users\enzoo\PycharmProjects\orbitshield-CV\orbitshield-acv\dataset\synthetic\space_shuttle\space_shuttle_family_060_var_01.png,space_shuttle,synthetic,synthetic_space_shuttle_family_060_var_01.jpg,synthetic::space_shuttle::family_060
C:\Users\enzoo\PycharmProjects\orbitshield-CV\orbitshield-acv\dataset\synthetic\space_shuttle\space_shuttle_family_060_var_02.png,space_shuttle,synthetic,synthetic_space_shuttle_family_060_var_02.jpg,synthetic::space_shuttle::family_060
C:\Users\enzoo\PycharmProjects\orbitshield-CV\orbitshield-acv\dataset\synthetic\space_shuttle\space_shuttle_family_060_var_03.png,space_shuttle,synthetic,synthetic_space_shuttle_family_060_var_03.jpg,synthetic::space_shuttle::family_060
C:\Users\enzoo\PycharmProjects\orbitshield-CV\orbitshield-acv\dataset\synthetic\space_shuttle\space_shuttle_family_060_var_04.png,space_shuttle,synthetic,synthetic_space_shuttle_family_060_var_04.jpg,synthetic::space_shuttle::family_060
C:\Users\enzoo\PycharmProjects\orbitshield-CV\orbitshield-acv\dataset\synthetic\space_shuttle\space_shuttle_family_060_var_05.png,space_shuttle,synthetic,synthetic_space_shuttle_family_060_var_05.jpg,synthetic::space_shuttle::family_060
C:\Users\enzoo\PycharmProjects\orbitshield-CV\orbitshield-acv\dataset\synthetic\space_shuttle\space_shuttle_family_061_var_01.png,space_shuttle,synthetic,synthetic_space_shuttle_family_061_var_01.jpg,synthetic::space_shuttle::family_061
C:\Users\enzoo\PycharmProjects\orbitshield-CV\orbitshield-acv\dataset\synthetic\space_shuttle\space_shuttle_family_061_var_02.png,space_shuttle,synthetic,synthetic_space_shuttle_family_061_var_02.jpg,synthetic::space_shuttle::family_061
C:\Users\enzoo\PycharmProjects\orbitshield-CV\orbitshield-acv\dataset\synthetic\space_shuttle\space_shuttle_family_061_var_03.png,space_shuttle,synthetic,synthetic_space_shuttle_family_061_var_03.jpg,synthetic::space_shuttle::family_061
C:\Users\enzoo\PycharmProjects\orbitshield-CV\orbitshield-acv\dataset\synthetic\space_shuttle\space_shuttle_family_061_var_04.png,space_shuttle,synthetic,synthetic_space_shuttle_family_061_var_04.jpg,synthetic::space_shuttle::family_061
C:\Users\enzoo\PycharmProjects\orbitshield-CV\orbitshield-acv\dataset\synthetic\space_shuttle\space_shuttle_family_061_var_05.png,space_shuttle,synthetic,synthetic_space_shuttle_family_061_var_05.jpg,synthetic::space_shuttle::family_061
C:\Users\enzoo\PycharmProjects\orbitshield-CV\orbitshield-acv\dataset\synthetic\space_shuttle\space_shuttle_family_062_var_01.png,space_shuttle,synthetic,synthetic_space_shuttle_family_062_var_01.jpg,synthetic::space_shuttle::family_062
C:\Users\enzoo\PycharmProjects\orbitshield-CV\orbitshield-acv\dataset\synthetic\space_shuttle\space_shuttle_family_062_var_02.png,space_shuttle,synthetic,synthetic_space_shuttle_family_062_var_02.jpg,synthetic::space_shuttle::family_062
C:\Users\enzoo\PycharmProjects\orbitshield-CV\orbitshield-acv\dataset\synthetic\space_shuttle\space_shuttle_family_062_var_03.png,space_shuttle,synthetic,synthetic_space_shuttle_family_062_var_03.jpg,synthetic::space_shuttle::family_062
C:\Users\enzoo\PycharmProjects\orbitshield-CV\orbitshield-acv\dataset\synthetic\space_shuttle\space_shuttle_family_062_var_04.png,space_shuttle,synthetic,synthetic_space_shuttle_family_062_var_04.jpg,synthetic::space_shuttle::family_062
C:\Users\enzoo\PycharmProjects\orbitshield-CV\orbitshield-acv\dataset\synthetic\space_shuttle\space_shuttle_family_062_var_05.png,space_shuttle,synthetic,synthetic_space_shuttle_family_062_var_05.jpg,synthetic::space_shuttle::family_062
C:\Users\enzoo\PycharmProjects\orbitshield-CV\orbitshield-acv\dataset\synthetic\space_shuttle\space_shuttle_family_063_var_01.png,space_shuttle,synthetic,synthetic_space_shuttle_family_063_var_01.jpg,synthetic::space_shuttle::family_063
C:\Users\enzoo\PycharmProjects\orbitshield-CV\orbitshield-acv\dataset\synthetic\space_shuttle\space_shuttle_family_063_var_02.png,space_shuttle,synthetic,synthetic_space_shuttle_family_063_var_02.jpg,synthetic::space_shuttle::family_063
C:\Users\enzoo\PycharmProjects\orbitshield-CV\orbitshield-acv\dataset\synthetic\space_shuttle\space_shuttle_family_063_var_03.png,space_shuttle,synthetic,synthetic_space_shuttle_family_063_var_03.jpg,synthetic::space_shuttle::family_063
C:\Users\enzoo\PycharmProjects\orbitshield-CV\orbitshield-acv\dataset\synthetic\space_shuttle\space_shuttle_family_063_var_04.png,space_shuttle,synthetic,synthetic_space_shuttle_family_063_var_04.jpg,synthetic::space_shuttle::family_063
C:\Users\enzoo\PycharmProjects\orbitshield-CV\orbitshield-acv\dataset\synthetic\space_shuttle\space_shuttle_family_063_var_05.png,space_shuttle,synthetic,synthetic_space_shuttle_family_063_var_05.jpg,synthetic::space_shuttle::family_063
C:\Users\enzoo\PycharmProjects\orbitshield-CV\orbitshield-acv\dataset\synthetic\space_shuttle\space_shuttle_family_064_var_01.png,space_shuttle,synthetic,synthetic_space_shuttle_family_064_var_01.jpg,synthetic::space_shuttle::family_064
C:\Users\enzoo\PycharmProjects\orbitshield-CV\orbitshield-acv\dataset\synthetic\space_shuttle\space_shuttle_family_064_var_02.png,space_shuttle,synthetic,synthetic_space_shuttle_family_064_var_02.jpg,synthetic::space_shuttle::family_064
C:\Users\enzoo\PycharmProjects\orbitshield-CV\orbitshield-acv\dataset\synthetic\space_shuttle\space_shuttle_family_064_var_03.png,space_shuttle,synthetic,synthetic_space_shuttle_family_064_var_03.jpg,synthetic::space_shuttle::family_064
C:\Users\enzoo\PycharmProjects\orbitshield-CV\orbitshield-acv\dataset\synthetic\space_shuttle\space_shuttle_family_064_var_04.png,space_shuttle,synthetic,synthetic_space_shuttle_family_064_var_04.jpg,synthetic::space_shuttle::family_064
C:\Users\enzoo\PycharmProjects\orbitshield-CV\orbitshield-acv\dataset\synthetic\space_shuttle\space_shuttle_family_064_var_05.png,space_shuttle,synthetic,synthetic_space_shuttle_family_064_var_05.jpg,synthetic::space_shuttle::family_064
C:\Users\enzoo\PycharmProjects\orbitshield-CV\orbitshield-acv\dataset\synthetic\space_shuttle\space_shuttle_family_065_var_01.png,space_shuttle,synthetic,synthetic_space_shuttle_family_065_var_01.jpg,synthetic::space_shuttle::family_065
C:\Users\enzoo\PycharmProjects\orbitshield-CV\orbitshield-acv\dataset\synthetic\space_shuttle\space_shuttle_family_065_var_02.png,space_shuttle,synthetic,synthetic_space_shuttle_family_065_var_02.jpg,synthetic::space_shuttle::family_065
C:\Users\enzoo\PycharmProjects\orbitshield-CV\orbitshield-acv\dataset\synthetic\space_shuttle\space_shuttle_family_065_var_03.png,space_shuttle,synthetic,synthetic_space_shuttle_family_065_var_03.jpg,synthetic::space_shuttle::family_065
C:\Users\enzoo\PycharmProjects\orbitshield-CV\orbitshield-acv\dataset\synthetic\space_shuttle\space_shuttle_family_065_var_04.png,space_shuttle,synthetic,synthetic_space_shuttle_family_065_var_04.jpg,synthetic::space_shuttle::family_065
C:\Users\enzoo\PycharmProjects\orbitshield-CV\orbitshield-acv\dataset\synthetic\space_shuttle\space_shuttle_family_065_var_05.png,space_shuttle,synthetic,synthetic_space_shuttle_family_065_var_05.jpg,synthetic::space_shuttle::family_065
C:\Users\enzoo\PycharmProjects\orbitshield-CV\orbitshield-acv\dataset\synthetic\space_shuttle\space_shuttle_family_066_var_01.png,space_shuttle,synthetic,synthetic_space_shuttle_family_066_var_01.jpg,synthetic::space_shuttle::family_066
C:\Users\enzoo\PycharmProjects\orbitshield-CV\orbitshield-acv\dataset\synthetic\space_shuttle\space_shuttle_family_066_var_02.png,space_shuttle,synthetic,synthetic_space_shuttle_family_066_var_02.jpg,synthetic::space_shuttle::family_066
C:\Users\enzoo\PycharmProjects\orbitshield-CV\orbitshield-acv\dataset\synthetic\space_shuttle\space_shuttle_family_066_var_03.png,space_shuttle,synthetic,synthetic_space_shuttle_family_066_var_03.jpg,synthetic::space_shuttle::family_066
C:\Users\enzoo\PycharmProjects\orbitshield-CV\orbitshield-acv\dataset\synthetic\space_shuttle\space_shuttle_family_066_var_04.png,space_shuttle,synthetic,synthetic_space_shuttle_family_066_var_04.jpg,synthetic::space_shuttle::family_066
C:\Users\enzoo\PycharmProjects\orbitshield-CV\orbitshield-acv\dataset\synthetic\space_shuttle\space_shuttle_family_066_var_05.png,space_shuttle,synthetic,synthetic_space_shuttle_family_066_var_05.jpg,synthetic::space_shuttle::family_066
C:\Users\enzoo\PycharmProjects\orbitshield-CV\orbitshield-acv\dataset\synthetic\space_shuttle\space_shuttle_family_067_var_01.png,space_shuttle,synthetic,synthetic_space_shuttle_family_067_var_01.jpg,synthetic::space_shuttle::family_067
C:\Users\enzoo\PycharmProjects\orbitshield-CV\orbitshield-acv\dataset\synthetic\space_shuttle\space_shuttle_family_067_var_02.png,space_shuttle,synthetic,synthetic_space_shuttle_family_067_var_02.jpg,synthetic::space_shuttle::family_067
C:\Users\enzoo\PycharmProjects\orbitshield-CV\orbitshield-acv\dataset\synthetic\space_shuttle\space_shuttle_family_067_var_03.png,space_shuttle,synthetic,synthetic_space_shuttle_family_067_var_03.jpg,synthetic::space_shuttle::family_067
C:\Users\enzoo\PycharmProjects\orbitshield-CV\orbitshield-acv\dataset\synthetic\space_shuttle\space_shuttle_family_067_var_04.png,space_shuttle,synthetic,synthetic_space_shuttle_family_067_var_04.jpg,synthetic::space_shuttle::family_067
C:\Users\enzoo\PycharmProjects\orbitshield-CV\orbitshield-acv\dataset\synthetic\space_shuttle\space_shuttle_family_067_var_05.png,space_shuttle,synthetic,synthetic_space_shuttle_family_067_var_05.jpg,synthetic::space_shuttle::family_067
C:\Users\enzoo\PycharmProjects\orbitshield-CV\orbitshield-acv\dataset\synthetic\space_shuttle\space_shuttle_family_068_var_01.png,space_shuttle,synthetic,synthetic_space_shuttle_family_068_var_01.jpg,synthetic::space_shuttle::family_068
C:\Users\enzoo\PycharmProjects\orbitshield-CV\orbitshield-acv\dataset\synthetic\space_shuttle\space_shuttle_family_068_var_02.png,space_shuttle,synthetic,synthetic_space_shuttle_family_068_var_02.jpg,synthetic::space_shuttle::family_068
C:\Users\enzoo\PycharmProjects\orbitshield-CV\orbitshield-acv\dataset\synthetic\space_shuttle\space_shuttle_family_068_var_03.png,space_shuttle,synthetic,synthetic_space_shuttle_family_068_var_03.jpg,synthetic::space_shuttle::family_068
C:\Users\enzoo\PycharmProjects\orbitshield-CV\orbitshield-acv\dataset\synthetic\space_shuttle\space_shuttle_family_068_var_04.png,space_shuttle,synthetic,synthetic_space_shuttle_family_068_var_04.jpg,synthetic::space_shuttle::family_068
C:\Users\enzoo\PycharmProjects\orbitshield-CV\orbitshield-acv\dataset\synthetic\space_shuttle\space_shuttle_family_068_var_05.png,space_shuttle,synthetic,synthetic_space_shuttle_family_068_var_05.jpg,synthetic::space_shuttle::family_068
C:\Users\enzoo\PycharmProjects\orbitshield-CV\orbitshield-acv\dataset\synthetic\space_shuttle\space_shuttle_family_069_var_01.png,space_shuttle,synthetic,synthetic_space_shuttle_family_069_var_01.jpg,synthetic::space_shuttle::family_069
C:\Users\enzoo\PycharmProjects\orbitshield-CV\orbitshield-acv\dataset\synthetic\space_shuttle\space_shuttle_family_069_var_02.png,space_shuttle,synthetic,synthetic_space_shuttle_family_069_var_02.jpg,synthetic::space_shuttle::family_069
C:\Users\enzoo\PycharmProjects\orbitshield-CV\orbitshield-acv\dataset\synthetic\space_shuttle\space_shuttle_family_069_var_03.png,space_shuttle,synthetic,synthetic_space_shuttle_family_069_var_03.jpg,synthetic::space_shuttle::family_069
C:\Users\enzoo\PycharmProjects\orbitshield-CV\orbitshield-acv\dataset\synthetic\space_shuttle\space_shuttle_family_069_var_04.png,space_shuttle,synthetic,synthetic_space_shuttle_family_069_var_04.jpg,synthetic::space_shuttle::family_069
C:\Users\enzoo\PycharmProjects\orbitshield-CV\orbitshield-acv\dataset\synthetic\space_shuttle\space_shuttle_family_069_var_05.png,space_shuttle,synthetic,synthetic_space_shuttle_family_069_var_05.jpg,synthetic::space_shuttle::family_069
C:\Users\enzoo\PycharmProjects\orbitshield-CV\orbitshield-acv\dataset\synthetic\space_shuttle\space_shuttle_family_070_var_01.png,space_shuttle,synthetic,synthetic_space_shuttle_family_070_var_01.jpg,synthetic::space_shuttle::family_070
C:\Users\enzoo\PycharmProjects\orbitshield-CV\orbitshield-acv\dataset\synthetic\space_shuttle\space_shuttle_family_070_var_02.png,space_shuttle,synthetic,synthetic_space_shuttle_family_070_var_02.jpg,synthetic::space_shuttle::family_070
C:\Users\enzoo\PycharmProjects\orbitshield-CV\orbitshield-acv\dataset\synthetic\space_shuttle\space_shuttle_family_070_var_03.png,space_shuttle,synthetic,synthetic_space_shuttle_family_070_var_03.jpg,synthetic::space_shuttle::family_070
C:\Users\enzoo\PycharmProjects\orbitshield-CV\orbitshield-acv\dataset\synthetic\space_shuttle\space_shuttle_family_070_var_04.png,space_shuttle,synthetic,synthetic_space_shuttle_family_070_var_04.jpg,synthetic::space_shuttle::family_070
C:\Users\enzoo\PycharmProjects\orbitshield-CV\orbitshield-acv\dataset\synthetic\space_shuttle\space_shuttle_family_070_var_05.png,space_shuttle,synthetic,synthetic_space_shuttle_family_070_var_05.jpg,synthetic::space_shuttle::family_070
C:\Users\enzoo\PycharmProjects\orbitshield-CV\orbitshield-acv\dataset\synthetic\space_shuttle\space_shuttle_family_071_var_01.png,space_shuttle,synthetic,synthetic_space_shuttle_family_071_var_01.jpg,synthetic::space_shuttle::family_071
C:\Users\enzoo\PycharmProjects\orbitshield-CV\orbitshield-acv\dataset\synthetic\space_shuttle\space_shuttle_family_071_var_02.png,space_shuttle,synthetic,synthetic_space_shuttle_family_071_var_02.jpg,synthetic::space_shuttle::family_071
C:\Users\enzoo\PycharmProjects\orbitshield-CV\orbitshield-acv\dataset\synthetic\space_shuttle\space_shuttle_family_071_var_03.png,space_shuttle,synthetic,synthetic_space_shuttle_family_071_var_03.jpg,synthetic::space_shuttle::family_071
C:\Users\enzoo\PycharmProjects\orbitshield-CV\orbitshield-acv\dataset\synthetic\space_shuttle\space_shuttle_family_071_var_04.png,space_shuttle,synthetic,synthetic_space_shuttle_family_071_var_04.jpg,synthetic::space_shuttle::family_071
C:\Users\enzoo\PycharmProjects\orbitshield-CV\orbitshield-acv\dataset\synthetic\space_shuttle\space_shuttle_family_071_var_05.png,space_shuttle,synthetic,synthetic_space_shuttle_family_071_var_05.jpg,synthetic::space_shuttle::family_071
C:\Users\enzoo\PycharmProjects\orbitshield-CV\orbitshield-acv\dataset\synthetic\space_shuttle\space_shuttle_family_072_var_01.png,space_shuttle,synthetic,synthetic_space_shuttle_family_072_var_01.jpg,synthetic::space_shuttle::family_072
C:\Users\enzoo\PycharmProjects\orbitshield-CV\orbitshield-acv\dataset\synthetic\space_shuttle\space_shuttle_family_072_var_02.png,space_shuttle,synthetic,synthetic_space_shuttle_family_072_var_02.jpg,synthetic::space_shuttle::family_072
C:\Users\enzoo\PycharmProjects\orbitshield-CV\orbitshield-acv\dataset\synthetic\space_shuttle\space_shuttle_family_072_var_03.png,space_shuttle,synthetic,synthetic_space_shuttle_family_072_var_03.jpg,synthetic::space_shuttle::family_072
C:\Users\enzoo\PycharmProjects\orbitshield-CV\orbitshield-acv\dataset\synthetic\space_shuttle\space_shuttle_family_072_var_04.png,space_shuttle,synthetic,synthetic_space_shuttle_family_072_var_04.jpg,synthetic::space_shuttle::family_072
C:\Users\enzoo\PycharmProjects\orbitshield-CV\orbitshield-acv\dataset\synthetic\space_shuttle\space_shuttle_family_072_var_05.png,space_shuttle,synthetic,synthetic_space_shuttle_family_072_var_05.jpg,synthetic::space_shuttle::family_072
C:\Users\enzoo\PycharmProjects\orbitshield-CV\orbitshield-acv\dataset\synthetic\space_shuttle\space_shuttle_family_073_var_01.png,space_shuttle,synthetic,synthetic_space_shuttle_family_073_var_01.jpg,synthetic::space_shuttle::family_073
C:\Users\enzoo\PycharmProjects\orbitshield-CV\orbitshield-acv\dataset\synthetic\space_shuttle\space_shuttle_family_073_var_02.png,space_shuttle,synthetic,synthetic_space_shuttle_family_073_var_02.jpg,synthetic::space_shuttle::family_073
C:\Users\enzoo\PycharmProjects\orbitshield-CV\orbitshield-acv\dataset\synthetic\space_shuttle\space_shuttle_family_073_var_03.png,space_shuttle,synthetic,synthetic_space_shuttle_family_073_var_03.jpg,synthetic::space_shuttle::family_073
C:\Users\enzoo\PycharmProjects\orbitshield-CV\orbitshield-acv\dataset\synthetic\space_shuttle\space_shuttle_family_073_var_04.png,space_shuttle,synthetic,synthetic_space_shuttle_family_073_var_04.jpg,synthetic::space_shuttle::family_073
C:\Users\enzoo\PycharmProjects\orbitshield-CV\orbitshield-acv\dataset\synthetic\space_shuttle\space_shuttle_family_073_var_05.png,space_shuttle,synthetic,synthetic_space_shuttle_family_073_var_05.jpg,synthetic::space_shuttle::family_073
C:\Users\enzoo\PycharmProjects\orbitshield-CV\orbitshield-acv\dataset\synthetic\space_shuttle\space_shuttle_family_074_var_01.png,space_shuttle,synthetic,synthetic_space_shuttle_family_074_var_01.jpg,synthetic::space_shuttle::family_074
C:\Users\enzoo\PycharmProjects\orbitshield-CV\orbitshield-acv\dataset\synthetic\space_shuttle\space_shuttle_family_074_var_02.png,space_shuttle,synthetic,synthetic_space_shuttle_family_074_var_02.jpg,synthetic::space_shuttle::family_074
C:\Users\enzoo\PycharmProjects\orbitshield-CV\orbitshield-acv\dataset\synthetic\space_shuttle\space_shuttle_family_074_var_03.png,space_shuttle,synthetic,synthetic_space_shuttle_family_074_var_03.jpg,synthetic::space_shuttle::family_074
C:\Users\enzoo\PycharmProjects\orbitshield-CV\orbitshield-acv\dataset\synthetic\space_shuttle\space_shuttle_family_074_var_04.png,space_shuttle,synthetic,synthetic_space_shuttle_family_074_var_04.jpg,synthetic::space_shuttle::family_074
C:\Users\enzoo\PycharmProjects\orbitshield-CV\orbitshield-acv\dataset\synthetic\space_shuttle\space_shuttle_family_074_var_05.png,space_shuttle,synthetic,synthetic_space_shuttle_family_074_var_05.jpg,synthetic::space_shuttle::family_074
C:\Users\enzoo\PycharmProjects\orbitshield-CV\orbitshield-acv\dataset\synthetic\space_shuttle\space_shuttle_family_075_var_01.png,space_shuttle,synthetic,synthetic_space_shuttle_family_075_var_01.jpg,synthetic::space_shuttle::family_075
C:\Users\enzoo\PycharmProjects\orbitshield-CV\orbitshield-acv\dataset\synthetic\space_shuttle\space_shuttle_family_075_var_02.png,space_shuttle,synthetic,synthetic_space_shuttle_family_075_var_02.jpg,synthetic::space_shuttle::family_075
C:\Users\enzoo\PycharmProjects\orbitshield-CV\orbitshield-acv\dataset\synthetic\space_shuttle\space_shuttle_family_075_var_03.png,space_shuttle,synthetic,synthetic_space_shuttle_family_075_var_03.jpg,synthetic::space_shuttle::family_075
C:\Users\enzoo\PycharmProjects\orbitshield-CV\orbitshield-acv\dataset\synthetic\space_shuttle\space_shuttle_family_075_var_04.png,space_shuttle,synthetic,synthetic_space_shuttle_family_075_var_04.jpg,synthetic::space_shuttle::family_075
C:\Users\enzoo\PycharmProjects\orbitshield-CV\orbitshield-acv\dataset\synthetic\space_shuttle\space_shuttle_family_075_var_05.png,space_shuttle,synthetic,synthetic_space_shuttle_family_075_var_05.jpg,synthetic::space_shuttle::family_075
C:\Users\enzoo\PycharmProjects\orbitshield-CV\orbitshield-acv\dataset\synthetic\space_shuttle\space_shuttle_family_076_var_01.png,space_shuttle,synthetic,synthetic_space_shuttle_family_076_var_01.jpg,synthetic::space_shuttle::family_076
C:\Users\enzoo\PycharmProjects\orbitshield-CV\orbitshield-acv\dataset\synthetic\space_shuttle\space_shuttle_family_076_var_02.png,space_shuttle,synthetic,synthetic_space_shuttle_family_076_var_02.jpg,synthetic::space_shuttle::family_076
C:\Users\enzoo\PycharmProjects\orbitshield-CV\orbitshield-acv\dataset\synthetic\space_shuttle\space_shuttle_family_076_var_03.png,space_shuttle,synthetic,synthetic_space_shuttle_family_076_var_03.jpg,synthetic::space_shuttle::family_076
C:\Users\enzoo\PycharmProjects\orbitshield-CV\orbitshield-acv\dataset\synthetic\space_shuttle\space_shuttle_family_076_var_04.png,space_shuttle,synthetic,synthetic_space_shuttle_family_076_var_04.jpg,synthetic::space_shuttle::family_076
C:\Users\enzoo\PycharmProjects\orbitshield-CV\orbitshield-acv\dataset\synthetic\space_shuttle\space_shuttle_family_076_var_05.png,space_shuttle,synthetic,synthetic_space_shuttle_family_076_var_05.jpg,synthetic::space_shuttle::family_076
C:\Users\enzoo\PycharmProjects\orbitshield-CV\orbitshield-acv\dataset\synthetic\space_shuttle\space_shuttle_family_077_var_01.png,space_shuttle,synthetic,synthetic_space_shuttle_family_077_var_01.jpg,synthetic::space_shuttle::family_077
C:\Users\enzoo\PycharmProjects\orbitshield-CV\orbitshield-acv\dataset\synthetic\space_shuttle\space_shuttle_family_077_var_02.png,space_shuttle,synthetic,synthetic_space_shuttle_family_077_var_02.jpg,synthetic::space_shuttle::family_077
C:\Users\enzoo\PycharmProjects\orbitshield-CV\orbitshield-acv\dataset\synthetic\space_shuttle\space_shuttle_family_077_var_03.png,space_shuttle,synthetic,synthetic_space_shuttle_family_077_var_03.jpg,synthetic::space_shuttle::family_077
C:\Users\enzoo\PycharmProjects\orbitshield-CV\orbitshield-acv\dataset\synthetic\space_shuttle\space_shuttle_family_077_var_04.png,space_shuttle,synthetic,synthetic_space_shuttle_family_077_var_04.jpg,synthetic::space_shuttle::family_077
C:\Users\enzoo\PycharmProjects\orbitshield-CV\orbitshield-acv\dataset\synthetic\space_shuttle\space_shuttle_family_077_var_05.png,space_shuttle,synthetic,synthetic_space_shuttle_family_077_var_05.jpg,synthetic::space_shuttle::family_077
C:\Users\enzoo\PycharmProjects\orbitshield-CV\orbitshield-acv\dataset\synthetic\space_shuttle\space_shuttle_family_078_var_01.png,space_shuttle,synthetic,synthetic_space_shuttle_family_078_var_01.jpg,synthetic::space_shuttle::family_078
C:\Users\enzoo\PycharmProjects\orbitshield-CV\orbitshield-acv\dataset\synthetic\space_shuttle\space_shuttle_family_078_var_02.png,space_shuttle,synthetic,synthetic_space_shuttle_family_078_var_02.jpg,synthetic::space_shuttle::family_078
C:\Users\enzoo\PycharmProjects\orbitshield-CV\orbitshield-acv\dataset\synthetic\space_shuttle\space_shuttle_family_078_var_03.png,space_shuttle,synthetic,synthetic_space_shuttle_family_078_var_03.jpg,synthetic::space_shuttle::family_078
C:\Users\enzoo\PycharmProjects\orbitshield-CV\orbitshield-acv\dataset\synthetic\space_shuttle\space_shuttle_family_078_var_04.png,space_shuttle,synthetic,synthetic_space_shuttle_family_078_var_04.jpg,synthetic::space_shuttle::family_078
C:\Users\enzoo\PycharmProjects\orbitshield-CV\orbitshield-acv\dataset\synthetic\space_shuttle\space_shuttle_family_078_var_05.png,space_shuttle,synthetic,synthetic_space_shuttle_family_078_var_05.jpg,synthetic::space_shuttle::family_078
C:\Users\enzoo\PycharmProjects\orbitshield-CV\orbitshield-acv\dataset\synthetic\space_shuttle\space_shuttle_family_079_var_01.png,space_shuttle,synthetic,synthetic_space_shuttle_family_079_var_01.jpg,synthetic::space_shuttle::family_079
C:\Users\enzoo\PycharmProjects\orbitshield-CV\orbitshield-acv\dataset\synthetic\space_shuttle\space_shuttle_family_079_var_02.png,space_shuttle,synthetic,synthetic_space_shuttle_family_079_var_02.jpg,synthetic::space_shuttle::family_079
C:\Users\enzoo\PycharmProjects\orbitshield-CV\orbitshield-acv\dataset\synthetic\space_shuttle\space_shuttle_family_079_var_03.png,space_shuttle,synthetic,synthetic_space_shuttle_family_079_var_03.jpg,synthetic::space_shuttle::family_079
C:\Users\enzoo\PycharmProjects\orbitshield-CV\orbitshield-acv\dataset\synthetic\space_shuttle\space_shuttle_family_079_var_04.png,space_shuttle,synthetic,synthetic_space_shuttle_family_079_var_04.jpg,synthetic::space_shuttle::family_079
C:\Users\enzoo\PycharmProjects\orbitshield-CV\orbitshield-acv\dataset\synthetic\space_shuttle\space_shuttle_family_079_var_05.png,space_shuttle,synthetic,synthetic_space_shuttle_family_079_var_05.jpg,synthetic::space_shuttle::family_079
C:\Users\enzoo\PycharmProjects\orbitshield-CV\orbitshield-acv\dataset\synthetic\space_shuttle\space_shuttle_family_080_var_01.png,space_shuttle,synthetic,synthetic_space_shuttle_family_080_var_01.jpg,synthetic::space_shuttle::family_080
C:\Users\enzoo\PycharmProjects\orbitshield-CV\orbitshield-acv\dataset\synthetic\space_shuttle\space_shuttle_family_080_var_02.png,space_shuttle,synthetic,synthetic_space_shuttle_family_080_var_02.jpg,synthetic::space_shuttle::family_080
C:\Users\enzoo\PycharmProjects\orbitshield-CV\orbitshield-acv\dataset\synthetic\space_shuttle\space_shuttle_family_080_var_03.png,space_shuttle,synthetic,synthetic_space_shuttle_family_080_var_03.jpg,synthetic::space_shuttle::family_080
C:\Users\enzoo\PycharmProjects\orbitshield-CV\orbitshield-acv\dataset\synthetic\space_shuttle\space_shuttle_family_080_var_04.png,space_shuttle,synthetic,synthetic_space_shuttle_family_080_var_04.jpg,synthetic::space_shuttle::family_080
C:\Users\enzoo\PycharmProjects\orbitshield-CV\orbitshield-acv\dataset\synthetic\space_shuttle\space_shuttle_family_080_var_05.png,space_shuttle,synthetic,synthetic_space_shuttle_family_080_var_05.jpg,synthetic::space_shuttle::family_080
C:\Users\enzoo\PycharmProjects\orbitshield-CV\orbitshield-acv\dataset\synthetic\space_shuttle\space_shuttle_family_081_var_01.png,space_shuttle,synthetic,synthetic_space_shuttle_family_081_var_01.jpg,synthetic::space_shuttle::family_081
C:\Users\enzoo\PycharmProjects\orbitshield-CV\orbitshield-acv\dataset\synthetic\space_shuttle\space_shuttle_family_081_var_02.png,space_shuttle,synthetic,synthetic_space_shuttle_family_081_var_02.jpg,synthetic::space_shuttle::family_081
C:\Users\enzoo\PycharmProjects\orbitshield-CV\orbitshield-acv\dataset\synthetic\space_shuttle\space_shuttle_family_081_var_03.png,space_shuttle,synthetic,synthetic_space_shuttle_family_081_var_03.jpg,synthetic::space_shuttle::family_081
C:\Users\enzoo\PycharmProjects\orbitshield-CV\orbitshield-acv\dataset\synthetic\space_shuttle\space_shuttle_family_081_var_04.png,space_shuttle,synthetic,synthetic_space_shuttle_family_081_var_04.jpg,synthetic::space_shuttle::family_081
C:\Users\enzoo\PycharmProjects\orbitshield-CV\orbitshield-acv\dataset\synthetic\space_shuttle\space_shuttle_family_081_var_05.png,space_shuttle,synthetic,synthetic_space_shuttle_family_081_var_05.jpg,synthetic::space_shuttle::family_081
C:\Users\enzoo\PycharmProjects\orbitshield-CV\orbitshield-acv\dataset\synthetic\space_shuttle\space_shuttle_family_082_var_01.png,space_shuttle,synthetic,synthetic_space_shuttle_family_082_var_01.jpg,synthetic::space_shuttle::family_082
C:\Users\enzoo\PycharmProjects\orbitshield-CV\orbitshield-acv\dataset\synthetic\space_shuttle\space_shuttle_family_082_var_02.png,space_shuttle,synthetic,synthetic_space_shuttle_family_082_var_02.jpg,synthetic::space_shuttle::family_082
C:\Users\enzoo\PycharmProjects\orbitshield-CV\orbitshield-acv\dataset\synthetic\space_shuttle\space_shuttle_family_082_var_03.png,space_shuttle,synthetic,synthetic_space_shuttle_family_082_var_03.jpg,synthetic::space_shuttle::family_082
C:\Users\enzoo\PycharmProjects\orbitshield-CV\orbitshield-acv\dataset\synthetic\space_shuttle\space_shuttle_family_082_var_04.png,space_shuttle,synthetic,synthetic_space_shuttle_family_082_var_04.jpg,synthetic::space_shuttle::family_082
C:\Users\enzoo\PycharmProjects\orbitshield-CV\orbitshield-acv\dataset\synthetic\space_shuttle\space_shuttle_family_082_var_05.png,space_shuttle,synthetic,synthetic_space_shuttle_family_082_var_05.jpg,synthetic::space_shuttle::family_082
C:\Users\enzoo\PycharmProjects\orbitshield-CV\orbitshield-acv\dataset\synthetic\space_shuttle\space_shuttle_family_083_var_01.png,space_shuttle,synthetic,synthetic_space_shuttle_family_083_var_01.jpg,synthetic::space_shuttle::family_083
C:\Users\enzoo\PycharmProjects\orbitshield-CV\orbitshield-acv\dataset\synthetic\space_shuttle\space_shuttle_family_083_var_02.png,space_shuttle,synthetic,synthetic_space_shuttle_family_083_var_02.jpg,synthetic::space_shuttle::family_083
C:\Users\enzoo\PycharmProjects\orbitshield-CV\orbitshield-acv\dataset\synthetic\space_shuttle\space_shuttle_family_083_var_03.png,space_shuttle,synthetic,synthetic_space_shuttle_family_083_var_03.jpg,synthetic::space_shuttle::family_083
C:\Users\enzoo\PycharmProjects\orbitshield-CV\orbitshield-acv\dataset\synthetic\space_shuttle\space_shuttle_family_083_var_04.png,space_shuttle,synthetic,synthetic_space_shuttle_family_083_var_04.jpg,synthetic::space_shuttle::family_083
C:\Users\enzoo\PycharmProjects\orbitshield-CV\orbitshield-acv\dataset\synthetic\space_shuttle\space_shuttle_family_083_var_05.png,space_shuttle,synthetic,synthetic_space_shuttle_family_083_var_05.jpg,synthetic::space_shuttle::family_083
C:\Users\enzoo\PycharmProjects\orbitshield-CV\orbitshield-acv\dataset\synthetic\space_shuttle\space_shuttle_family_084_var_01.png,space_shuttle,synthetic,synthetic_space_shuttle_family_084_var_01.jpg,synthetic::space_shuttle::family_084
C:\Users\enzoo\PycharmProjects\orbitshield-CV\orbitshield-acv\dataset\synthetic\space_shuttle\space_shuttle_family_084_var_02.png,space_shuttle,synthetic,synthetic_space_shuttle_family_084_var_02.jpg,synthetic::space_shuttle::family_084
C:\Users\enzoo\PycharmProjects\orbitshield-CV\orbitshield-acv\dataset\synthetic\space_shuttle\space_shuttle_family_084_var_03.png,space_shuttle,synthetic,synthetic_space_shuttle_family_084_var_03.jpg,synthetic::space_shuttle::family_084
C:\Users\enzoo\PycharmProjects\orbitshield-CV\orbitshield-acv\dataset\synthetic\space_shuttle\space_shuttle_family_084_var_04.png,space_shuttle,synthetic,synthetic_space_shuttle_family_084_var_04.jpg,synthetic::space_shuttle::family_084
C:\Users\enzoo\PycharmProjects\orbitshield-CV\orbitshield-acv\dataset\synthetic\space_shuttle\space_shuttle_family_084_var_05.png,space_shuttle,synthetic,synthetic_space_shuttle_family_084_var_05.jpg,synthetic::space_shuttle::family_084
C:\Users\enzoo\PycharmProjects\orbitshield-CV\orbitshield-acv\dataset\synthetic\space_shuttle\space_shuttle_family_085_var_01.png,space_shuttle,synthetic,synthetic_space_shuttle_family_085_var_01.jpg,synthetic::space_shuttle::family_085
C:\Users\enzoo\PycharmProjects\orbitshield-CV\orbitshield-acv\dataset\synthetic\space_shuttle\space_shuttle_family_085_var_02.png,space_shuttle,synthetic,synthetic_space_shuttle_family_085_var_02.jpg,synthetic::space_shuttle::family_085
C:\Users\enzoo\PycharmProjects\orbitshield-CV\orbitshield-acv\dataset\synthetic\space_shuttle\space_shuttle_family_085_var_03.png,space_shuttle,synthetic,synthetic_space_shuttle_family_085_var_03.jpg,synthetic::space_shuttle::family_085
C:\Users\enzoo\PycharmProjects\orbitshield-CV\orbitshield-acv\dataset\synthetic\space_shuttle\space_shuttle_family_085_var_04.png,space_shuttle,synthetic,synthetic_space_shuttle_family_085_var_04.jpg,synthetic::space_shuttle::family_085
C:\Users\enzoo\PycharmProjects\orbitshield-CV\orbitshield-acv\dataset\synthetic\space_shuttle\space_shuttle_family_085_var_05.png,space_shuttle,synthetic,synthetic_space_shuttle_family_085_var_05.jpg,synthetic::space_shuttle::family_085
C:\Users\enzoo\PycharmProjects\orbitshield-CV\orbitshield-acv\dataset\synthetic\space_shuttle\space_shuttle_family_086_var_01.png,space_shuttle,synthetic,synthetic_space_shuttle_family_086_var_01.jpg,synthetic::space_shuttle::family_086
C:\Users\enzoo\PycharmProjects\orbitshield-CV\orbitshield-acv\dataset\synthetic\space_shuttle\space_shuttle_family_086_var_02.png,space_shuttle,synthetic,synthetic_space_shuttle_family_086_var_02.jpg,synthetic::space_shuttle::family_086
C:\Users\enzoo\PycharmProjects\orbitshield-CV\orbitshield-acv\dataset\synthetic\space_shuttle\space_shuttle_family_086_var_03.png,space_shuttle,synthetic,synthetic_space_shuttle_family_086_var_03.jpg,synthetic::space_shuttle::family_086
C:\Users\enzoo\PycharmProjects\orbitshield-CV\orbitshield-acv\dataset\synthetic\space_shuttle\space_shuttle_family_086_var_04.png,space_shuttle,synthetic,synthetic_space_shuttle_family_086_var_04.jpg,synthetic::space_shuttle::family_086
C:\Users\enzoo\PycharmProjects\orbitshield-CV\orbitshield-acv\dataset\synthetic\space_shuttle\space_shuttle_family_086_var_05.png,space_shuttle,synthetic,synthetic_space_shuttle_family_086_var_05.jpg,synthetic::space_shuttle::family_086
C:\Users\enzoo\PycharmProjects\orbitshield-CV\orbitshield-acv\dataset\synthetic\space_shuttle\space_shuttle_family_087_var_01.png,space_shuttle,synthetic,synthetic_space_shuttle_family_087_var_01.jpg,synthetic::space_shuttle::family_087
C:\Users\enzoo\PycharmProjects\orbitshield-CV\orbitshield-acv\dataset\synthetic\space_shuttle\space_shuttle_family_087_var_02.png,space_shuttle,synthetic,synthetic_space_shuttle_family_087_var_02.jpg,synthetic::space_shuttle::family_087
C:\Users\enzoo\PycharmProjects\orbitshield-CV\orbitshield-acv\dataset\synthetic\space_shuttle\space_shuttle_family_087_var_03.png,space_shuttle,synthetic,synthetic_space_shuttle_family_087_var_03.jpg,synthetic::space_shuttle::family_087
C:\Users\enzoo\PycharmProjects\orbitshield-CV\orbitshield-acv\dataset\synthetic\space_shuttle\space_shuttle_family_087_var_04.png,space_shuttle,synthetic,synthetic_space_shuttle_family_087_var_04.jpg,synthetic::space_shuttle::family_087
C:\Users\enzoo\PycharmProjects\orbitshield-CV\orbitshield-acv\dataset\synthetic\space_shuttle\space_shuttle_family_087_var_05.png,space_shuttle,synthetic,synthetic_space_shuttle_family_087_var_05.jpg,synthetic::space_shuttle::family_087
C:\Users\enzoo\PycharmProjects\orbitshield-CV\orbitshield-acv\dataset\synthetic\space_shuttle\space_shuttle_family_088_var_01.png,space_shuttle,synthetic,synthetic_space_shuttle_family_088_var_01.jpg,synthetic::space_shuttle::family_088
C:\Users\enzoo\PycharmProjects\orbitshield-CV\orbitshield-acv\dataset\synthetic\space_shuttle\space_shuttle_family_088_var_02.png,space_shuttle,synthetic,synthetic_space_shuttle_family_088_var_02.jpg,synthetic::space_shuttle::family_088
C:\Users\enzoo\PycharmProjects\orbitshield-CV\orbitshield-acv\dataset\synthetic\space_shuttle\space_shuttle_family_088_var_03.png,space_shuttle,synthetic,synthetic_space_shuttle_family_088_var_03.jpg,synthetic::space_shuttle::family_088
C:\Users\enzoo\PycharmProjects\orbitshield-CV\orbitshield-acv\dataset\synthetic\space_shuttle\space_shuttle_family_088_var_04.png,space_shuttle,synthetic,synthetic_space_shuttle_family_088_var_04.jpg,synthetic::space_shuttle::family_088
C:\Users\enzoo\PycharmProjects\orbitshield-CV\orbitshield-acv\dataset\synthetic\space_shuttle\space_shuttle_family_088_var_05.png,space_shuttle,synthetic,synthetic_space_shuttle_family_088_var_05.jpg,synthetic::space_shuttle::family_088
C:\Users\enzoo\PycharmProjects\orbitshield-CV\orbitshield-acv\dataset\synthetic\space_shuttle\space_shuttle_family_089_var_01.png,space_shuttle,synthetic,synthetic_space_shuttle_family_089_var_01.jpg,synthetic::space_shuttle::family_089
C:\Users\enzoo\PycharmProjects\orbitshield-CV\orbitshield-acv\dataset\synthetic\space_shuttle\space_shuttle_family_089_var_02.png,space_shuttle,synthetic,synthetic_space_shuttle_family_089_var_02.jpg,synthetic::space_shuttle::family_089
C:\Users\enzoo\PycharmProjects\orbitshield-CV\orbitshield-acv\dataset\synthetic\space_shuttle\space_shuttle_family_089_var_03.png,space_shuttle,synthetic,synthetic_space_shuttle_family_089_var_03.jpg,synthetic::space_shuttle::family_089
C:\Users\enzoo\PycharmProjects\orbitshield-CV\orbitshield-acv\dataset\synthetic\space_shuttle\space_shuttle_family_089_var_04.png,space_shuttle,synthetic,synthetic_space_shuttle_family_089_var_04.jpg,synthetic::space_shuttle::family_089
C:\Users\enzoo\PycharmProjects\orbitshield-CV\orbitshield-acv\dataset\synthetic\space_shuttle\space_shuttle_family_089_var_05.png,space_shuttle,synthetic,synthetic_space_shuttle_family_089_var_05.jpg,synthetic::space_shuttle::family_089
C:\Users\enzoo\PycharmProjects\orbitshield-CV\orbitshield-acv\dataset\synthetic\space_shuttle\space_shuttle_family_090_var_01.png,space_shuttle,synthetic,synthetic_space_shuttle_family_090_var_01.jpg,synthetic::space_shuttle::family_090
C:\Users\enzoo\PycharmProjects\orbitshield-CV\orbitshield-acv\dataset\synthetic\space_shuttle\space_shuttle_family_090_var_02.png,space_shuttle,synthetic,synthetic_space_shuttle_family_090_var_02.jpg,synthetic::space_shuttle::family_090
C:\Users\enzoo\PycharmProjects\orbitshield-CV\orbitshield-acv\dataset\synthetic\space_shuttle\space_shuttle_family_090_var_03.png,space_shuttle,synthetic,synthetic_space_shuttle_family_090_var_03.jpg,synthetic::space_shuttle::family_090
C:\Users\enzoo\PycharmProjects\orbitshield-CV\orbitshield-acv\dataset\synthetic\space_shuttle\space_shuttle_family_090_var_04.png,space_shuttle,synthetic,synthetic_space_shuttle_family_090_var_04.jpg,synthetic::space_shuttle::family_090
C:\Users\enzoo\PycharmProjects\orbitshield-CV\orbitshield-acv\dataset\synthetic\space_shuttle\space_shuttle_family_090_var_05.png,space_shuttle,synthetic,synthetic_space_shuttle_family_090_var_05.jpg,synthetic::space_shuttle::family_090
C:\Users\enzoo\PycharmProjects\orbitshield-CV\orbitshield-acv\dataset\synthetic\space_shuttle\space_shuttle_family_091_var_01.png,space_shuttle,synthetic,synthetic_space_shuttle_family_091_var_01.jpg,synthetic::space_shuttle::family_091
C:\Users\enzoo\PycharmProjects\orbitshield-CV\orbitshield-acv\dataset\synthetic\space_shuttle\space_shuttle_family_091_var_02.png,space_shuttle,synthetic,synthetic_space_shuttle_family_091_var_02.jpg,synthetic::space_shuttle::family_091
C:\Users\enzoo\PycharmProjects\orbitshield-CV\orbitshield-acv\dataset\synthetic\space_shuttle\space_shuttle_family_091_var_03.png,space_shuttle,synthetic,synthetic_space_shuttle_family_091_var_03.jpg,synthetic::space_shuttle::family_091
C:\Users\enzoo\PycharmProjects\orbitshield-CV\orbitshield-acv\dataset\synthetic\space_shuttle\space_shuttle_family_091_var_04.png,space_shuttle,synthetic,synthetic_space_shuttle_family_091_var_04.jpg,synthetic::space_shuttle::family_091
C:\Users\enzoo\PycharmProjects\orbitshield-CV\orbitshield-acv\dataset\synthetic\space_shuttle\space_shuttle_family_091_var_05.png,space_shuttle,synthetic,synthetic_space_shuttle_family_091_var_05.jpg,synthetic::space_shuttle::family_091
C:\Users\enzoo\PycharmProjects\orbitshield-CV\orbitshield-acv\dataset\synthetic\space_shuttle\space_shuttle_family_092_var_01.png,space_shuttle,synthetic,synthetic_space_shuttle_family_092_var_01.jpg,synthetic::space_shuttle::family_092
C:\Users\enzoo\PycharmProjects\orbitshield-CV\orbitshield-acv\dataset\synthetic\space_shuttle\space_shuttle_family_092_var_02.png,space_shuttle,synthetic,synthetic_space_shuttle_family_092_var_02.jpg,synthetic::space_shuttle::family_092
C:\Users\enzoo\PycharmProjects\orbitshield-CV\orbitshield-acv\dataset\synthetic\space_shuttle\space_shuttle_family_092_var_03.png,space_shuttle,synthetic,synthetic_space_shuttle_family_092_var_03.jpg,synthetic::space_shuttle::family_092
C:\Users\enzoo\PycharmProjects\orbitshield-CV\orbitshield-acv\dataset\synthetic\space_shuttle\space_shuttle_family_092_var_04.png,space_shuttle,synthetic,synthetic_space_shuttle_family_092_var_04.jpg,synthetic::space_shuttle::family_092
C:\Users\enzoo\PycharmProjects\orbitshield-CV\orbitshield-acv\dataset\synthetic\space_shuttle\space_shuttle_family_092_var_05.png,space_shuttle,synthetic,synthetic_space_shuttle_family_092_var_05.jpg,synthetic::space_shuttle::family_092
C:\Users\enzoo\PycharmProjects\orbitshield-CV\orbitshield-acv\dataset\synthetic\space_shuttle\space_shuttle_family_093_var_01.png,space_shuttle,synthetic,synthetic_space_shuttle_family_093_var_01.jpg,synthetic::space_shuttle::family_093
C:\Users\enzoo\PycharmProjects\orbitshield-CV\orbitshield-acv\dataset\synthetic\space_shuttle\space_shuttle_family_093_var_02.png,space_shuttle,synthetic,synthetic_space_shuttle_family_093_var_02.jpg,synthetic::space_shuttle::family_093
C:\Users\enzoo\PycharmProjects\orbitshield-CV\orbitshield-acv\dataset\synthetic\space_shuttle\space_shuttle_family_093_var_03.png,space_shuttle,synthetic,synthetic_space_shuttle_family_093_var_03.jpg,synthetic::space_shuttle::family_093
C:\Users\enzoo\PycharmProjects\orbitshield-CV\orbitshield-acv\dataset\synthetic\space_shuttle\space_shuttle_family_093_var_04.png,space_shuttle,synthetic,synthetic_space_shuttle_family_093_var_04.jpg,synthetic::space_shuttle::family_093
C:\Users\enzoo\PycharmProjects\orbitshield-CV\orbitshield-acv\dataset\synthetic\space_shuttle\space_shuttle_family_093_var_05.png,space_shuttle,synthetic,synthetic_space_shuttle_family_093_var_05.jpg,synthetic::space_shuttle::family_093
C:\Users\enzoo\PycharmProjects\orbitshield-CV\orbitshield-acv\dataset\synthetic\space_shuttle\space_shuttle_family_094_var_01.png,space_shuttle,synthetic,synthetic_space_shuttle_family_094_var_01.jpg,synthetic::space_shuttle::family_094
C:\Users\enzoo\PycharmProjects\orbitshield-CV\orbitshield-acv\dataset\synthetic\space_shuttle\space_shuttle_family_094_var_02.png,space_shuttle,synthetic,synthetic_space_shuttle_family_094_var_02.jpg,synthetic::space_shuttle::family_094
C:\Users\enzoo\PycharmProjects\orbitshield-CV\orbitshield-acv\dataset\synthetic\space_shuttle\space_shuttle_family_094_var_03.png,space_shuttle,synthetic,synthetic_space_shuttle_family_094_var_03.jpg,synthetic::space_shuttle::family_094
C:\Users\enzoo\PycharmProjects\orbitshield-CV\orbitshield-acv\dataset\synthetic\space_shuttle\space_shuttle_family_094_var_04.png,space_shuttle,synthetic,synthetic_space_shuttle_family_094_var_04.jpg,synthetic::space_shuttle::family_094
C:\Users\enzoo\PycharmProjects\orbitshield-CV\orbitshield-acv\dataset\synthetic\space_shuttle\space_shuttle_family_094_var_05.png,space_shuttle,synthetic,synthetic_space_shuttle_family_094_var_05.jpg,synthetic::space_shuttle::family_094
C:\Users\enzoo\PycharmProjects\orbitshield-CV\orbitshield-acv\dataset\synthetic\space_shuttle\space_shuttle_family_095_var_01.png,space_shuttle,synthetic,synthetic_space_shuttle_family_095_var_01.jpg,synthetic::space_shuttle::family_095
C:\Users\enzoo\PycharmProjects\orbitshield-CV\orbitshield-acv\dataset\synthetic\space_shuttle\space_shuttle_family_095_var_02.png,space_shuttle,synthetic,synthetic_space_shuttle_family_095_var_02.jpg,synthetic::space_shuttle::family_095
C:\Users\enzoo\PycharmProjects\orbitshield-CV\orbitshield-acv\dataset\synthetic\space_shuttle\space_shuttle_family_095_var_03.png,space_shuttle,synthetic,synthetic_space_shuttle_family_095_var_03.jpg,synthetic::space_shuttle::family_095
C:\Users\enzoo\PycharmProjects\orbitshield-CV\orbitshield-acv\dataset\synthetic\space_shuttle\space_shuttle_family_095_var_04.png,space_shuttle,synthetic,synthetic_space_shuttle_family_095_var_04.jpg,synthetic::space_shuttle::family_095
C:\Users\enzoo\PycharmProjects\orbitshield-CV\orbitshield-acv\dataset\synthetic\space_shuttle\space_shuttle_family_095_var_05.png,space_shuttle,synthetic,synthetic_space_shuttle_family_095_var_05.jpg,synthetic::space_shuttle::family_095
C:\Users\enzoo\PycharmProjects\orbitshield-CV\orbitshield-acv\dataset\synthetic\space_shuttle\space_shuttle_family_096_var_01.png,space_shuttle,synthetic,synthetic_space_shuttle_family_096_var_01.jpg,synthetic::space_shuttle::family_096
C:\Users\enzoo\PycharmProjects\orbitshield-CV\orbitshield-acv\dataset\synthetic\space_shuttle\space_shuttle_family_096_var_02.png,space_shuttle,synthetic,synthetic_space_shuttle_family_096_var_02.jpg,synthetic::space_shuttle::family_096
C:\Users\enzoo\PycharmProjects\orbitshield-CV\orbitshield-acv\dataset\synthetic\space_shuttle\space_shuttle_family_096_var_03.png,space_shuttle,synthetic,synthetic_space_shuttle_family_096_var_03.jpg,synthetic::space_shuttle::family_096
C:\Users\enzoo\PycharmProjects\orbitshield-CV\orbitshield-acv\dataset\synthetic\space_shuttle\space_shuttle_family_096_var_04.png,space_shuttle,synthetic,synthetic_space_shuttle_family_096_var_04.jpg,synthetic::space_shuttle::family_096
C:\Users\enzoo\PycharmProjects\orbitshield-CV\orbitshield-acv\dataset\synthetic\space_shuttle\space_shuttle_family_096_var_05.png,space_shuttle,synthetic,synthetic_space_shuttle_family_096_var_05.jpg,synthetic::space_shuttle::family_096
C:\Users\enzoo\PycharmProjects\orbitshield-CV\orbitshield-acv\dataset\synthetic\space_shuttle\space_shuttle_family_097_var_01.png,space_shuttle,synthetic,synthetic_space_shuttle_family_097_var_01.jpg,synthetic::space_shuttle::family_097
C:\Users\enzoo\PycharmProjects\orbitshield-CV\orbitshield-acv\dataset\synthetic\space_shuttle\space_shuttle_family_097_var_02.png,space_shuttle,synthetic,synthetic_space_shuttle_family_097_var_02.jpg,synthetic::space_shuttle::family_097
C:\Users\enzoo\PycharmProjects\orbitshield-CV\orbitshield-acv\dataset\synthetic\space_shuttle\space_shuttle_family_097_var_03.png,space_shuttle,synthetic,synthetic_space_shuttle_family_097_var_03.jpg,synthetic::space_shuttle::family_097
C:\Users\enzoo\PycharmProjects\orbitshield-CV\orbitshield-acv\dataset\synthetic\space_shuttle\space_shuttle_family_097_var_04.png,space_shuttle,synthetic,synthetic_space_shuttle_family_097_var_04.jpg,synthetic::space_shuttle::family_097
C:\Users\enzoo\PycharmProjects\orbitshield-CV\orbitshield-acv\dataset\synthetic\space_shuttle\space_shuttle_family_097_var_05.png,space_shuttle,synthetic,synthetic_space_shuttle_family_097_var_05.jpg,synthetic::space_shuttle::family_097
C:\Users\enzoo\PycharmProjects\orbitshield-CV\orbitshield-acv\dataset\synthetic\space_shuttle\space_shuttle_family_098_var_01.png,space_shuttle,synthetic,synthetic_space_shuttle_family_098_var_01.jpg,synthetic::space_shuttle::family_098
C:\Users\enzoo\PycharmProjects\orbitshield-CV\orbitshield-acv\dataset\synthetic\space_shuttle\space_shuttle_family_098_var_02.png,space_shuttle,synthetic,synthetic_space_shuttle_family_098_var_02.jpg,synthetic::space_shuttle::family_098
C:\Users\enzoo\PycharmProjects\orbitshield-CV\orbitshield-acv\dataset\synthetic\space_shuttle\space_shuttle_family_098_var_03.png,space_shuttle,synthetic,synthetic_space_shuttle_family_098_var_03.jpg,synthetic::space_shuttle::family_098
C:\Users\enzoo\PycharmProjects\orbitshield-CV\orbitshield-acv\dataset\synthetic\space_shuttle\space_shuttle_family_098_var_04.png,space_shuttle,synthetic,synthetic_space_shuttle_family_098_var_04.jpg,synthetic::space_shuttle::family_098
C:\Users\enzoo\PycharmProjects\orbitshield-CV\orbitshield-acv\dataset\synthetic\space_shuttle\space_shuttle_family_098_var_05.png,space_shuttle,synthetic,synthetic_space_shuttle_family_098_var_05.jpg,synthetic::space_shuttle::family_098
C:\Users\enzoo\PycharmProjects\orbitshield-CV\orbitshield-acv\dataset\synthetic\space_shuttle\space_shuttle_family_099_var_01.png,space_shuttle,synthetic,synthetic_space_shuttle_family_099_var_01.jpg,synthetic::space_shuttle::family_099
C:\Users\enzoo\PycharmProjects\orbitshield-CV\orbitshield-acv\dataset\synthetic\space_shuttle\space_shuttle_family_099_var_02.png,space_shuttle,synthetic,synthetic_space_shuttle_family_099_var_02.jpg,synthetic::space_shuttle::family_099
C:\Users\enzoo\PycharmProjects\orbitshield-CV\orbitshield-acv\dataset\synthetic\space_shuttle\space_shuttle_family_099_var_03.png,space_shuttle,synthetic,synthetic_space_shuttle_family_099_var_03.jpg,synthetic::space_shuttle::family_099
C:\Users\enzoo\PycharmProjects\orbitshield-CV\orbitshield-acv\dataset\synthetic\space_shuttle\space_shuttle_family_099_var_04.png,space_shuttle,synthetic,synthetic_space_shuttle_family_099_var_04.jpg,synthetic::space_shuttle::family_099
C:\Users\enzoo\PycharmProjects\orbitshield-CV\orbitshield-acv\dataset\synthetic\space_shuttle\space_shuttle_family_099_var_05.png,space_shuttle,synthetic,synthetic_space_shuttle_family_099_var_05.jpg,synthetic::space_shuttle::family_099
C:\Users\enzoo\PycharmProjects\orbitshield-CV\orbitshield-acv\dataset\synthetic\space_shuttle\space_shuttle_family_100_var_01.png,space_shuttle,synthetic,synthetic_space_shuttle_family_100_var_01.jpg,synthetic::space_shuttle::family_100
C:\Users\enzoo\PycharmProjects\orbitshield-CV\orbitshield-acv\dataset\synthetic\space_shuttle\space_shuttle_family_100_var_02.png,space_shuttle,synthetic,synthetic_space_shuttle_family_100_var_02.jpg,synthetic::space_shuttle::family_100
C:\Users\enzoo\PycharmProjects\orbitshield-CV\orbitshield-acv\dataset\synthetic\space_shuttle\space_shuttle_family_100_var_03.png,space_shuttle,synthetic,synthetic_space_shuttle_family_100_var_03.jpg,synthetic::space_shuttle::family_100
C:\Users\enzoo\PycharmProjects\orbitshield-CV\orbitshield-acv\dataset\synthetic\space_shuttle\space_shuttle_family_100_var_04.png,space_shuttle,synthetic,synthetic_space_shuttle_family_100_var_04.jpg,synthetic::space_shuttle::family_100
C:\Users\enzoo\PycharmProjects\orbitshield-CV\orbitshield-acv\dataset\synthetic\space_shuttle\space_shuttle_family_100_var_05.png,space_shuttle,synthetic,synthetic_space_shuttle_family_100_var_05.jpg,synthetic::space_shuttle::family_100
C:\Users\enzoo\PycharmProjects\orbitshield-CV\orbitshield-acv\dataset\synthetic\space_shuttle\space_shuttle_family_101_var_01.png,space_shuttle,synthetic,synthetic_space_shuttle_family_101_var_01.jpg,synthetic::space_shuttle::family_101
C:\Users\enzoo\PycharmProjects\orbitshield-CV\orbitshield-acv\dataset\synthetic\space_shuttle\space_shuttle_family_101_var_02.png,space_shuttle,synthetic,synthetic_space_shuttle_family_101_var_02.jpg,synthetic::space_shuttle::family_101
C:\Users\enzoo\PycharmProjects\orbitshield-CV\orbitshield-acv\dataset\synthetic\space_shuttle\space_shuttle_family_101_var_03.png,space_shuttle,synthetic,synthetic_space_shuttle_family_101_var_03.jpg,synthetic::space_shuttle::family_101
C:\Users\enzoo\PycharmProjects\orbitshield-CV\orbitshield-acv\dataset\synthetic\space_shuttle\space_shuttle_family_101_var_04.png,space_shuttle,synthetic,synthetic_space_shuttle_family_101_var_04.jpg,synthetic::space_shuttle::family_101
C:\Users\enzoo\PycharmProjects\orbitshield-CV\orbitshield-acv\dataset\synthetic\space_shuttle\space_shuttle_family_101_var_05.png,space_shuttle,synthetic,synthetic_space_shuttle_family_101_var_05.jpg,synthetic::space_shuttle::family_101
C:\Users\enzoo\PycharmProjects\orbitshield-CV\orbitshield-acv\dataset\synthetic\space_shuttle\space_shuttle_family_102_var_01.png,space_shuttle,synthetic,synthetic_space_shuttle_family_102_var_01.jpg,synthetic::space_shuttle::family_102
C:\Users\enzoo\PycharmProjects\orbitshield-CV\orbitshield-acv\dataset\synthetic\space_shuttle\space_shuttle_family_102_var_02.png,space_shuttle,synthetic,synthetic_space_shuttle_family_102_var_02.jpg,synthetic::space_shuttle::family_102
C:\Users\enzoo\PycharmProjects\orbitshield-CV\orbitshield-acv\dataset\synthetic\space_shuttle\space_shuttle_family_102_var_03.png,space_shuttle,synthetic,synthetic_space_shuttle_family_102_var_03.jpg,synthetic::space_shuttle::family_102
C:\Users\enzoo\PycharmProjects\orbitshield-CV\orbitshield-acv\dataset\synthetic\space_shuttle\space_shuttle_family_102_var_04.png,space_shuttle,synthetic,synthetic_space_shuttle_family_102_var_04.jpg,synthetic::space_shuttle::family_102
C:\Users\enzoo\PycharmProjects\orbitshield-CV\orbitshield-acv\dataset\synthetic\space_shuttle\space_shuttle_family_102_var_05.png,space_shuttle,synthetic,synthetic_space_shuttle_family_102_var_05.jpg,synthetic::space_shuttle::family_102
C:\Users\enzoo\PycharmProjects\orbitshield-CV\orbitshield-acv\dataset\synthetic\space_shuttle\space_shuttle_family_103_var_01.png,space_shuttle,synthetic,synthetic_space_shuttle_family_103_var_01.jpg,synthetic::space_shuttle::family_103
C:\Users\enzoo\PycharmProjects\orbitshield-CV\orbitshield-acv\dataset\synthetic\space_shuttle\space_shuttle_family_103_var_02.png,space_shuttle,synthetic,synthetic_space_shuttle_family_103_var_02.jpg,synthetic::space_shuttle::family_103
C:\Users\enzoo\PycharmProjects\orbitshield-CV\orbitshield-acv\dataset\synthetic\space_shuttle\space_shuttle_family_103_var_03.png,space_shuttle,synthetic,synthetic_space_shuttle_family_103_var_03.jpg,synthetic::space_shuttle::family_103
C:\Users\enzoo\PycharmProjects\orbitshield-CV\orbitshield-acv\dataset\synthetic\space_shuttle\space_shuttle_family_103_var_04.png,space_shuttle,synthetic,synthetic_space_shuttle_family_103_var_04.jpg,synthetic::space_shuttle::family_103
C:\Users\enzoo\PycharmProjects\orbitshield-CV\orbitshield-acv\dataset\synthetic\space_shuttle\space_shuttle_family_103_var_05.png,space_shuttle,synthetic,synthetic_space_shuttle_family_103_var_05.jpg,synthetic::space_shuttle::family_103
C:\Users\enzoo\PycharmProjects\orbitshield-CV\orbitshield-acv\dataset\synthetic\space_shuttle\space_shuttle_family_104_var_01.png,space_shuttle,synthetic,synthetic_space_shuttle_family_104_var_01.jpg,synthetic::space_shuttle::family_104
C:\Users\enzoo\PycharmProjects\orbitshield-CV\orbitshield-acv\dataset\synthetic\space_shuttle\space_shuttle_family_104_var_02.png,space_shuttle,synthetic,synthetic_space_shuttle_family_104_var_02.jpg,synthetic::space_shuttle::family_104
C:\Users\enzoo\PycharmProjects\orbitshield-CV\orbitshield-acv\dataset\synthetic\space_shuttle\space_shuttle_family_104_var_03.png,space_shuttle,synthetic,synthetic_space_shuttle_family_104_var_03.jpg,synthetic::space_shuttle::family_104
C:\Users\enzoo\PycharmProjects\orbitshield-CV\orbitshield-acv\dataset\synthetic\space_shuttle\space_shuttle_family_104_var_04.png,space_shuttle,synthetic,synthetic_space_shuttle_family_104_var_04.jpg,synthetic::space_shuttle::family_104
C:\Users\enzoo\PycharmProjects\orbitshield-CV\orbitshield-acv\dataset\synthetic\space_shuttle\space_shuttle_family_104_var_05.png,space_shuttle,synthetic,synthetic_space_shuttle_family_104_var_05.jpg,synthetic::space_shuttle::family_104
C:\Users\enzoo\PycharmProjects\orbitshield-CV\orbitshield-acv\dataset\synthetic\space_shuttle\space_shuttle_family_105_var_01.png,space_shuttle,synthetic,synthetic_space_shuttle_family_105_var_01.jpg,synthetic::space_shuttle::family_105
C:\Users\enzoo\PycharmProjects\orbitshield-CV\orbitshield-acv\dataset\synthetic\space_shuttle\space_shuttle_family_105_var_02.png,space_shuttle,synthetic,synthetic_space_shuttle_family_105_var_02.jpg,synthetic::space_shuttle::family_105
C:\Users\enzoo\PycharmProjects\orbitshield-CV\orbitshield-acv\dataset\synthetic\space_shuttle\space_shuttle_family_105_var_03.png,space_shuttle,synthetic,synthetic_space_shuttle_family_105_var_03.jpg,synthetic::space_shuttle::family_105
C:\Users\enzoo\PycharmProjects\orbitshield-CV\orbitshield-acv\dataset\synthetic\space_shuttle\space_shuttle_family_105_var_04.png,space_shuttle,synthetic,synthetic_space_shuttle_family_105_var_04.jpg,synthetic::space_shuttle::family_105
C:\Users\enzoo\PycharmProjects\orbitshield-CV\orbitshield-acv\dataset\synthetic\space_shuttle\space_shuttle_family_105_var_05.png,space_shuttle,synthetic,synthetic_space_shuttle_family_105_var_05.jpg,synthetic::space_shuttle::family_105
C:\Users\enzoo\PycharmProjects\orbitshield-CV\orbitshield-acv\dataset\synthetic\space_shuttle\space_shuttle_family_106_var_01.png,space_shuttle,synthetic,synthetic_space_shuttle_family_106_var_01.jpg,synthetic::space_shuttle::family_106
C:\Users\enzoo\PycharmProjects\orbitshield-CV\orbitshield-acv\dataset\synthetic\space_shuttle\space_shuttle_family_106_var_02.png,space_shuttle,synthetic,synthetic_space_shuttle_family_106_var_02.jpg,synthetic::space_shuttle::family_106
C:\Users\enzoo\PycharmProjects\orbitshield-CV\orbitshield-acv\dataset\synthetic\space_shuttle\space_shuttle_family_106_var_03.png,space_shuttle,synthetic,synthetic_space_shuttle_family_106_var_03.jpg,synthetic::space_shuttle::family_106
C:\Users\enzoo\PycharmProjects\orbitshield-CV\orbitshield-acv\dataset\synthetic\space_shuttle\space_shuttle_family_106_var_04.png,space_shuttle,synthetic,synthetic_space_shuttle_family_106_var_04.jpg,synthetic::space_shuttle::family_106
C:\Users\enzoo\PycharmProjects\orbitshield-CV\orbitshield-acv\dataset\synthetic\space_shuttle\space_shuttle_family_106_var_05.png,space_shuttle,synthetic,synthetic_space_shuttle_family_106_var_05.jpg,synthetic::space_shuttle::family_106
C:\Users\enzoo\PycharmProjects\orbitshield-CV\orbitshield-acv\dataset\synthetic\space_shuttle\space_shuttle_family_107_var_01.png,space_shuttle,synthetic,synthetic_space_shuttle_family_107_var_01.jpg,synthetic::space_shuttle::family_107
C:\Users\enzoo\PycharmProjects\orbitshield-CV\orbitshield-acv\dataset\synthetic\space_shuttle\space_shuttle_family_107_var_02.png,space_shuttle,synthetic,synthetic_space_shuttle_family_107_var_02.jpg,synthetic::space_shuttle::family_107
C:\Users\enzoo\PycharmProjects\orbitshield-CV\orbitshield-acv\dataset\synthetic\space_shuttle\space_shuttle_family_107_var_03.png,space_shuttle,synthetic,synthetic_space_shuttle_family_107_var_03.jpg,synthetic::space_shuttle::family_107
C:\Users\enzoo\PycharmProjects\orbitshield-CV\orbitshield-acv\dataset\synthetic\space_shuttle\space_shuttle_family_107_var_04.png,space_shuttle,synthetic,synthetic_space_shuttle_family_107_var_04.jpg,synthetic::space_shuttle::family_107
C:\Users\enzoo\PycharmProjects\orbitshield-CV\orbitshield-acv\dataset\synthetic\space_shuttle\space_shuttle_family_107_var_05.png,space_shuttle,synthetic,synthetic_space_shuttle_family_107_var_05.jpg,synthetic::space_shuttle::family_107
C:\Users\enzoo\PycharmProjects\orbitshield-CV\orbitshield-acv\dataset\synthetic\space_shuttle\space_shuttle_family_108_var_01.png,space_shuttle,synthetic,synthetic_space_shuttle_family_108_var_01.jpg,synthetic::space_shuttle::family_108
C:\Users\enzoo\PycharmProjects\orbitshield-CV\orbitshield-acv\dataset\synthetic\space_shuttle\space_shuttle_family_108_var_02.png,space_shuttle,synthetic,synthetic_space_shuttle_family_108_var_02.jpg,synthetic::space_shuttle::family_108
C:\Users\enzoo\PycharmProjects\orbitshield-CV\orbitshield-acv\dataset\synthetic\space_shuttle\space_shuttle_family_108_var_03.png,space_shuttle,synthetic,synthetic_space_shuttle_family_108_var_03.jpg,synthetic::space_shuttle::family_108
C:\Users\enzoo\PycharmProjects\orbitshield-CV\orbitshield-acv\dataset\synthetic\space_shuttle\space_shuttle_family_108_var_04.png,space_shuttle,synthetic,synthetic_space_shuttle_family_108_var_04.jpg,synthetic::space_shuttle::family_108
C:\Users\enzoo\PycharmProjects\orbitshield-CV\orbitshield-acv\dataset\synthetic\space_shuttle\space_shuttle_family_108_var_05.png,space_shuttle,synthetic,synthetic_space_shuttle_family_108_var_05.jpg,synthetic::space_shuttle::family_108
C:\Users\enzoo\PycharmProjects\orbitshield-CV\orbitshield-acv\dataset\synthetic\space_shuttle\space_shuttle_family_109_var_01.png,space_shuttle,synthetic,synthetic_space_shuttle_family_109_var_01.jpg,synthetic::space_shuttle::family_109
C:\Users\enzoo\PycharmProjects\orbitshield-CV\orbitshield-acv\dataset\synthetic\space_shuttle\space_shuttle_family_109_var_02.png,space_shuttle,synthetic,synthetic_space_shuttle_family_109_var_02.jpg,synthetic::space_shuttle::family_109
C:\Users\enzoo\PycharmProjects\orbitshield-CV\orbitshield-acv\dataset\synthetic\space_shuttle\space_shuttle_family_109_var_03.png,space_shuttle,synthetic,synthetic_space_shuttle_family_109_var_03.jpg,synthetic::space_shuttle::family_109
C:\Users\enzoo\PycharmProjects\orbitshield-CV\orbitshield-acv\dataset\synthetic\space_shuttle\space_shuttle_family_109_var_04.png,space_shuttle,synthetic,synthetic_space_shuttle_family_109_var_04.jpg,synthetic::space_shuttle::family_109
C:\Users\enzoo\PycharmProjects\orbitshield-CV\orbitshield-acv\dataset\synthetic\space_shuttle\space_shuttle_family_109_var_05.png,space_shuttle,synthetic,synthetic_space_shuttle_family_109_var_05.jpg,synthetic::space_shuttle::family_109
C:\Users\enzoo\PycharmProjects\orbitshield-CV\orbitshield-acv\dataset\synthetic\space_shuttle\space_shuttle_family_110_var_01.png,space_shuttle,synthetic,synthetic_space_shuttle_family_110_var_01.jpg,synthetic::space_shuttle::family_110
C:\Users\enzoo\PycharmProjects\orbitshield-CV\orbitshield-acv\dataset\synthetic\space_shuttle\space_shuttle_family_110_var_02.png,space_shuttle,synthetic,synthetic_space_shuttle_family_110_var_02.jpg,synthetic::space_shuttle::family_110
C:\Users\enzoo\PycharmProjects\orbitshield-CV\orbitshield-acv\dataset\synthetic\space_shuttle\space_shuttle_family_110_var_03.png,space_shuttle,synthetic,synthetic_space_shuttle_family_110_var_03.jpg,synthetic::space_shuttle::family_110
C:\Users\enzoo\PycharmProjects\orbitshield-CV\orbitshield-acv\dataset\synthetic\space_shuttle\space_shuttle_family_110_var_04.png,space_shuttle,synthetic,synthetic_space_shuttle_family_110_var_04.jpg,synthetic::space_shuttle::family_110
C:\Users\enzoo\PycharmProjects\orbitshield-CV\orbitshield-acv\dataset\synthetic\space_shuttle\space_shuttle_family_110_var_05.png,space_shuttle,synthetic,synthetic_space_shuttle_family_110_var_05.jpg,synthetic::space_shuttle::family_110
C:\Users\enzoo\PycharmProjects\orbitshield-CV\orbitshield-acv\dataset\synthetic\space_shuttle\space_shuttle_family_111_var_01.png,space_shuttle,synthetic,synthetic_space_shuttle_family_111_var_01.jpg,synthetic::space_shuttle::family_111
C:\Users\enzoo\PycharmProjects\orbitshield-CV\orbitshield-acv\dataset\synthetic\space_shuttle\space_shuttle_family_111_var_02.png,space_shuttle,synthetic,synthetic_space_shuttle_family_111_var_02.jpg,synthetic::space_shuttle::family_111
C:\Users\enzoo\PycharmProjects\orbitshield-CV\orbitshield-acv\dataset\synthetic\space_shuttle\space_shuttle_family_111_var_03.png,space_shuttle,synthetic,synthetic_space_shuttle_family_111_var_03.jpg,synthetic::space_shuttle::family_111
C:\Users\enzoo\PycharmProjects\orbitshield-CV\orbitshield-acv\dataset\synthetic\space_shuttle\space_shuttle_family_111_var_04.png,space_shuttle,synthetic,synthetic_space_shuttle_family_111_var_04.jpg,synthetic::space_shuttle::family_111
C:\Users\enzoo\PycharmProjects\orbitshield-CV\orbitshield-acv\dataset\synthetic\space_shuttle\space_shuttle_family_111_var_05.png,space_shuttle,synthetic,synthetic_space_shuttle_family_111_var_05.jpg,synthetic::space_shuttle::family_111
C:\Users\enzoo\PycharmProjects\orbitshield-CV\orbitshield-acv\dataset\synthetic\space_shuttle\space_shuttle_family_112_var_01.png,space_shuttle,synthetic,synthetic_space_shuttle_family_112_var_01.jpg,synthetic::space_shuttle::family_112
C:\Users\enzoo\PycharmProjects\orbitshield-CV\orbitshield-acv\dataset\synthetic\space_shuttle\space_shuttle_family_112_var_02.png,space_shuttle,synthetic,synthetic_space_shuttle_family_112_var_02.jpg,synthetic::space_shuttle::family_112
C:\Users\enzoo\PycharmProjects\orbitshield-CV\orbitshield-acv\dataset\synthetic\space_shuttle\space_shuttle_family_112_var_03.png,space_shuttle,synthetic,synthetic_space_shuttle_family_112_var_03.jpg,synthetic::space_shuttle::family_112
C:\Users\enzoo\PycharmProjects\orbitshield-CV\orbitshield-acv\dataset\synthetic\space_shuttle\space_shuttle_family_112_var_04.png,space_shuttle,synthetic,synthetic_space_shuttle_family_112_var_04.jpg,synthetic::space_shuttle::family_112
C:\Users\enzoo\PycharmProjects\orbitshield-CV\orbitshield-acv\dataset\synthetic\space_shuttle\space_shuttle_family_112_var_05.png,space_shuttle,synthetic,synthetic_space_shuttle_family_112_var_05.jpg,synthetic::space_shuttle::family_112
C:\Users\enzoo\PycharmProjects\orbitshield-CV\orbitshield-acv\dataset\synthetic\space_shuttle\space_shuttle_family_113_var_01.png,space_shuttle,synthetic,synthetic_space_shuttle_family_113_var_01.jpg,synthetic::space_shuttle::family_113
C:\Users\enzoo\PycharmProjects\orbitshield-CV\orbitshield-acv\dataset\synthetic\space_shuttle\space_shuttle_family_113_var_02.png,space_shuttle,synthetic,synthetic_space_shuttle_family_113_var_02.jpg,synthetic::space_shuttle::family_113
C:\Users\enzoo\PycharmProjects\orbitshield-CV\orbitshield-acv\dataset\synthetic\space_shuttle\space_shuttle_family_113_var_03.png,space_shuttle,synthetic,synthetic_space_shuttle_family_113_var_03.jpg,synthetic::space_shuttle::family_113
C:\Users\enzoo\PycharmProjects\orbitshield-CV\orbitshield-acv\dataset\synthetic\space_shuttle\space_shuttle_family_113_var_04.png,space_shuttle,synthetic,synthetic_space_shuttle_family_113_var_04.jpg,synthetic::space_shuttle::family_113
C:\Users\enzoo\PycharmProjects\orbitshield-CV\orbitshield-acv\dataset\synthetic\space_shuttle\space_shuttle_family_113_var_05.png,space_shuttle,synthetic,synthetic_space_shuttle_family_113_var_05.jpg,synthetic::space_shuttle::family_113
C:\Users\enzoo\PycharmProjects\orbitshield-CV\orbitshield-acv\dataset\synthetic\space_shuttle\space_shuttle_family_114_var_01.png,space_shuttle,synthetic,synthetic_space_shuttle_family_114_var_01.jpg,synthetic::space_shuttle::family_114
C:\Users\enzoo\PycharmProjects\orbitshield-CV\orbitshield-acv\dataset\synthetic\space_shuttle\space_shuttle_family_114_var_02.png,space_shuttle,synthetic,synthetic_space_shuttle_family_114_var_02.jpg,synthetic::space_shuttle::family_114
C:\Users\enzoo\PycharmProjects\orbitshield-CV\orbitshield-acv\dataset\synthetic\space_shuttle\space_shuttle_family_114_var_03.png,space_shuttle,synthetic,synthetic_space_shuttle_family_114_var_03.jpg,synthetic::space_shuttle::family_114
C:\Users\enzoo\PycharmProjects\orbitshield-CV\orbitshield-acv\dataset\synthetic\space_shuttle\space_shuttle_family_114_var_04.png,space_shuttle,synthetic,synthetic_space_shuttle_family_114_var_04.jpg,synthetic::space_shuttle::family_114
C:\Users\enzoo\PycharmProjects\orbitshield-CV\orbitshield-acv\dataset\synthetic\space_shuttle\space_shuttle_family_114_var_05.png,space_shuttle,synthetic,synthetic_space_shuttle_family_114_var_05.jpg,synthetic::space_shuttle::family_114
C:\Users\enzoo\PycharmProjects\orbitshield-CV\orbitshield-acv\dataset\synthetic\space_shuttle\space_shuttle_family_115_var_01.png,space_shuttle,synthetic,synthetic_space_shuttle_family_115_var_01.jpg,synthetic::space_shuttle::family_115
C:\Users\enzoo\PycharmProjects\orbitshield-CV\orbitshield-acv\dataset\synthetic\space_shuttle\space_shuttle_family_115_var_02.png,space_shuttle,synthetic,synthetic_space_shuttle_family_115_var_02.jpg,synthetic::space_shuttle::family_115
C:\Users\enzoo\PycharmProjects\orbitshield-CV\orbitshield-acv\dataset\synthetic\space_shuttle\space_shuttle_family_115_var_03.png,space_shuttle,synthetic,synthetic_space_shuttle_family_115_var_03.jpg,synthetic::space_shuttle::family_115
C:\Users\enzoo\PycharmProjects\orbitshield-CV\orbitshield-acv\dataset\synthetic\space_shuttle\space_shuttle_family_115_var_04.png,space_shuttle,synthetic,synthetic_space_shuttle_family_115_var_04.jpg,synthetic::space_shuttle::family_115
C:\Users\enzoo\PycharmProjects\orbitshield-CV\orbitshield-acv\dataset\synthetic\space_shuttle\space_shuttle_family_115_var_05.png,space_shuttle,synthetic,synthetic_space_shuttle_family_115_var_05.jpg,synthetic::space_shuttle::family_115
C:\Users\enzoo\PycharmProjects\orbitshield-CV\orbitshield-acv\dataset\synthetic\space_shuttle\space_shuttle_family_116_var_01.png,space_shuttle,synthetic,synthetic_space_shuttle_family_116_var_01.jpg,synthetic::space_shuttle::family_116
C:\Users\enzoo\PycharmProjects\orbitshield-CV\orbitshield-acv\dataset\synthetic\space_shuttle\space_shuttle_family_116_var_02.png,space_shuttle,synthetic,synthetic_space_shuttle_family_116_var_02.jpg,synthetic::space_shuttle::family_116
C:\Users\enzoo\PycharmProjects\orbitshield-CV\orbitshield-acv\dataset\synthetic\space_shuttle\space_shuttle_family_116_var_03.png,space_shuttle,synthetic,synthetic_space_shuttle_family_116_var_03.jpg,synthetic::space_shuttle::family_116
C:\Users\enzoo\PycharmProjects\orbitshield-CV\orbitshield-acv\dataset\synthetic\space_shuttle\space_shuttle_family_116_var_04.png,space_shuttle,synthetic,synthetic_space_shuttle_family_116_var_04.jpg,synthetic::space_shuttle::family_116
C:\Users\enzoo\PycharmProjects\orbitshield-CV\orbitshield-acv\dataset\synthetic\space_shuttle\space_shuttle_family_116_var_05.png,space_shuttle,synthetic,synthetic_space_shuttle_family_116_var_05.jpg,synthetic::space_shuttle::family_116
C:\Users\enzoo\PycharmProjects\orbitshield-CV\orbitshield-acv\dataset\synthetic\space_shuttle\space_shuttle_family_117_var_01.png,space_shuttle,synthetic,synthetic_space_shuttle_family_117_var_01.jpg,synthetic::space_shuttle::family_117
C:\Users\enzoo\PycharmProjects\orbitshield-CV\orbitshield-acv\dataset\synthetic\space_shuttle\space_shuttle_family_117_var_02.png,space_shuttle,synthetic,synthetic_space_shuttle_family_117_var_02.jpg,synthetic::space_shuttle::family_117
C:\Users\enzoo\PycharmProjects\orbitshield-CV\orbitshield-acv\dataset\synthetic\space_shuttle\space_shuttle_family_117_var_03.png,space_shuttle,synthetic,synthetic_space_shuttle_family_117_var_03.jpg,synthetic::space_shuttle::family_117
C:\Users\enzoo\PycharmProjects\orbitshield-CV\orbitshield-acv\dataset\synthetic\space_shuttle\space_shuttle_family_117_var_04.png,space_shuttle,synthetic,synthetic_space_shuttle_family_117_var_04.jpg,synthetic::space_shuttle::family_117
C:\Users\enzoo\PycharmProjects\orbitshield-CV\orbitshield-acv\dataset\synthetic\space_shuttle\space_shuttle_family_117_var_05.png,space_shuttle,synthetic,synthetic_space_shuttle_family_117_var_05.jpg,synthetic::space_shuttle::family_117
C:\Users\enzoo\PycharmProjects\orbitshield-CV\orbitshield-acv\dataset\synthetic\space_shuttle\space_shuttle_family_118_var_01.png,space_shuttle,synthetic,synthetic_space_shuttle_family_118_var_01.jpg,synthetic::space_shuttle::family_118
C:\Users\enzoo\PycharmProjects\orbitshield-CV\orbitshield-acv\dataset\synthetic\space_shuttle\space_shuttle_family_118_var_02.png,space_shuttle,synthetic,synthetic_space_shuttle_family_118_var_02.jpg,synthetic::space_shuttle::family_118
C:\Users\enzoo\PycharmProjects\orbitshield-CV\orbitshield-acv\dataset\synthetic\space_shuttle\space_shuttle_family_118_var_03.png,space_shuttle,synthetic,synthetic_space_shuttle_family_118_var_03.jpg,synthetic::space_shuttle::family_118
C:\Users\enzoo\PycharmProjects\orbitshield-CV\orbitshield-acv\dataset\synthetic\space_shuttle\space_shuttle_family_118_var_04.png,space_shuttle,synthetic,synthetic_space_shuttle_family_118_var_04.jpg,synthetic::space_shuttle::family_118
C:\Users\enzoo\PycharmProjects\orbitshield-CV\orbitshield-acv\dataset\synthetic\space_shuttle\space_shuttle_family_118_var_05.png,space_shuttle,synthetic,synthetic_space_shuttle_family_118_var_05.jpg,synthetic::space_shuttle::family_118
C:\Users\enzoo\PycharmProjects\orbitshield-CV\orbitshield-acv\dataset\synthetic\space_shuttle\space_shuttle_family_119_var_01.png,space_shuttle,synthetic,synthetic_space_shuttle_family_119_var_01.jpg,synthetic::space_shuttle::family_119
C:\Users\enzoo\PycharmProjects\orbitshield-CV\orbitshield-acv\dataset\synthetic\space_shuttle\space_shuttle_family_119_var_02.png,space_shuttle,synthetic,synthetic_space_shuttle_family_119_var_02.jpg,synthetic::space_shuttle::family_119
C:\Users\enzoo\PycharmProjects\orbitshield-CV\orbitshield-acv\dataset\synthetic\space_shuttle\space_shuttle_family_119_var_03.png,space_shuttle,synthetic,synthetic_space_shuttle_family_119_var_03.jpg,synthetic::space_shuttle::family_119
C:\Users\enzoo\PycharmProjects\orbitshield-CV\orbitshield-acv\dataset\synthetic\space_shuttle\space_shuttle_family_119_var_04.png,space_shuttle,synthetic,synthetic_space_shuttle_family_119_var_04.jpg,synthetic::space_shuttle::family_119
C:\Users\enzoo\PycharmProjects\orbitshield-CV\orbitshield-acv\dataset\synthetic\space_shuttle\space_shuttle_family_119_var_05.png,space_shuttle,synthetic,synthetic_space_shuttle_family_119_var_05.jpg,synthetic::space_shuttle::family_119
C:\Users\enzoo\PycharmProjects\orbitshield-CV\orbitshield-acv\dataset\synthetic\space_shuttle\space_shuttle_family_120_var_01.png,space_shuttle,synthetic,synthetic_space_shuttle_family_120_var_01.jpg,synthetic::space_shuttle::family_120
C:\Users\enzoo\PycharmProjects\orbitshield-CV\orbitshield-acv\dataset\synthetic\space_shuttle\space_shuttle_family_120_var_02.png,space_shuttle,synthetic,synthetic_space_shuttle_family_120_var_02.jpg,synthetic::space_shuttle::family_120
C:\Users\enzoo\PycharmProjects\orbitshield-CV\orbitshield-acv\dataset\synthetic\space_shuttle\space_shuttle_family_120_var_03.png,space_shuttle,synthetic,synthetic_space_shuttle_family_120_var_03.jpg,synthetic::space_shuttle::family_120
C:\Users\enzoo\PycharmProjects\orbitshield-CV\orbitshield-acv\dataset\synthetic\space_shuttle\space_shuttle_family_120_var_04.png,space_shuttle,synthetic,synthetic_space_shuttle_family_120_var_04.jpg,synthetic::space_shuttle::family_120
C:\Users\enzoo\PycharmProjects\orbitshield-CV\orbitshield-acv\dataset\synthetic\space_shuttle\space_shuttle_family_120_var_05.png,space_shuttle,synthetic,synthetic_space_shuttle_family_120_var_05.jpg,synthetic::space_shuttle::family_120
C:\Users\enzoo\PycharmProjects\orbitshield-CV\orbitshield-acv\dataset\synthetic\space_shuttle\space_shuttle_family_121_var_01.png,space_shuttle,synthetic,synthetic_space_shuttle_family_121_var_01.jpg,synthetic::space_shuttle::family_121
C:\Users\enzoo\PycharmProjects\orbitshield-CV\orbitshield-acv\dataset\synthetic\space_shuttle\space_shuttle_family_121_var_02.png,space_shuttle,synthetic,synthetic_space_shuttle_family_121_var_02.jpg,synthetic::space_shuttle::family_121
C:\Users\enzoo\PycharmProjects\orbitshield-CV\orbitshield-acv\dataset\synthetic\space_shuttle\space_shuttle_family_121_var_03.png,space_shuttle,synthetic,synthetic_space_shuttle_family_121_var_03.jpg,synthetic::space_shuttle::family_121
C:\Users\enzoo\PycharmProjects\orbitshield-CV\orbitshield-acv\dataset\synthetic\space_shuttle\space_shuttle_family_121_var_04.png,space_shuttle,synthetic,synthetic_space_shuttle_family_121_var_04.jpg,synthetic::space_shuttle::family_121
C:\Users\enzoo\PycharmProjects\orbitshield-CV\orbitshield-acv\dataset\synthetic\space_shuttle\space_shuttle_family_121_var_05.png,space_shuttle,synthetic,synthetic_space_shuttle_family_121_var_05.jpg,synthetic::space_shuttle::family_121
C:\Users\enzoo\PycharmProjects\orbitshield-CV\orbitshield-acv\dataset\synthetic\space_shuttle\space_shuttle_family_122_var_01.png,space_shuttle,synthetic,synthetic_space_shuttle_family_122_var_01.jpg,synthetic::space_shuttle::family_122
C:\Users\enzoo\PycharmProjects\orbitshield-CV\orbitshield-acv\dataset\synthetic\space_shuttle\space_shuttle_family_122_var_02.png,space_shuttle,synthetic,synthetic_space_shuttle_family_122_var_02.jpg,synthetic::space_shuttle::family_122
C:\Users\enzoo\PycharmProjects\orbitshield-CV\orbitshield-acv\dataset\synthetic\space_shuttle\space_shuttle_family_122_var_03.png,space_shuttle,synthetic,synthetic_space_shuttle_family_122_var_03.jpg,synthetic::space_shuttle::family_122
C:\Users\enzoo\PycharmProjects\orbitshield-CV\orbitshield-acv\dataset\synthetic\space_shuttle\space_shuttle_family_122_var_04.png,space_shuttle,synthetic,synthetic_space_shuttle_family_122_var_04.jpg,synthetic::space_shuttle::family_122
C:\Users\enzoo\PycharmProjects\orbitshield-CV\orbitshield-acv\dataset\synthetic\space_shuttle\space_shuttle_family_122_var_05.png,space_shuttle,synthetic,synthetic_space_shuttle_family_122_var_05.jpg,synthetic::space_shuttle::family_122
C:\Users\enzoo\PycharmProjects\orbitshield-CV\orbitshield-acv\dataset\synthetic\space_shuttle\space_shuttle_family_123_var_01.png,space_shuttle,synthetic,synthetic_space_shuttle_family_123_var_01.jpg,synthetic::space_shuttle::family_123
C:\Users\enzoo\PycharmProjects\orbitshield-CV\orbitshield-acv\dataset\synthetic\space_shuttle\space_shuttle_family_123_var_02.png,space_shuttle,synthetic,synthetic_space_shuttle_family_123_var_02.jpg,synthetic::space_shuttle::family_123
C:\Users\enzoo\PycharmProjects\orbitshield-CV\orbitshield-acv\dataset\synthetic\space_shuttle\space_shuttle_family_123_var_03.png,space_shuttle,synthetic,synthetic_space_shuttle_family_123_var_03.jpg,synthetic::space_shuttle::family_123
C:\Users\enzoo\PycharmProjects\orbitshield-CV\orbitshield-acv\dataset\synthetic\space_shuttle\space_shuttle_family_123_var_04.png,space_shuttle,synthetic,synthetic_space_shuttle_family_123_var_04.jpg,synthetic::space_shuttle::family_123
C:\Users\enzoo\PycharmProjects\orbitshield-CV\orbitshield-acv\dataset\synthetic\space_shuttle\space_shuttle_family_123_var_05.png,space_shuttle,synthetic,synthetic_space_shuttle_family_123_var_05.jpg,synthetic::space_shuttle::family_123
C:\Users\enzoo\PycharmProjects\orbitshield-CV\orbitshield-acv\dataset\synthetic\space_shuttle\space_shuttle_family_124_var_01.png,space_shuttle,synthetic,synthetic_space_shuttle_family_124_var_01.jpg,synthetic::space_shuttle::family_124
C:\Users\enzoo\PycharmProjects\orbitshield-CV\orbitshield-acv\dataset\synthetic\space_shuttle\space_shuttle_family_124_var_02.png,space_shuttle,synthetic,synthetic_space_shuttle_family_124_var_02.jpg,synthetic::space_shuttle::family_124
C:\Users\enzoo\PycharmProjects\orbitshield-CV\orbitshield-acv\dataset\synthetic\space_shuttle\space_shuttle_family_124_var_03.png,space_shuttle,synthetic,synthetic_space_shuttle_family_124_var_03.jpg,synthetic::space_shuttle::family_124
C:\Users\enzoo\PycharmProjects\orbitshield-CV\orbitshield-acv\dataset\synthetic\space_shuttle\space_shuttle_family_124_var_04.png,space_shuttle,synthetic,synthetic_space_shuttle_family_124_var_04.jpg,synthetic::space_shuttle::family_124
C:\Users\enzoo\PycharmProjects\orbitshield-CV\orbitshield-acv\dataset\synthetic\space_shuttle\space_shuttle_family_124_var_05.png,space_shuttle,synthetic,synthetic_space_shuttle_family_124_var_05.jpg,synthetic::space_shuttle::family_124
C:\Users\enzoo\PycharmProjects\orbitshield-CV\orbitshield-acv\dataset\synthetic\space_shuttle\space_shuttle_family_125_var_01.png,space_shuttle,synthetic,synthetic_space_shuttle_family_125_var_01.jpg,synthetic::space_shuttle::family_125
C:\Users\enzoo\PycharmProjects\orbitshield-CV\orbitshield-acv\dataset\synthetic\space_shuttle\space_shuttle_family_125_var_02.png,space_shuttle,synthetic,synthetic_space_shuttle_family_125_var_02.jpg,synthetic::space_shuttle::family_125
C:\Users\enzoo\PycharmProjects\orbitshield-CV\orbitshield-acv\dataset\synthetic\space_shuttle\space_shuttle_family_125_var_03.png,space_shuttle,synthetic,synthetic_space_shuttle_family_125_var_03.jpg,synthetic::space_shuttle::family_125
C:\Users\enzoo\PycharmProjects\orbitshield-CV\orbitshield-acv\dataset\synthetic\space_shuttle\space_shuttle_family_125_var_04.png,space_shuttle,synthetic,synthetic_space_shuttle_family_125_var_04.jpg,synthetic::space_shuttle::family_125
C:\Users\enzoo\PycharmProjects\orbitshield-CV\orbitshield-acv\dataset\synthetic\space_shuttle\space_shuttle_family_125_var_05.png,space_shuttle,synthetic,synthetic_space_shuttle_family_125_var_05.jpg,synthetic::space_shuttle::family_125
C:\Users\enzoo\PycharmProjects\orbitshield-CV\orbitshield-acv\dataset\synthetic\space_shuttle\space_shuttle_family_126_var_01.png,space_shuttle,synthetic,synthetic_space_shuttle_family_126_var_01.jpg,synthetic::space_shuttle::family_126
C:\Users\enzoo\PycharmProjects\orbitshield-CV\orbitshield-acv\dataset\synthetic\space_shuttle\space_shuttle_family_126_var_02.png,space_shuttle,synthetic,synthetic_space_shuttle_family_126_var_02.jpg,synthetic::space_shuttle::family_126
C:\Users\enzoo\PycharmProjects\orbitshield-CV\orbitshield-acv\dataset\synthetic\space_shuttle\space_shuttle_family_126_var_03.png,space_shuttle,synthetic,synthetic_space_shuttle_family_126_var_03.jpg,synthetic::space_shuttle::family_126
C:\Users\enzoo\PycharmProjects\orbitshield-CV\orbitshield-acv\dataset\synthetic\space_shuttle\space_shuttle_family_126_var_04.png,space_shuttle,synthetic,synthetic_space_shuttle_family_126_var_04.jpg,synthetic::space_shuttle::family_126
C:\Users\enzoo\PycharmProjects\orbitshield-CV\orbitshield-acv\dataset\synthetic\space_shuttle\space_shuttle_family_126_var_05.png,space_shuttle,synthetic,synthetic_space_shuttle_family_126_var_05.jpg,synthetic::space_shuttle::family_126
C:\Users\enzoo\PycharmProjects\orbitshield-CV\orbitshield-acv\dataset\synthetic\space_shuttle\space_shuttle_family_127_var_01.png,space_shuttle,synthetic,synthetic_space_shuttle_family_127_var_01.jpg,synthetic::space_shuttle::family_127
C:\Users\enzoo\PycharmProjects\orbitshield-CV\orbitshield-acv\dataset\synthetic\space_shuttle\space_shuttle_family_127_var_02.png,space_shuttle,synthetic,synthetic_space_shuttle_family_127_var_02.jpg,synthetic::space_shuttle::family_127
C:\Users\enzoo\PycharmProjects\orbitshield-CV\orbitshield-acv\dataset\synthetic\space_shuttle\space_shuttle_family_127_var_03.png,space_shuttle,synthetic,synthetic_space_shuttle_family_127_var_03.jpg,synthetic::space_shuttle::family_127
C:\Users\enzoo\PycharmProjects\orbitshield-CV\orbitshield-acv\dataset\synthetic\space_shuttle\space_shuttle_family_127_var_04.png,space_shuttle,synthetic,synthetic_space_shuttle_family_127_var_04.jpg,synthetic::space_shuttle::family_127
C:\Users\enzoo\PycharmProjects\orbitshield-CV\orbitshield-acv\dataset\synthetic\space_shuttle\space_shuttle_family_127_var_05.png,space_shuttle,synthetic,synthetic_space_shuttle_family_127_var_05.jpg,synthetic::space_shuttle::family_127
C:\Users\enzoo\PycharmProjects\orbitshield-CV\orbitshield-acv\dataset\synthetic\space_shuttle\space_shuttle_family_128_var_01.png,space_shuttle,synthetic,synthetic_space_shuttle_family_128_var_01.jpg,synthetic::space_shuttle::family_128
C:\Users\enzoo\PycharmProjects\orbitshield-CV\orbitshield-acv\dataset\synthetic\space_shuttle\space_shuttle_family_128_var_02.png,space_shuttle,synthetic,synthetic_space_shuttle_family_128_var_02.jpg,synthetic::space_shuttle::family_128
C:\Users\enzoo\PycharmProjects\orbitshield-CV\orbitshield-acv\dataset\synthetic\space_shuttle\space_shuttle_family_128_var_03.png,space_shuttle,synthetic,synthetic_space_shuttle_family_128_var_03.jpg,synthetic::space_shuttle::family_128
C:\Users\enzoo\PycharmProjects\orbitshield-CV\orbitshield-acv\dataset\synthetic\space_shuttle\space_shuttle_family_128_var_04.png,space_shuttle,synthetic,synthetic_space_shuttle_family_128_var_04.jpg,synthetic::space_shuttle::family_128
C:\Users\enzoo\PycharmProjects\orbitshield-CV\orbitshield-acv\dataset\synthetic\space_shuttle\space_shuttle_family_128_var_05.png,space_shuttle,synthetic,synthetic_space_shuttle_family_128_var_05.jpg,synthetic::space_shuttle::family_128
C:\Users\enzoo\PycharmProjects\orbitshield-CV\orbitshield-acv\dataset\synthetic\space_shuttle\space_shuttle_family_129_var_01.png,space_shuttle,synthetic,synthetic_space_shuttle_family_129_var_01.jpg,synthetic::space_shuttle::family_129
C:\Users\enzoo\PycharmProjects\orbitshield-CV\orbitshield-acv\dataset\synthetic\space_shuttle\space_shuttle_family_129_var_02.png,space_shuttle,synthetic,synthetic_space_shuttle_family_129_var_02.jpg,synthetic::space_shuttle::family_129
C:\Users\enzoo\PycharmProjects\orbitshield-CV\orbitshield-acv\dataset\synthetic\space_shuttle\space_shuttle_family_129_var_03.png,space_shuttle,synthetic,synthetic_space_shuttle_family_129_var_03.jpg,synthetic::space_shuttle::family_129
C:\Users\enzoo\PycharmProjects\orbitshield-CV\orbitshield-acv\dataset\synthetic\space_shuttle\space_shuttle_family_129_var_04.png,space_shuttle,synthetic,synthetic_space_shuttle_family_129_var_04.jpg,synthetic::space_shuttle::family_129
C:\Users\enzoo\PycharmProjects\orbitshield-CV\orbitshield-acv\dataset\synthetic\space_shuttle\space_shuttle_family_129_var_05.png,space_shuttle,synthetic,synthetic_space_shuttle_family_129_var_05.jpg,synthetic::space_shuttle::family_129
C:\Users\enzoo\PycharmProjects\orbitshield-CV\orbitshield-acv\dataset\synthetic\space_shuttle\space_shuttle_family_130_var_01.png,space_shuttle,synthetic,synthetic_space_shuttle_family_130_var_01.jpg,synthetic::space_shuttle::family_130
C:\Users\enzoo\PycharmProjects\orbitshield-CV\orbitshield-acv\dataset\synthetic\space_shuttle\space_shuttle_family_130_var_02.png,space_shuttle,synthetic,synthetic_space_shuttle_family_130_var_02.jpg,synthetic::space_shuttle::family_130
C:\Users\enzoo\PycharmProjects\orbitshield-CV\orbitshield-acv\dataset\synthetic\space_shuttle\space_shuttle_family_130_var_03.png,space_shuttle,synthetic,synthetic_space_shuttle_family_130_var_03.jpg,synthetic::space_shuttle::family_130
C:\Users\enzoo\PycharmProjects\orbitshield-CV\orbitshield-acv\dataset\synthetic\space_shuttle\space_shuttle_family_130_var_04.png,space_shuttle,synthetic,synthetic_space_shuttle_family_130_var_04.jpg,synthetic::space_shuttle::family_130
C:\Users\enzoo\PycharmProjects\orbitshield-CV\orbitshield-acv\dataset\synthetic\space_shuttle\space_shuttle_family_130_var_05.png,space_shuttle,synthetic,synthetic_space_shuttle_family_130_var_05.jpg,synthetic::space_shuttle::family_130
C:\Users\enzoo\PycharmProjects\orbitshield-CV\orbitshield-acv\dataset\synthetic\space_shuttle\space_shuttle_family_131_var_01.png,space_shuttle,synthetic,synthetic_space_shuttle_family_131_var_01.jpg,synthetic::space_shuttle::family_131
C:\Users\enzoo\PycharmProjects\orbitshield-CV\orbitshield-acv\dataset\synthetic\space_shuttle\space_shuttle_family_131_var_02.png,space_shuttle,synthetic,synthetic_space_shuttle_family_131_var_02.jpg,synthetic::space_shuttle::family_131
C:\Users\enzoo\PycharmProjects\orbitshield-CV\orbitshield-acv\dataset\synthetic\space_shuttle\space_shuttle_family_131_var_03.png,space_shuttle,synthetic,synthetic_space_shuttle_family_131_var_03.jpg,synthetic::space_shuttle::family_131
C:\Users\enzoo\PycharmProjects\orbitshield-CV\orbitshield-acv\dataset\synthetic\space_shuttle\space_shuttle_family_131_var_04.png,space_shuttle,synthetic,synthetic_space_shuttle_family_131_var_04.jpg,synthetic::space_shuttle::family_131
C:\Users\enzoo\PycharmProjects\orbitshield-CV\orbitshield-acv\dataset\synthetic\space_shuttle\space_shuttle_family_131_var_05.png,space_shuttle,synthetic,synthetic_space_shuttle_family_131_var_05.jpg,synthetic::space_shuttle::family_131
C:\Users\enzoo\PycharmProjects\orbitshield-CV\orbitshield-acv\dataset\synthetic\space_shuttle\space_shuttle_family_132_var_01.png,space_shuttle,synthetic,synthetic_space_shuttle_family_132_var_01.jpg,synthetic::space_shuttle::family_132
C:\Users\enzoo\PycharmProjects\orbitshield-CV\orbitshield-acv\dataset\synthetic\space_shuttle\space_shuttle_family_132_var_02.png,space_shuttle,synthetic,synthetic_space_shuttle_family_132_var_02.jpg,synthetic::space_shuttle::family_132
C:\Users\enzoo\PycharmProjects\orbitshield-CV\orbitshield-acv\dataset\synthetic\space_shuttle\space_shuttle_family_132_var_03.png,space_shuttle,synthetic,synthetic_space_shuttle_family_132_var_03.jpg,synthetic::space_shuttle::family_132
C:\Users\enzoo\PycharmProjects\orbitshield-CV\orbitshield-acv\dataset\synthetic\space_shuttle\space_shuttle_family_132_var_04.png,space_shuttle,synthetic,synthetic_space_shuttle_family_132_var_04.jpg,synthetic::space_shuttle::family_132
C:\Users\enzoo\PycharmProjects\orbitshield-CV\orbitshield-acv\dataset\synthetic\space_shuttle\space_shuttle_family_132_var_05.png,space_shuttle,synthetic,synthetic_space_shuttle_family_132_var_05.jpg,synthetic::space_shuttle::family_132
C:\Users\enzoo\PycharmProjects\orbitshield-CV\orbitshield-acv\dataset\synthetic\space_shuttle\space_shuttle_family_133_var_01.png,space_shuttle,synthetic,synthetic_space_shuttle_family_133_var_01.jpg,synthetic::space_shuttle::family_133
C:\Users\enzoo\PycharmProjects\orbitshield-CV\orbitshield-acv\dataset\synthetic\space_shuttle\space_shuttle_family_133_var_02.png,space_shuttle,synthetic,synthetic_space_shuttle_family_133_var_02.jpg,synthetic::space_shuttle::family_133
C:\Users\enzoo\PycharmProjects\orbitshield-CV\orbitshield-acv\dataset\synthetic\space_shuttle\space_shuttle_family_133_var_03.png,space_shuttle,synthetic,synthetic_space_shuttle_family_133_var_03.jpg,synthetic::space_shuttle::family_133
C:\Users\enzoo\PycharmProjects\orbitshield-CV\orbitshield-acv\dataset\synthetic\space_shuttle\space_shuttle_family_133_var_04.png,space_shuttle,synthetic,synthetic_space_shuttle_family_133_var_04.jpg,synthetic::space_shuttle::family_133
C:\Users\enzoo\PycharmProjects\orbitshield-CV\orbitshield-acv\dataset\synthetic\space_shuttle\space_shuttle_family_133_var_05.png,space_shuttle,synthetic,synthetic_space_shuttle_family_133_var_05.jpg,synthetic::space_shuttle::family_133
C:\Users\enzoo\PycharmProjects\orbitshield-CV\orbitshield-acv\dataset\synthetic\space_shuttle\space_shuttle_family_134_var_01.png,space_shuttle,synthetic,synthetic_space_shuttle_family_134_var_01.jpg,synthetic::space_shuttle::family_134
C:\Users\enzoo\PycharmProjects\orbitshield-CV\orbitshield-acv\dataset\synthetic\space_shuttle\space_shuttle_family_134_var_02.png,space_shuttle,synthetic,synthetic_space_shuttle_family_134_var_02.jpg,synthetic::space_shuttle::family_134
C:\Users\enzoo\PycharmProjects\orbitshield-CV\orbitshield-acv\dataset\synthetic\space_shuttle\space_shuttle_family_134_var_03.png,space_shuttle,synthetic,synthetic_space_shuttle_family_134_var_03.jpg,synthetic::space_shuttle::family_134
C:\Users\enzoo\PycharmProjects\orbitshield-CV\orbitshield-acv\dataset\synthetic\space_shuttle\space_shuttle_family_134_var_04.png,space_shuttle,synthetic,synthetic_space_shuttle_family_134_var_04.jpg,synthetic::space_shuttle::family_134
C:\Users\enzoo\PycharmProjects\orbitshield-CV\orbitshield-acv\dataset\synthetic\space_shuttle\space_shuttle_family_134_var_05.png,space_shuttle,synthetic,synthetic_space_shuttle_family_134_var_05.jpg,synthetic::space_shuttle::family_134
C:\Users\enzoo\PycharmProjects\orbitshield-CV\orbitshield-acv\dataset\synthetic\space_shuttle\space_shuttle_family_135_var_01.png,space_shuttle,synthetic,synthetic_space_shuttle_family_135_var_01.jpg,synthetic::space_shuttle::family_135
C:\Users\enzoo\PycharmProjects\orbitshield-CV\orbitshield-acv\dataset\synthetic\space_shuttle\space_shuttle_family_135_var_02.png,space_shuttle,synthetic,synthetic_space_shuttle_family_135_var_02.jpg,synthetic::space_shuttle::family_135
C:\Users\enzoo\PycharmProjects\orbitshield-CV\orbitshield-acv\dataset\synthetic\space_shuttle\space_shuttle_family_135_var_03.png,space_shuttle,synthetic,synthetic_space_shuttle_family_135_var_03.jpg,synthetic::space_shuttle::family_135
C:\Users\enzoo\PycharmProjects\orbitshield-CV\orbitshield-acv\dataset\synthetic\space_shuttle\space_shuttle_family_135_var_04.png,space_shuttle,synthetic,synthetic_space_shuttle_family_135_var_04.jpg,synthetic::space_shuttle::family_135
C:\Users\enzoo\PycharmProjects\orbitshield-CV\orbitshield-acv\dataset\synthetic\space_shuttle\space_shuttle_family_135_var_05.png,space_shuttle,synthetic,synthetic_space_shuttle_family_135_var_05.jpg,synthetic::space_shuttle::family_135
C:\Users\enzoo\PycharmProjects\orbitshield-CV\orbitshield-acv\dataset\synthetic\space_shuttle\space_shuttle_family_136_var_01.png,space_shuttle,synthetic,synthetic_space_shuttle_family_136_var_01.jpg,synthetic::space_shuttle::family_136
C:\Users\enzoo\PycharmProjects\orbitshield-CV\orbitshield-acv\dataset\synthetic\space_shuttle\space_shuttle_family_136_var_02.png,space_shuttle,synthetic,synthetic_space_shuttle_family_136_var_02.jpg,synthetic::space_shuttle::family_136
C:\Users\enzoo\PycharmProjects\orbitshield-CV\orbitshield-acv\dataset\synthetic\space_shuttle\space_shuttle_family_136_var_03.png,space_shuttle,synthetic,synthetic_space_shuttle_family_136_var_03.jpg,synthetic::space_shuttle::family_136
C:\Users\enzoo\PycharmProjects\orbitshield-CV\orbitshield-acv\dataset\synthetic\space_shuttle\space_shuttle_family_136_var_04.png,space_shuttle,synthetic,synthetic_space_shuttle_family_136_var_04.jpg,synthetic::space_shuttle::family_136
C:\Users\enzoo\PycharmProjects\orbitshield-CV\orbitshield-acv\dataset\synthetic\space_shuttle\space_shuttle_family_136_var_05.png,space_shuttle,synthetic,synthetic_space_shuttle_family_136_var_05.jpg,synthetic::space_shuttle::family_136
C:\Users\enzoo\PycharmProjects\orbitshield-CV\orbitshield-acv\dataset\synthetic\space_shuttle\space_shuttle_family_137_var_01.png,space_shuttle,synthetic,synthetic_space_shuttle_family_137_var_01.jpg,synthetic::space_shuttle::family_137
C:\Users\enzoo\PycharmProjects\orbitshield-CV\orbitshield-acv\dataset\synthetic\space_shuttle\space_shuttle_family_137_var_02.png,space_shuttle,synthetic,synthetic_space_shuttle_family_137_var_02.jpg,synthetic::space_shuttle::family_137
C:\Users\enzoo\PycharmProjects\orbitshield-CV\orbitshield-acv\dataset\synthetic\space_shuttle\space_shuttle_family_137_var_03.png,space_shuttle,synthetic,synthetic_space_shuttle_family_137_var_03.jpg,synthetic::space_shuttle::family_137
C:\Users\enzoo\PycharmProjects\orbitshield-CV\orbitshield-acv\dataset\synthetic\space_shuttle\space_shuttle_family_137_var_04.png,space_shuttle,synthetic,synthetic_space_shuttle_family_137_var_04.jpg,synthetic::space_shuttle::family_137
C:\Users\enzoo\PycharmProjects\orbitshield-CV\orbitshield-acv\dataset\synthetic\space_shuttle\space_shuttle_family_137_var_05.png,space_shuttle,synthetic,synthetic_space_shuttle_family_137_var_05.jpg,synthetic::space_shuttle::family_137
C:\Users\enzoo\PycharmProjects\orbitshield-CV\orbitshield-acv\dataset\synthetic\space_shuttle\space_shuttle_family_138_var_01.png,space_shuttle,synthetic,synthetic_space_shuttle_family_138_var_01.jpg,synthetic::space_shuttle::family_138
C:\Users\enzoo\PycharmProjects\orbitshield-CV\orbitshield-acv\dataset\synthetic\space_shuttle\space_shuttle_family_138_var_02.png,space_shuttle,synthetic,synthetic_space_shuttle_family_138_var_02.jpg,synthetic::space_shuttle::family_138
C:\Users\enzoo\PycharmProjects\orbitshield-CV\orbitshield-acv\dataset\synthetic\space_shuttle\space_shuttle_family_138_var_03.png,space_shuttle,synthetic,synthetic_space_shuttle_family_138_var_03.jpg,synthetic::space_shuttle::family_138
C:\Users\enzoo\PycharmProjects\orbitshield-CV\orbitshield-acv\dataset\synthetic\space_shuttle\space_shuttle_family_138_var_04.png,space_shuttle,synthetic,synthetic_space_shuttle_family_138_var_04.jpg,synthetic::space_shuttle::family_138
C:\Users\enzoo\PycharmProjects\orbitshield-CV\orbitshield-acv\dataset\synthetic\space_shuttle\space_shuttle_family_138_var_05.png,space_shuttle,synthetic,synthetic_space_shuttle_family_138_var_05.jpg,synthetic::space_shuttle::family_138
C:\Users\enzoo\PycharmProjects\orbitshield-CV\orbitshield-acv\dataset\synthetic\space_shuttle\space_shuttle_family_139_var_01.png,space_shuttle,synthetic,synthetic_space_shuttle_family_139_var_01.jpg,synthetic::space_shuttle::family_139
C:\Users\enzoo\PycharmProjects\orbitshield-CV\orbitshield-acv\dataset\synthetic\space_shuttle\space_shuttle_family_139_var_02.png,space_shuttle,synthetic,synthetic_space_shuttle_family_139_var_02.jpg,synthetic::space_shuttle::family_139
C:\Users\enzoo\PycharmProjects\orbitshield-CV\orbitshield-acv\dataset\synthetic\space_shuttle\space_shuttle_family_139_var_03.png,space_shuttle,synthetic,synthetic_space_shuttle_family_139_var_03.jpg,synthetic::space_shuttle::family_139
C:\Users\enzoo\PycharmProjects\orbitshield-CV\orbitshield-acv\dataset\synthetic\space_shuttle\space_shuttle_family_139_var_04.png,space_shuttle,synthetic,synthetic_space_shuttle_family_139_var_04.jpg,synthetic::space_shuttle::family_139
C:\Users\enzoo\PycharmProjects\orbitshield-CV\orbitshield-acv\dataset\synthetic\space_shuttle\space_shuttle_family_139_var_05.png,space_shuttle,synthetic,synthetic_space_shuttle_family_139_var_05.jpg,synthetic::space_shuttle::family_139
C:\Users\enzoo\PycharmProjects\orbitshield-CV\orbitshield-acv\dataset\synthetic\space_shuttle\space_shuttle_family_140_var_01.png,space_shuttle,synthetic,synthetic_space_shuttle_family_140_var_01.jpg,synthetic::space_shuttle::family_140
C:\Users\enzoo\PycharmProjects\orbitshield-CV\orbitshield-acv\dataset\synthetic\space_shuttle\space_shuttle_family_140_var_02.png,space_shuttle,synthetic,synthetic_space_shuttle_family_140_var_02.jpg,synthetic::space_shuttle::family_140
C:\Users\enzoo\PycharmProjects\orbitshield-CV\orbitshield-acv\dataset\synthetic\space_shuttle\space_shuttle_family_140_var_03.png,space_shuttle,synthetic,synthetic_space_shuttle_family_140_var_03.jpg,synthetic::space_shuttle::family_140
C:\Users\enzoo\PycharmProjects\orbitshield-CV\orbitshield-acv\dataset\synthetic\space_shuttle\space_shuttle_family_140_var_04.png,space_shuttle,synthetic,synthetic_space_shuttle_family_140_var_04.jpg,synthetic::space_shuttle::family_140
C:\Users\enzoo\PycharmProjects\orbitshield-CV\orbitshield-acv\dataset\synthetic\space_shuttle\space_shuttle_family_140_var_05.png,space_shuttle,synthetic,synthetic_space_shuttle_family_140_var_05.jpg,synthetic::space_shuttle::family_140
C:\Users\enzoo\PycharmProjects\orbitshield-CV\orbitshield-acv\dataset\synthetic\space_shuttle\space_shuttle_family_141_var_01.png,space_shuttle,synthetic,synthetic_space_shuttle_family_141_var_01.jpg,synthetic::space_shuttle::family_141
C:\Users\enzoo\PycharmProjects\orbitshield-CV\orbitshield-acv\dataset\synthetic\space_shuttle\space_shuttle_family_141_var_02.png,space_shuttle,synthetic,synthetic_space_shuttle_family_141_var_02.jpg,synthetic::space_shuttle::family_141
C:\Users\enzoo\PycharmProjects\orbitshield-CV\orbitshield-acv\dataset\synthetic\space_shuttle\space_shuttle_family_141_var_03.png,space_shuttle,synthetic,synthetic_space_shuttle_family_141_var_03.jpg,synthetic::space_shuttle::family_141
C:\Users\enzoo\PycharmProjects\orbitshield-CV\orbitshield-acv\dataset\synthetic\space_shuttle\space_shuttle_family_141_var_04.png,space_shuttle,synthetic,synthetic_space_shuttle_family_141_var_04.jpg,synthetic::space_shuttle::family_141
C:\Users\enzoo\PycharmProjects\orbitshield-CV\orbitshield-acv\dataset\synthetic\space_shuttle\space_shuttle_family_141_var_05.png,space_shuttle,synthetic,synthetic_space_shuttle_family_141_var_05.jpg,synthetic::space_shuttle::family_141
C:\Users\enzoo\PycharmProjects\orbitshield-CV\orbitshield-acv\dataset\synthetic\space_shuttle\space_shuttle_family_142_var_01.png,space_shuttle,synthetic,synthetic_space_shuttle_family_142_var_01.jpg,synthetic::space_shuttle::family_142
C:\Users\enzoo\PycharmProjects\orbitshield-CV\orbitshield-acv\dataset\synthetic\space_shuttle\space_shuttle_family_142_var_02.png,space_shuttle,synthetic,synthetic_space_shuttle_family_142_var_02.jpg,synthetic::space_shuttle::family_142
C:\Users\enzoo\PycharmProjects\orbitshield-CV\orbitshield-acv\dataset\synthetic\space_shuttle\space_shuttle_family_142_var_03.png,space_shuttle,synthetic,synthetic_space_shuttle_family_142_var_03.jpg,synthetic::space_shuttle::family_142
C:\Users\enzoo\PycharmProjects\orbitshield-CV\orbitshield-acv\dataset\synthetic\space_shuttle\space_shuttle_family_142_var_04.png,space_shuttle,synthetic,synthetic_space_shuttle_family_142_var_04.jpg,synthetic::space_shuttle::family_142
C:\Users\enzoo\PycharmProjects\orbitshield-CV\orbitshield-acv\dataset\synthetic\space_shuttle\space_shuttle_family_142_var_05.png,space_shuttle,synthetic,synthetic_space_shuttle_family_142_var_05.jpg,synthetic::space_shuttle::family_142
C:\Users\enzoo\PycharmProjects\orbitshield-CV\orbitshield-acv\dataset\synthetic\space_shuttle\space_shuttle_family_143_var_01.png,space_shuttle,synthetic,synthetic_space_shuttle_family_143_var_01.jpg,synthetic::space_shuttle::family_143
C:\Users\enzoo\PycharmProjects\orbitshield-CV\orbitshield-acv\dataset\synthetic\space_shuttle\space_shuttle_family_143_var_02.png,space_shuttle,synthetic,synthetic_space_shuttle_family_143_var_02.jpg,synthetic::space_shuttle::family_143
C:\Users\enzoo\PycharmProjects\orbitshield-CV\orbitshield-acv\dataset\synthetic\space_shuttle\space_shuttle_family_143_var_03.png,space_shuttle,synthetic,synthetic_space_shuttle_family_143_var_03.jpg,synthetic::space_shuttle::family_143
C:\Users\enzoo\PycharmProjects\orbitshield-CV\orbitshield-acv\dataset\synthetic\space_shuttle\space_shuttle_family_143_var_04.png,space_shuttle,synthetic,synthetic_space_shuttle_family_143_var_04.jpg,synthetic::space_shuttle::family_143
C:\Users\enzoo\PycharmProjects\orbitshield-CV\orbitshield-acv\dataset\synthetic\space_shuttle\space_shuttle_family_143_var_05.png,space_shuttle,synthetic,synthetic_space_shuttle_family_143_var_05.jpg,synthetic::space_shuttle::family_143
C:\Users\enzoo\PycharmProjects\orbitshield-CV\orbitshield-acv\dataset\synthetic\space_shuttle\space_shuttle_family_144_var_01.png,space_shuttle,synthetic,synthetic_space_shuttle_family_144_var_01.jpg,synthetic::space_shuttle::family_144
C:\Users\enzoo\PycharmProjects\orbitshield-CV\orbitshield-acv\dataset\synthetic\space_shuttle\space_shuttle_family_144_var_02.png,space_shuttle,synthetic,synthetic_space_shuttle_family_144_var_02.jpg,synthetic::space_shuttle::family_144
C:\Users\enzoo\PycharmProjects\orbitshield-CV\orbitshield-acv\dataset\synthetic\space_shuttle\space_shuttle_family_144_var_03.png,space_shuttle,synthetic,synthetic_space_shuttle_family_144_var_03.jpg,synthetic::space_shuttle::family_144
C:\Users\enzoo\PycharmProjects\orbitshield-CV\orbitshield-acv\dataset\synthetic\space_shuttle\space_shuttle_family_144_var_04.png,space_shuttle,synthetic,synthetic_space_shuttle_family_144_var_04.jpg,synthetic::space_shuttle::family_144
C:\Users\enzoo\PycharmProjects\orbitshield-CV\orbitshield-acv\dataset\synthetic\space_shuttle\space_shuttle_family_144_var_05.png,space_shuttle,synthetic,synthetic_space_shuttle_family_144_var_05.jpg,synthetic::space_shuttle::family_144
C:\Users\enzoo\PycharmProjects\orbitshield-CV\orbitshield-acv\dataset\synthetic\space_shuttle\space_shuttle_family_145_var_01.png,space_shuttle,synthetic,synthetic_space_shuttle_family_145_var_01.jpg,synthetic::space_shuttle::family_145
C:\Users\enzoo\PycharmProjects\orbitshield-CV\orbitshield-acv\dataset\synthetic\space_shuttle\space_shuttle_family_145_var_02.png,space_shuttle,synthetic,synthetic_space_shuttle_family_145_var_02.jpg,synthetic::space_shuttle::family_145
C:\Users\enzoo\PycharmProjects\orbitshield-CV\orbitshield-acv\dataset\synthetic\space_shuttle\space_shuttle_family_145_var_03.png,space_shuttle,synthetic,synthetic_space_shuttle_family_145_var_03.jpg,synthetic::space_shuttle::family_145
C:\Users\enzoo\PycharmProjects\orbitshield-CV\orbitshield-acv\dataset\synthetic\space_shuttle\space_shuttle_family_145_var_04.png,space_shuttle,synthetic,synthetic_space_shuttle_family_145_var_04.jpg,synthetic::space_shuttle::family_145
C:\Users\enzoo\PycharmProjects\orbitshield-CV\orbitshield-acv\dataset\synthetic\space_shuttle\space_shuttle_family_145_var_05.png,space_shuttle,synthetic,synthetic_space_shuttle_family_145_var_05.jpg,synthetic::space_shuttle::family_145
C:\Users\enzoo\PycharmProjects\orbitshield-CV\orbitshield-acv\dataset\synthetic\space_shuttle\space_shuttle_family_146_var_01.png,space_shuttle,synthetic,synthetic_space_shuttle_family_146_var_01.jpg,synthetic::space_shuttle::family_146
C:\Users\enzoo\PycharmProjects\orbitshield-CV\orbitshield-acv\dataset\synthetic\space_shuttle\space_shuttle_family_146_var_02.png,space_shuttle,synthetic,synthetic_space_shuttle_family_146_var_02.jpg,synthetic::space_shuttle::family_146
C:\Users\enzoo\PycharmProjects\orbitshield-CV\orbitshield-acv\dataset\synthetic\space_shuttle\space_shuttle_family_146_var_03.png,space_shuttle,synthetic,synthetic_space_shuttle_family_146_var_03.jpg,synthetic::space_shuttle::family_146
C:\Users\enzoo\PycharmProjects\orbitshield-CV\orbitshield-acv\dataset\synthetic\space_shuttle\space_shuttle_family_146_var_04.png,space_shuttle,synthetic,synthetic_space_shuttle_family_146_var_04.jpg,synthetic::space_shuttle::family_146
C:\Users\enzoo\PycharmProjects\orbitshield-CV\orbitshield-acv\dataset\synthetic\space_shuttle\space_shuttle_family_146_var_05.png,space_shuttle,synthetic,synthetic_space_shuttle_family_146_var_05.jpg,synthetic::space_shuttle::family_146
C:\Users\enzoo\PycharmProjects\orbitshield-CV\orbitshield-acv\dataset\synthetic\space_shuttle\space_shuttle_family_147_var_01.png,space_shuttle,synthetic,synthetic_space_shuttle_family_147_var_01.jpg,synthetic::space_shuttle::family_147
C:\Users\enzoo\PycharmProjects\orbitshield-CV\orbitshield-acv\dataset\synthetic\space_shuttle\space_shuttle_family_147_var_02.png,space_shuttle,synthetic,synthetic_space_shuttle_family_147_var_02.jpg,synthetic::space_shuttle::family_147
C:\Users\enzoo\PycharmProjects\orbitshield-CV\orbitshield-acv\dataset\synthetic\space_shuttle\space_shuttle_family_147_var_03.png,space_shuttle,synthetic,synthetic_space_shuttle_family_147_var_03.jpg,synthetic::space_shuttle::family_147
C:\Users\enzoo\PycharmProjects\orbitshield-CV\orbitshield-acv\dataset\synthetic\space_shuttle\space_shuttle_family_147_var_04.png,space_shuttle,synthetic,synthetic_space_shuttle_family_147_var_04.jpg,synthetic::space_shuttle::family_147
C:\Users\enzoo\PycharmProjects\orbitshield-CV\orbitshield-acv\dataset\synthetic\space_shuttle\space_shuttle_family_147_var_05.png,space_shuttle,synthetic,synthetic_space_shuttle_family_147_var_05.jpg,synthetic::space_shuttle::family_147
C:\Users\enzoo\PycharmProjects\orbitshield-CV\orbitshield-acv\dataset\synthetic\space_shuttle\space_shuttle_family_148_var_01.png,space_shuttle,synthetic,synthetic_space_shuttle_family_148_var_01.jpg,synthetic::space_shuttle::family_148
C:\Users\enzoo\PycharmProjects\orbitshield-CV\orbitshield-acv\dataset\synthetic\space_shuttle\space_shuttle_family_148_var_02.png,space_shuttle,synthetic,synthetic_space_shuttle_family_148_var_02.jpg,synthetic::space_shuttle::family_148
C:\Users\enzoo\PycharmProjects\orbitshield-CV\orbitshield-acv\dataset\synthetic\space_shuttle\space_shuttle_family_148_var_03.png,space_shuttle,synthetic,synthetic_space_shuttle_family_148_var_03.jpg,synthetic::space_shuttle::family_148
C:\Users\enzoo\PycharmProjects\orbitshield-CV\orbitshield-acv\dataset\synthetic\space_shuttle\space_shuttle_family_148_var_04.png,space_shuttle,synthetic,synthetic_space_shuttle_family_148_var_04.jpg,synthetic::space_shuttle::family_148
C:\Users\enzoo\PycharmProjects\orbitshield-CV\orbitshield-acv\dataset\synthetic\space_shuttle\space_shuttle_family_148_var_05.png,space_shuttle,synthetic,synthetic_space_shuttle_family_148_var_05.jpg,synthetic::space_shuttle::family_148
C:\Users\enzoo\PycharmProjects\orbitshield-CV\orbitshield-acv\dataset\synthetic\space_shuttle\space_shuttle_family_149_var_01.png,space_shuttle,synthetic,synthetic_space_shuttle_family_149_var_01.jpg,synthetic::space_shuttle::family_149
C:\Users\enzoo\PycharmProjects\orbitshield-CV\orbitshield-acv\dataset\synthetic\space_shuttle\space_shuttle_family_149_var_02.png,space_shuttle,synthetic,synthetic_space_shuttle_family_149_var_02.jpg,synthetic::space_shuttle::family_149
C:\Users\enzoo\PycharmProjects\orbitshield-CV\orbitshield-acv\dataset\synthetic\space_shuttle\space_shuttle_family_149_var_03.png,space_shuttle,synthetic,synthetic_space_shuttle_family_149_var_03.jpg,synthetic::space_shuttle::family_149
C:\Users\enzoo\PycharmProjects\orbitshield-CV\orbitshield-acv\dataset\synthetic\space_shuttle\space_shuttle_family_149_var_04.png,space_shuttle,synthetic,synthetic_space_shuttle_family_149_var_04.jpg,synthetic::space_shuttle::family_149
C:\Users\enzoo\PycharmProjects\orbitshield-CV\orbitshield-acv\dataset\synthetic\space_shuttle\space_shuttle_family_149_var_05.png,space_shuttle,synthetic,synthetic_space_shuttle_family_149_var_05.jpg,synthetic::space_shuttle::family_149
C:\Users\enzoo\PycharmProjects\orbitshield-CV\orbitshield-acv\dataset\synthetic\space_shuttle\space_shuttle_family_150_var_01.png,space_shuttle,synthetic,synthetic_space_shuttle_family_150_var_01.jpg,synthetic::space_shuttle::family_150
C:\Users\enzoo\PycharmProjects\orbitshield-CV\orbitshield-acv\dataset\synthetic\space_shuttle\space_shuttle_family_150_var_02.png,space_shuttle,synthetic,synthetic_space_shuttle_family_150_var_02.jpg,synthetic::space_shuttle::family_150
C:\Users\enzoo\PycharmProjects\orbitshield-CV\orbitshield-acv\dataset\synthetic\space_shuttle\space_shuttle_family_150_var_03.png,space_shuttle,synthetic,synthetic_space_shuttle_family_150_var_03.jpg,synthetic::space_shuttle::family_150
C:\Users\enzoo\PycharmProjects\orbitshield-CV\orbitshield-acv\dataset\synthetic\space_shuttle\space_shuttle_family_150_var_04.png,space_shuttle,synthetic,synthetic_space_shuttle_family_150_var_04.jpg,synthetic::space_shuttle::family_150
C:\Users\enzoo\PycharmProjects\orbitshield-CV\orbitshield-acv\dataset\synthetic\space_shuttle\space_shuttle_family_150_var_05.png,space_shuttle,synthetic,synthetic_space_shuttle_family_150_var_05.jpg,synthetic::space_shuttle::family_150
C:\Users\enzoo\PycharmProjects\orbitshield-CV\orbitshield-acv\dataset\synthetic\space_shuttle\space_shuttle_family_151_var_01.png,space_shuttle,synthetic,synthetic_space_shuttle_family_151_var_01.jpg,synthetic::space_shuttle::family_151
C:\Users\enzoo\PycharmProjects\orbitshield-CV\orbitshield-acv\dataset\synthetic\space_shuttle\space_shuttle_family_151_var_02.png,space_shuttle,synthetic,synthetic_space_shuttle_family_151_var_02.jpg,synthetic::space_shuttle::family_151
C:\Users\enzoo\PycharmProjects\orbitshield-CV\orbitshield-acv\dataset\synthetic\space_shuttle\space_shuttle_family_151_var_03.png,space_shuttle,synthetic,synthetic_space_shuttle_family_151_var_03.jpg,synthetic::space_shuttle::family_151
C:\Users\enzoo\PycharmProjects\orbitshield-CV\orbitshield-acv\dataset\synthetic\space_shuttle\space_shuttle_family_151_var_04.png,space_shuttle,synthetic,synthetic_space_shuttle_family_151_var_04.jpg,synthetic::space_shuttle::family_151
C:\Users\enzoo\PycharmProjects\orbitshield-CV\orbitshield-acv\dataset\synthetic\space_shuttle\space_shuttle_family_151_var_05.png,space_shuttle,synthetic,synthetic_space_shuttle_family_151_var_05.jpg,synthetic::space_shuttle::family_151
C:\Users\enzoo\PycharmProjects\orbitshield-CV\orbitshield-acv\dataset\synthetic\space_shuttle\space_shuttle_family_152_var_01.png,space_shuttle,synthetic,synthetic_space_shuttle_family_152_var_01.jpg,synthetic::space_shuttle::family_152
C:\Users\enzoo\PycharmProjects\orbitshield-CV\orbitshield-acv\dataset\synthetic\space_shuttle\space_shuttle_family_152_var_02.png,space_shuttle,synthetic,synthetic_space_shuttle_family_152_var_02.jpg,synthetic::space_shuttle::family_152
C:\Users\enzoo\PycharmProjects\orbitshield-CV\orbitshield-acv\dataset\synthetic\space_shuttle\space_shuttle_family_152_var_03.png,space_shuttle,synthetic,synthetic_space_shuttle_family_152_var_03.jpg,synthetic::space_shuttle::family_152
C:\Users\enzoo\PycharmProjects\orbitshield-CV\orbitshield-acv\dataset\synthetic\space_shuttle\space_shuttle_family_152_var_04.png,space_shuttle,synthetic,synthetic_space_shuttle_family_152_var_04.jpg,synthetic::space_shuttle::family_152
C:\Users\enzoo\PycharmProjects\orbitshield-CV\orbitshield-acv\dataset\synthetic\space_shuttle\space_shuttle_family_152_var_05.png,space_shuttle,synthetic,synthetic_space_shuttle_family_152_var_05.jpg,synthetic::space_shuttle::family_152
C:\Users\enzoo\PycharmProjects\orbitshield-CV\orbitshield-acv\dataset\synthetic\space_shuttle\space_shuttle_family_153_var_01.png,space_shuttle,synthetic,synthetic_space_shuttle_family_153_var_01.jpg,synthetic::space_shuttle::family_153
C:\Users\enzoo\PycharmProjects\orbitshield-CV\orbitshield-acv\dataset\synthetic\space_shuttle\space_shuttle_family_153_var_02.png,space_shuttle,synthetic,synthetic_space_shuttle_family_153_var_02.jpg,synthetic::space_shuttle::family_153
C:\Users\enzoo\PycharmProjects\orbitshield-CV\orbitshield-acv\dataset\synthetic\space_shuttle\space_shuttle_family_153_var_03.png,space_shuttle,synthetic,synthetic_space_shuttle_family_153_var_03.jpg,synthetic::space_shuttle::family_153
C:\Users\enzoo\PycharmProjects\orbitshield-CV\orbitshield-acv\dataset\synthetic\space_shuttle\space_shuttle_family_153_var_04.png,space_shuttle,synthetic,synthetic_space_shuttle_family_153_var_04.jpg,synthetic::space_shuttle::family_153
C:\Users\enzoo\PycharmProjects\orbitshield-CV\orbitshield-acv\dataset\synthetic\space_shuttle\space_shuttle_family_153_var_05.png,space_shuttle,synthetic,synthetic_space_shuttle_family_153_var_05.jpg,synthetic::space_shuttle::family_153
C:\Users\enzoo\PycharmProjects\orbitshield-CV\orbitshield-acv\dataset\synthetic\space_shuttle\space_shuttle_family_154_var_01.png,space_shuttle,synthetic,synthetic_space_shuttle_family_154_var_01.jpg,synthetic::space_shuttle::family_154
C:\Users\enzoo\PycharmProjects\orbitshield-CV\orbitshield-acv\dataset\synthetic\space_shuttle\space_shuttle_family_154_var_02.png,space_shuttle,synthetic,synthetic_space_shuttle_family_154_var_02.jpg,synthetic::space_shuttle::family_154
C:\Users\enzoo\PycharmProjects\orbitshield-CV\orbitshield-acv\dataset\synthetic\space_shuttle\space_shuttle_family_154_var_03.png,space_shuttle,synthetic,synthetic_space_shuttle_family_154_var_03.jpg,synthetic::space_shuttle::family_154
C:\Users\enzoo\PycharmProjects\orbitshield-CV\orbitshield-acv\dataset\synthetic\space_shuttle\space_shuttle_family_154_var_04.png,space_shuttle,synthetic,synthetic_space_shuttle_family_154_var_04.jpg,synthetic::space_shuttle::family_154
C:\Users\enzoo\PycharmProjects\orbitshield-CV\orbitshield-acv\dataset\synthetic\space_shuttle\space_shuttle_family_154_var_05.png,space_shuttle,synthetic,synthetic_space_shuttle_family_154_var_05.jpg,synthetic::space_shuttle::family_154
C:\Users\enzoo\PycharmProjects\orbitshield-CV\orbitshield-acv\dataset\synthetic\space_shuttle\space_shuttle_family_155_var_01.png,space_shuttle,synthetic,synthetic_space_shuttle_family_155_var_01.jpg,synthetic::space_shuttle::family_155
C:\Users\enzoo\PycharmProjects\orbitshield-CV\orbitshield-acv\dataset\synthetic\space_shuttle\space_shuttle_family_155_var_02.png,space_shuttle,synthetic,synthetic_space_shuttle_family_155_var_02.jpg,synthetic::space_shuttle::family_155
C:\Users\enzoo\PycharmProjects\orbitshield-CV\orbitshield-acv\dataset\synthetic\space_shuttle\space_shuttle_family_155_var_03.png,space_shuttle,synthetic,synthetic_space_shuttle_family_155_var_03.jpg,synthetic::space_shuttle::family_155
C:\Users\enzoo\PycharmProjects\orbitshield-CV\orbitshield-acv\dataset\synthetic\space_shuttle\space_shuttle_family_155_var_04.png,space_shuttle,synthetic,synthetic_space_shuttle_family_155_var_04.jpg,synthetic::space_shuttle::family_155
C:\Users\enzoo\PycharmProjects\orbitshield-CV\orbitshield-acv\dataset\synthetic\space_shuttle\space_shuttle_family_155_var_05.png,space_shuttle,synthetic,synthetic_space_shuttle_family_155_var_05.jpg,synthetic::space_shuttle::family_155
C:\Users\enzoo\PycharmProjects\orbitshield-CV\orbitshield-acv\dataset\synthetic\space_shuttle\space_shuttle_family_156_var_01.png,space_shuttle,synthetic,synthetic_space_shuttle_family_156_var_01.jpg,synthetic::space_shuttle::family_156
C:\Users\enzoo\PycharmProjects\orbitshield-CV\orbitshield-acv\dataset\synthetic\space_shuttle\space_shuttle_family_156_var_02.png,space_shuttle,synthetic,synthetic_space_shuttle_family_156_var_02.jpg,synthetic::space_shuttle::family_156
C:\Users\enzoo\PycharmProjects\orbitshield-CV\orbitshield-acv\dataset\synthetic\space_shuttle\space_shuttle_family_156_var_03.png,space_shuttle,synthetic,synthetic_space_shuttle_family_156_var_03.jpg,synthetic::space_shuttle::family_156
C:\Users\enzoo\PycharmProjects\orbitshield-CV\orbitshield-acv\dataset\synthetic\space_shuttle\space_shuttle_family_156_var_04.png,space_shuttle,synthetic,synthetic_space_shuttle_family_156_var_04.jpg,synthetic::space_shuttle::family_156
C:\Users\enzoo\PycharmProjects\orbitshield-CV\orbitshield-acv\dataset\synthetic\space_shuttle\space_shuttle_family_156_var_05.png,space_shuttle,synthetic,synthetic_space_shuttle_family_156_var_05.jpg,synthetic::space_shuttle::family_156
C:\Users\enzoo\PycharmProjects\orbitshield-CV\orbitshield-acv\dataset\synthetic\space_shuttle\space_shuttle_family_157_var_01.png,space_shuttle,synthetic,synthetic_space_shuttle_family_157_var_01.jpg,synthetic::space_shuttle::family_157
C:\Users\enzoo\PycharmProjects\orbitshield-CV\orbitshield-acv\dataset\synthetic\space_shuttle\space_shuttle_family_157_var_02.png,space_shuttle,synthetic,synthetic_space_shuttle_family_157_var_02.jpg,synthetic::space_shuttle::family_157
C:\Users\enzoo\PycharmProjects\orbitshield-CV\orbitshield-acv\dataset\synthetic\space_shuttle\space_shuttle_family_157_var_03.png,space_shuttle,synthetic,synthetic_space_shuttle_family_157_var_03.jpg,synthetic::space_shuttle::family_157
C:\Users\enzoo\PycharmProjects\orbitshield-CV\orbitshield-acv\dataset\synthetic\space_shuttle\space_shuttle_family_157_var_04.png,space_shuttle,synthetic,synthetic_space_shuttle_family_157_var_04.jpg,synthetic::space_shuttle::family_157
C:\Users\enzoo\PycharmProjects\orbitshield-CV\orbitshield-acv\dataset\synthetic\space_shuttle\space_shuttle_family_157_var_05.png,space_shuttle,synthetic,synthetic_space_shuttle_family_157_var_05.jpg,synthetic::space_shuttle::family_157
C:\Users\enzoo\PycharmProjects\orbitshield-CV\orbitshield-acv\dataset\synthetic\space_shuttle\space_shuttle_family_158_var_01.png,space_shuttle,synthetic,synthetic_space_shuttle_family_158_var_01.jpg,synthetic::space_shuttle::family_158
C:\Users\enzoo\PycharmProjects\orbitshield-CV\orbitshield-acv\dataset\synthetic\space_shuttle\space_shuttle_family_158_var_02.png,space_shuttle,synthetic,synthetic_space_shuttle_family_158_var_02.jpg,synthetic::space_shuttle::family_158
C:\Users\enzoo\PycharmProjects\orbitshield-CV\orbitshield-acv\dataset\synthetic\space_shuttle\space_shuttle_family_158_var_03.png,space_shuttle,synthetic,synthetic_space_shuttle_family_158_var_03.jpg,synthetic::space_shuttle::family_158
C:\Users\enzoo\PycharmProjects\orbitshield-CV\orbitshield-acv\dataset\synthetic\space_shuttle\space_shuttle_family_158_var_04.png,space_shuttle,synthetic,synthetic_space_shuttle_family_158_var_04.jpg,synthetic::space_shuttle::family_158
C:\Users\enzoo\PycharmProjects\orbitshield-CV\orbitshield-acv\dataset\synthetic\space_shuttle\space_shuttle_family_158_var_05.png,space_shuttle,synthetic,synthetic_space_shuttle_family_158_var_05.jpg,synthetic::space_shuttle::family_158
C:\Users\enzoo\PycharmProjects\orbitshield-CV\orbitshield-acv\dataset\synthetic\space_shuttle\space_shuttle_family_159_var_01.png,space_shuttle,synthetic,synthetic_space_shuttle_family_159_var_01.jpg,synthetic::space_shuttle::family_159
C:\Users\enzoo\PycharmProjects\orbitshield-CV\orbitshield-acv\dataset\synthetic\space_shuttle\space_shuttle_family_159_var_02.png,space_shuttle,synthetic,synthetic_space_shuttle_family_159_var_02.jpg,synthetic::space_shuttle::family_159
C:\Users\enzoo\PycharmProjects\orbitshield-CV\orbitshield-acv\dataset\synthetic\space_shuttle\space_shuttle_family_159_var_03.png,space_shuttle,synthetic,synthetic_space_shuttle_family_159_var_03.jpg,synthetic::space_shuttle::family_159
C:\Users\enzoo\PycharmProjects\orbitshield-CV\orbitshield-acv\dataset\synthetic\space_shuttle\space_shuttle_family_159_var_04.png,space_shuttle,synthetic,synthetic_space_shuttle_family_159_var_04.jpg,synthetic::space_shuttle::family_159
C:\Users\enzoo\PycharmProjects\orbitshield-CV\orbitshield-acv\dataset\synthetic\space_shuttle\space_shuttle_family_159_var_05.png,space_shuttle,synthetic,synthetic_space_shuttle_family_159_var_05.jpg,synthetic::space_shuttle::family_159
C:\Users\enzoo\PycharmProjects\orbitshield-CV\orbitshield-acv\dataset\synthetic\space_shuttle\space_shuttle_family_160_var_01.png,space_shuttle,synthetic,synthetic_space_shuttle_family_160_var_01.jpg,synthetic::space_shuttle::family_160
C:\Users\enzoo\PycharmProjects\orbitshield-CV\orbitshield-acv\dataset\synthetic\space_shuttle\space_shuttle_family_160_var_02.png,space_shuttle,synthetic,synthetic_space_shuttle_family_160_var_02.jpg,synthetic::space_shuttle::family_160
C:\Users\enzoo\PycharmProjects\orbitshield-CV\orbitshield-acv\dataset\synthetic\space_shuttle\space_shuttle_family_160_var_03.png,space_shuttle,synthetic,synthetic_space_shuttle_family_160_var_03.jpg,synthetic::space_shuttle::family_160
C:\Users\enzoo\PycharmProjects\orbitshield-CV\orbitshield-acv\dataset\synthetic\space_shuttle\space_shuttle_family_160_var_04.png,space_shuttle,synthetic,synthetic_space_shuttle_family_160_var_04.jpg,synthetic::space_shuttle::family_160
C:\Users\enzoo\PycharmProjects\orbitshield-CV\orbitshield-acv\dataset\synthetic\space_shuttle\space_shuttle_family_160_var_05.png,space_shuttle,synthetic,synthetic_space_shuttle_family_160_var_05.jpg,synthetic::space_shuttle::family_160
C:\Users\enzoo\PycharmProjects\orbitshield-CV\orbitshield-acv\dataset\synthetic\space_shuttle\space_shuttle_family_161_var_01.png,space_shuttle,synthetic,synthetic_space_shuttle_family_161_var_01.jpg,synthetic::space_shuttle::family_161
C:\Users\enzoo\PycharmProjects\orbitshield-CV\orbitshield-acv\dataset\synthetic\space_shuttle\space_shuttle_family_161_var_02.png,space_shuttle,synthetic,synthetic_space_shuttle_family_161_var_02.jpg,synthetic::space_shuttle::family_161
C:\Users\enzoo\PycharmProjects\orbitshield-CV\orbitshield-acv\dataset\synthetic\space_shuttle\space_shuttle_family_161_var_03.png,space_shuttle,synthetic,synthetic_space_shuttle_family_161_var_03.jpg,synthetic::space_shuttle::family_161
C:\Users\enzoo\PycharmProjects\orbitshield-CV\orbitshield-acv\dataset\synthetic\space_shuttle\space_shuttle_family_161_var_04.png,space_shuttle,synthetic,synthetic_space_shuttle_family_161_var_04.jpg,synthetic::space_shuttle::family_161
C:\Users\enzoo\PycharmProjects\orbitshield-CV\orbitshield-acv\dataset\synthetic\space_shuttle\space_shuttle_family_161_var_05.png,space_shuttle,synthetic,synthetic_space_shuttle_family_161_var_05.jpg,synthetic::space_shuttle::family_161
C:\Users\enzoo\PycharmProjects\orbitshield-CV\orbitshield-acv\dataset\synthetic\space_shuttle\space_shuttle_family_162_var_01.png,space_shuttle,synthetic,synthetic_space_shuttle_family_162_var_01.jpg,synthetic::space_shuttle::family_162
C:\Users\enzoo\PycharmProjects\orbitshield-CV\orbitshield-acv\dataset\synthetic\space_shuttle\space_shuttle_family_162_var_02.png,space_shuttle,synthetic,synthetic_space_shuttle_family_162_var_02.jpg,synthetic::space_shuttle::family_162
C:\Users\enzoo\PycharmProjects\orbitshield-CV\orbitshield-acv\dataset\synthetic\space_shuttle\space_shuttle_family_162_var_03.png,space_shuttle,synthetic,synthetic_space_shuttle_family_162_var_03.jpg,synthetic::space_shuttle::family_162
C:\Users\enzoo\PycharmProjects\orbitshield-CV\orbitshield-acv\dataset\synthetic\space_shuttle\space_shuttle_family_162_var_04.png,space_shuttle,synthetic,synthetic_space_shuttle_family_162_var_04.jpg,synthetic::space_shuttle::family_162
C:\Users\enzoo\PycharmProjects\orbitshield-CV\orbitshield-acv\dataset\synthetic\space_shuttle\space_shuttle_family_162_var_05.png,space_shuttle,synthetic,synthetic_space_shuttle_family_162_var_05.jpg,synthetic::space_shuttle::family_162
C:\Users\enzoo\PycharmProjects\orbitshield-CV\orbitshield-acv\dataset\synthetic\space_shuttle\space_shuttle_family_163_var_01.png,space_shuttle,synthetic,synthetic_space_shuttle_family_163_var_01.jpg,synthetic::space_shuttle::family_163
C:\Users\enzoo\PycharmProjects\orbitshield-CV\orbitshield-acv\dataset\synthetic\space_shuttle\space_shuttle_family_163_var_02.png,space_shuttle,synthetic,synthetic_space_shuttle_family_163_var_02.jpg,synthetic::space_shuttle::family_163
C:\Users\enzoo\PycharmProjects\orbitshield-CV\orbitshield-acv\dataset\synthetic\space_shuttle\space_shuttle_family_163_var_03.png,space_shuttle,synthetic,synthetic_space_shuttle_family_163_var_03.jpg,synthetic::space_shuttle::family_163
C:\Users\enzoo\PycharmProjects\orbitshield-CV\orbitshield-acv\dataset\synthetic\space_shuttle\space_shuttle_family_163_var_04.png,space_shuttle,synthetic,synthetic_space_shuttle_family_163_var_04.jpg,synthetic::space_shuttle::family_163
C:\Users\enzoo\PycharmProjects\orbitshield-CV\orbitshield-acv\dataset\synthetic\space_shuttle\space_shuttle_family_163_var_05.png,space_shuttle,synthetic,synthetic_space_shuttle_family_163_var_05.jpg,synthetic::space_shuttle::family_163
C:\Users\enzoo\PycharmProjects\orbitshield-CV\orbitshield-acv\dataset\synthetic\space_shuttle\space_shuttle_family_164_var_01.png,space_shuttle,synthetic,synthetic_space_shuttle_family_164_var_01.jpg,synthetic::space_shuttle::family_164
C:\Users\enzoo\PycharmProjects\orbitshield-CV\orbitshield-acv\dataset\synthetic\space_shuttle\space_shuttle_family_164_var_02.png,space_shuttle,synthetic,synthetic_space_shuttle_family_164_var_02.jpg,synthetic::space_shuttle::family_164
C:\Users\enzoo\PycharmProjects\orbitshield-CV\orbitshield-acv\dataset\synthetic\space_shuttle\space_shuttle_family_164_var_03.png,space_shuttle,synthetic,synthetic_space_shuttle_family_164_var_03.jpg,synthetic::space_shuttle::family_164
C:\Users\enzoo\PycharmProjects\orbitshield-CV\orbitshield-acv\dataset\synthetic\space_shuttle\space_shuttle_family_164_var_04.png,space_shuttle,synthetic,synthetic_space_shuttle_family_164_var_04.jpg,synthetic::space_shuttle::family_164
C:\Users\enzoo\PycharmProjects\orbitshield-CV\orbitshield-acv\dataset\synthetic\space_shuttle\space_shuttle_family_164_var_05.png,space_shuttle,synthetic,synthetic_space_shuttle_family_164_var_05.jpg,synthetic::space_shuttle::family_164
C:\Users\enzoo\PycharmProjects\orbitshield-CV\orbitshield-acv\dataset\synthetic\space_shuttle\space_shuttle_family_165_var_01.png,space_shuttle,synthetic,synthetic_space_shuttle_family_165_var_01.jpg,synthetic::space_shuttle::family_165
C:\Users\enzoo\PycharmProjects\orbitshield-CV\orbitshield-acv\dataset\synthetic\space_shuttle\space_shuttle_family_165_var_02.png,space_shuttle,synthetic,synthetic_space_shuttle_family_165_var_02.jpg,synthetic::space_shuttle::family_165
C:\Users\enzoo\PycharmProjects\orbitshield-CV\orbitshield-acv\dataset\synthetic\space_shuttle\space_shuttle_family_165_var_03.png,space_shuttle,synthetic,synthetic_space_shuttle_family_165_var_03.jpg,synthetic::space_shuttle::family_165
C:\Users\enzoo\PycharmProjects\orbitshield-CV\orbitshield-acv\dataset\synthetic\space_shuttle\space_shuttle_family_165_var_04.png,space_shuttle,synthetic,synthetic_space_shuttle_family_165_var_04.jpg,synthetic::space_shuttle::family_165
C:\Users\enzoo\PycharmProjects\orbitshield-CV\orbitshield-acv\dataset\synthetic\space_shuttle\space_shuttle_family_165_var_05.png,space_shuttle,synthetic,synthetic_space_shuttle_family_165_var_05.jpg,synthetic::space_shuttle::family_165
C:\Users\enzoo\PycharmProjects\orbitshield-CV\orbitshield-acv\dataset\synthetic\space_shuttle\space_shuttle_family_166_var_01.png,space_shuttle,synthetic,synthetic_space_shuttle_family_166_var_01.jpg,synthetic::space_shuttle::family_166
C:\Users\enzoo\PycharmProjects\orbitshield-CV\orbitshield-acv\dataset\synthetic\space_shuttle\space_shuttle_family_166_var_02.png,space_shuttle,synthetic,synthetic_space_shuttle_family_166_var_02.jpg,synthetic::space_shuttle::family_166
C:\Users\enzoo\PycharmProjects\orbitshield-CV\orbitshield-acv\dataset\synthetic\space_shuttle\space_shuttle_family_166_var_03.png,space_shuttle,synthetic,synthetic_space_shuttle_family_166_var_03.jpg,synthetic::space_shuttle::family_166
C:\Users\enzoo\PycharmProjects\orbitshield-CV\orbitshield-acv\dataset\synthetic\space_shuttle\space_shuttle_family_166_var_04.png,space_shuttle,synthetic,synthetic_space_shuttle_family_166_var_04.jpg,synthetic::space_shuttle::family_166
C:\Users\enzoo\PycharmProjects\orbitshield-CV\orbitshield-acv\dataset\synthetic\space_shuttle\space_shuttle_family_166_var_05.png,space_shuttle,synthetic,synthetic_space_shuttle_family_166_var_05.jpg,synthetic::space_shuttle::family_166
C:\Users\enzoo\PycharmProjects\orbitshield-CV\orbitshield-acv\dataset\synthetic\space_shuttle\space_shuttle_family_167_var_01.png,space_shuttle,synthetic,synthetic_space_shuttle_family_167_var_01.jpg,synthetic::space_shuttle::family_167
C:\Users\enzoo\PycharmProjects\orbitshield-CV\orbitshield-acv\dataset\synthetic\space_shuttle\space_shuttle_family_167_var_02.png,space_shuttle,synthetic,synthetic_space_shuttle_family_167_var_02.jpg,synthetic::space_shuttle::family_167
C:\Users\enzoo\PycharmProjects\orbitshield-CV\orbitshield-acv\dataset\synthetic\space_shuttle\space_shuttle_family_167_var_03.png,space_shuttle,synthetic,synthetic_space_shuttle_family_167_var_03.jpg,synthetic::space_shuttle::family_167
C:\Users\enzoo\PycharmProjects\orbitshield-CV\orbitshield-acv\dataset\synthetic\space_shuttle\space_shuttle_family_167_var_04.png,space_shuttle,synthetic,synthetic_space_shuttle_family_167_var_04.jpg,synthetic::space_shuttle::family_167
C:\Users\enzoo\PycharmProjects\orbitshield-CV\orbitshield-acv\dataset\synthetic\space_shuttle\space_shuttle_family_167_var_05.png,space_shuttle,synthetic,synthetic_space_shuttle_family_167_var_05.jpg,synthetic::space_shuttle::family_167
C:\Users\enzoo\PycharmProjects\orbitshield-CV\orbitshield-acv\dataset\synthetic\space_shuttle\space_shuttle_family_168_var_01.png,space_shuttle,synthetic,synthetic_space_shuttle_family_168_var_01.jpg,synthetic::space_shuttle::family_168
C:\Users\enzoo\PycharmProjects\orbitshield-CV\orbitshield-acv\dataset\synthetic\space_shuttle\space_shuttle_family_168_var_02.png,space_shuttle,synthetic,synthetic_space_shuttle_family_168_var_02.jpg,synthetic::space_shuttle::family_168
C:\Users\enzoo\PycharmProjects\orbitshield-CV\orbitshield-acv\dataset\synthetic\space_shuttle\space_shuttle_family_168_var_03.png,space_shuttle,synthetic,synthetic_space_shuttle_family_168_var_03.jpg,synthetic::space_shuttle::family_168
C:\Users\enzoo\PycharmProjects\orbitshield-CV\orbitshield-acv\dataset\synthetic\space_shuttle\space_shuttle_family_168_var_04.png,space_shuttle,synthetic,synthetic_space_shuttle_family_168_var_04.jpg,synthetic::space_shuttle::family_168
C:\Users\enzoo\PycharmProjects\orbitshield-CV\orbitshield-acv\dataset\synthetic\space_shuttle\space_shuttle_family_168_var_05.png,space_shuttle,synthetic,synthetic_space_shuttle_family_168_var_05.jpg,synthetic::space_shuttle::family_168
C:\Users\enzoo\PycharmProjects\orbitshield-CV\orbitshield-acv\dataset\synthetic\space_shuttle\space_shuttle_family_169_var_01.png,space_shuttle,synthetic,synthetic_space_shuttle_family_169_var_01.jpg,synthetic::space_shuttle::family_169
C:\Users\enzoo\PycharmProjects\orbitshield-CV\orbitshield-acv\dataset\synthetic\space_shuttle\space_shuttle_family_169_var_02.png,space_shuttle,synthetic,synthetic_space_shuttle_family_169_var_02.jpg,synthetic::space_shuttle::family_169
C:\Users\enzoo\PycharmProjects\orbitshield-CV\orbitshield-acv\dataset\synthetic\space_shuttle\space_shuttle_family_169_var_03.png,space_shuttle,synthetic,synthetic_space_shuttle_family_169_var_03.jpg,synthetic::space_shuttle::family_169
C:\Users\enzoo\PycharmProjects\orbitshield-CV\orbitshield-acv\dataset\synthetic\space_shuttle\space_shuttle_family_169_var_04.png,space_shuttle,synthetic,synthetic_space_shuttle_family_169_var_04.jpg,synthetic::space_shuttle::family_169
C:\Users\enzoo\PycharmProjects\orbitshield-CV\orbitshield-acv\dataset\synthetic\space_shuttle\space_shuttle_family_169_var_05.png,space_shuttle,synthetic,synthetic_space_shuttle_family_169_var_05.jpg,synthetic::space_shuttle::family_169
C:\Users\enzoo\PycharmProjects\orbitshield-CV\orbitshield-acv\dataset\synthetic\space_shuttle\space_shuttle_family_170_var_01.png,space_shuttle,synthetic,synthetic_space_shuttle_family_170_var_01.jpg,synthetic::space_shuttle::family_170
C:\Users\enzoo\PycharmProjects\orbitshield-CV\orbitshield-acv\dataset\synthetic\space_shuttle\space_shuttle_family_170_var_02.png,space_shuttle,synthetic,synthetic_space_shuttle_family_170_var_02.jpg,synthetic::space_shuttle::family_170
C:\Users\enzoo\PycharmProjects\orbitshield-CV\orbitshield-acv\dataset\synthetic\space_shuttle\space_shuttle_family_170_var_03.png,space_shuttle,synthetic,synthetic_space_shuttle_family_170_var_03.jpg,synthetic::space_shuttle::family_170
C:\Users\enzoo\PycharmProjects\orbitshield-CV\orbitshield-acv\dataset\synthetic\space_shuttle\space_shuttle_family_170_var_04.png,space_shuttle,synthetic,synthetic_space_shuttle_family_170_var_04.jpg,synthetic::space_shuttle::family_170
C:\Users\enzoo\PycharmProjects\orbitshield-CV\orbitshield-acv\dataset\synthetic\space_shuttle\space_shuttle_family_170_var_05.png,space_shuttle,synthetic,synthetic_space_shuttle_family_170_var_05.jpg,synthetic::space_shuttle::family_170
C:\Users\enzoo\PycharmProjects\orbitshield-CV\orbitshield-acv\dataset\synthetic\space_shuttle\space_shuttle_family_171_var_01.png,space_shuttle,synthetic,synthetic_space_shuttle_family_171_var_01.jpg,synthetic::space_shuttle::family_171
C:\Users\enzoo\PycharmProjects\orbitshield-CV\orbitshield-acv\dataset\synthetic\space_shuttle\space_shuttle_family_171_var_02.png,space_shuttle,synthetic,synthetic_space_shuttle_family_171_var_02.jpg,synthetic::space_shuttle::family_171
C:\Users\enzoo\PycharmProjects\orbitshield-CV\orbitshield-acv\dataset\synthetic\space_shuttle\space_shuttle_family_171_var_03.png,space_shuttle,synthetic,synthetic_space_shuttle_family_171_var_03.jpg,synthetic::space_shuttle::family_171
C:\Users\enzoo\PycharmProjects\orbitshield-CV\orbitshield-acv\dataset\synthetic\space_shuttle\space_shuttle_family_171_var_04.png,space_shuttle,synthetic,synthetic_space_shuttle_family_171_var_04.jpg,synthetic::space_shuttle::family_171
C:\Users\enzoo\PycharmProjects\orbitshield-CV\orbitshield-acv\dataset\synthetic\space_shuttle\space_shuttle_family_171_var_05.png,space_shuttle,synthetic,synthetic_space_shuttle_family_171_var_05.jpg,synthetic::space_shuttle::family_171
C:\Users\enzoo\PycharmProjects\orbitshield-CV\orbitshield-acv\dataset\synthetic\space_shuttle\space_shuttle_family_172_var_01.png,space_shuttle,synthetic,synthetic_space_shuttle_family_172_var_01.jpg,synthetic::space_shuttle::family_172
C:\Users\enzoo\PycharmProjects\orbitshield-CV\orbitshield-acv\dataset\synthetic\space_shuttle\space_shuttle_family_172_var_02.png,space_shuttle,synthetic,synthetic_space_shuttle_family_172_var_02.jpg,synthetic::space_shuttle::family_172
C:\Users\enzoo\PycharmProjects\orbitshield-CV\orbitshield-acv\dataset\synthetic\space_shuttle\space_shuttle_family_172_var_03.png,space_shuttle,synthetic,synthetic_space_shuttle_family_172_var_03.jpg,synthetic::space_shuttle::family_172
C:\Users\enzoo\PycharmProjects\orbitshield-CV\orbitshield-acv\dataset\synthetic\space_shuttle\space_shuttle_family_172_var_04.png,space_shuttle,synthetic,synthetic_space_shuttle_family_172_var_04.jpg,synthetic::space_shuttle::family_172
C:\Users\enzoo\PycharmProjects\orbitshield-CV\orbitshield-acv\dataset\synthetic\space_shuttle\space_shuttle_family_172_var_05.png,space_shuttle,synthetic,synthetic_space_shuttle_family_172_var_05.jpg,synthetic::space_shuttle::family_172
C:\Users\enzoo\PycharmProjects\orbitshield-CV\orbitshield-acv\dataset\synthetic\space_shuttle\space_shuttle_family_173_var_01.png,space_shuttle,synthetic,synthetic_space_shuttle_family_173_var_01.jpg,synthetic::space_shuttle::family_173
C:\Users\enzoo\PycharmProjects\orbitshield-CV\orbitshield-acv\dataset\synthetic\space_shuttle\space_shuttle_family_173_var_02.png,space_shuttle,synthetic,synthetic_space_shuttle_family_173_var_02.jpg,synthetic::space_shuttle::family_173
C:\Users\enzoo\PycharmProjects\orbitshield-CV\orbitshield-acv\dataset\synthetic\space_shuttle\space_shuttle_family_173_var_03.png,space_shuttle,synthetic,synthetic_space_shuttle_family_173_var_03.jpg,synthetic::space_shuttle::family_173
C:\Users\enzoo\PycharmProjects\orbitshield-CV\orbitshield-acv\dataset\synthetic\space_shuttle\space_shuttle_family_173_var_04.png,space_shuttle,synthetic,synthetic_space_shuttle_family_173_var_04.jpg,synthetic::space_shuttle::family_173
C:\Users\enzoo\PycharmProjects\orbitshield-CV\orbitshield-acv\dataset\synthetic\space_shuttle\space_shuttle_family_173_var_05.png,space_shuttle,synthetic,synthetic_space_shuttle_family_173_var_05.jpg,synthetic::space_shuttle::family_173
C:\Users\enzoo\PycharmProjects\orbitshield-CV\orbitshield-acv\dataset\synthetic\space_shuttle\space_shuttle_family_174_var_01.png,space_shuttle,synthetic,synthetic_space_shuttle_family_174_var_01.jpg,synthetic::space_shuttle::family_174
C:\Users\enzoo\PycharmProjects\orbitshield-CV\orbitshield-acv\dataset\synthetic\space_shuttle\space_shuttle_family_174_var_02.png,space_shuttle,synthetic,synthetic_space_shuttle_family_174_var_02.jpg,synthetic::space_shuttle::family_174
C:\Users\enzoo\PycharmProjects\orbitshield-CV\orbitshield-acv\dataset\synthetic\space_shuttle\space_shuttle_family_174_var_03.png,space_shuttle,synthetic,synthetic_space_shuttle_family_174_var_03.jpg,synthetic::space_shuttle::family_174
C:\Users\enzoo\PycharmProjects\orbitshield-CV\orbitshield-acv\dataset\synthetic\space_shuttle\space_shuttle_family_174_var_04.png,space_shuttle,synthetic,synthetic_space_shuttle_family_174_var_04.jpg,synthetic::space_shuttle::family_174
C:\Users\enzoo\PycharmProjects\orbitshield-CV\orbitshield-acv\dataset\synthetic\space_shuttle\space_shuttle_family_174_var_05.png,space_shuttle,synthetic,synthetic_space_shuttle_family_174_var_05.jpg,synthetic::space_shuttle::family_174
C:\Users\enzoo\PycharmProjects\orbitshield-CV\orbitshield-acv\dataset\synthetic\space_shuttle\space_shuttle_family_175_var_01.png,space_shuttle,synthetic,synthetic_space_shuttle_family_175_var_01.jpg,synthetic::space_shuttle::family_175
C:\Users\enzoo\PycharmProjects\orbitshield-CV\orbitshield-acv\dataset\synthetic\space_shuttle\space_shuttle_family_175_var_02.png,space_shuttle,synthetic,synthetic_space_shuttle_family_175_var_02.jpg,synthetic::space_shuttle::family_175
C:\Users\enzoo\PycharmProjects\orbitshield-CV\orbitshield-acv\dataset\synthetic\space_shuttle\space_shuttle_family_175_var_03.png,space_shuttle,synthetic,synthetic_space_shuttle_family_175_var_03.jpg,synthetic::space_shuttle::family_175
C:\Users\enzoo\PycharmProjects\orbitshield-CV\orbitshield-acv\dataset\synthetic\space_shuttle\space_shuttle_family_175_var_04.png,space_shuttle,synthetic,synthetic_space_shuttle_family_175_var_04.jpg,synthetic::space_shuttle::family_175
C:\Users\enzoo\PycharmProjects\orbitshield-CV\orbitshield-acv\dataset\synthetic\space_shuttle\space_shuttle_family_175_var_05.png,space_shuttle,synthetic,synthetic_space_shuttle_family_175_var_05.jpg,synthetic::space_shuttle::family_175
C:\Users\enzoo\PycharmProjects\orbitshield-CV\orbitshield-acv\dataset\synthetic\space_shuttle\space_shuttle_family_176_var_01.png,space_shuttle,synthetic,synthetic_space_shuttle_family_176_var_01.jpg,synthetic::space_shuttle::family_176
C:\Users\enzoo\PycharmProjects\orbitshield-CV\orbitshield-acv\dataset\synthetic\space_shuttle\space_shuttle_family_176_var_02.png,space_shuttle,synthetic,synthetic_space_shuttle_family_176_var_02.jpg,synthetic::space_shuttle::family_176
C:\Users\enzoo\PycharmProjects\orbitshield-CV\orbitshield-acv\dataset\synthetic\space_shuttle\space_shuttle_family_176_var_03.png,space_shuttle,synthetic,synthetic_space_shuttle_family_176_var_03.jpg,synthetic::space_shuttle::family_176
C:\Users\enzoo\PycharmProjects\orbitshield-CV\orbitshield-acv\dataset\synthetic\space_shuttle\space_shuttle_family_176_var_04.png,space_shuttle,synthetic,synthetic_space_shuttle_family_176_var_04.jpg,synthetic::space_shuttle::family_176
C:\Users\enzoo\PycharmProjects\orbitshield-CV\orbitshield-acv\dataset\synthetic\space_shuttle\space_shuttle_family_176_var_05.png,space_shuttle,synthetic,synthetic_space_shuttle_family_176_var_05.jpg,synthetic::space_shuttle::family_176
C:\Users\enzoo\PycharmProjects\orbitshield-CV\orbitshield-acv\dataset\synthetic\space_shuttle\space_shuttle_family_177_var_01.png,space_shuttle,synthetic,synthetic_space_shuttle_family_177_var_01.jpg,synthetic::space_shuttle::family_177
C:\Users\enzoo\PycharmProjects\orbitshield-CV\orbitshield-acv\dataset\synthetic\space_shuttle\space_shuttle_family_177_var_02.png,space_shuttle,synthetic,synthetic_space_shuttle_family_177_var_02.jpg,synthetic::space_shuttle::family_177
C:\Users\enzoo\PycharmProjects\orbitshield-CV\orbitshield-acv\dataset\synthetic\space_shuttle\space_shuttle_family_177_var_03.png,space_shuttle,synthetic,synthetic_space_shuttle_family_177_var_03.jpg,synthetic::space_shuttle::family_177
C:\Users\enzoo\PycharmProjects\orbitshield-CV\orbitshield-acv\dataset\synthetic\space_shuttle\space_shuttle_family_177_var_04.png,space_shuttle,synthetic,synthetic_space_shuttle_family_177_var_04.jpg,synthetic::space_shuttle::family_177
C:\Users\enzoo\PycharmProjects\orbitshield-CV\orbitshield-acv\dataset\synthetic\space_shuttle\space_shuttle_family_177_var_05.png,space_shuttle,synthetic,synthetic_space_shuttle_family_177_var_05.jpg,synthetic::space_shuttle::family_177
C:\Users\enzoo\PycharmProjects\orbitshield-CV\orbitshield-acv\dataset\synthetic\space_shuttle\space_shuttle_family_178_var_01.png,space_shuttle,synthetic,synthetic_space_shuttle_family_178_var_01.jpg,synthetic::space_shuttle::family_178
C:\Users\enzoo\PycharmProjects\orbitshield-CV\orbitshield-acv\dataset\synthetic\space_shuttle\space_shuttle_family_178_var_02.png,space_shuttle,synthetic,synthetic_space_shuttle_family_178_var_02.jpg,synthetic::space_shuttle::family_178
C:\Users\enzoo\PycharmProjects\orbitshield-CV\orbitshield-acv\dataset\synthetic\space_shuttle\space_shuttle_family_178_var_03.png,space_shuttle,synthetic,synthetic_space_shuttle_family_178_var_03.jpg,synthetic::space_shuttle::family_178
C:\Users\enzoo\PycharmProjects\orbitshield-CV\orbitshield-acv\dataset\synthetic\space_shuttle\space_shuttle_family_178_var_04.png,space_shuttle,synthetic,synthetic_space_shuttle_family_178_var_04.jpg,synthetic::space_shuttle::family_178
C:\Users\enzoo\PycharmProjects\orbitshield-CV\orbitshield-acv\dataset\synthetic\space_shuttle\space_shuttle_family_178_var_05.png,space_shuttle,synthetic,synthetic_space_shuttle_family_178_var_05.jpg,synthetic::space_shuttle::family_178
C:\Users\enzoo\PycharmProjects\orbitshield-CV\orbitshield-acv\dataset\synthetic\space_shuttle\space_shuttle_family_179_var_01.png,space_shuttle,synthetic,synthetic_space_shuttle_family_179_var_01.jpg,synthetic::space_shuttle::family_179
C:\Users\enzoo\PycharmProjects\orbitshield-CV\orbitshield-acv\dataset\synthetic\space_shuttle\space_shuttle_family_179_var_02.png,space_shuttle,synthetic,synthetic_space_shuttle_family_179_var_02.jpg,synthetic::space_shuttle::family_179
C:\Users\enzoo\PycharmProjects\orbitshield-CV\orbitshield-acv\dataset\synthetic\space_shuttle\space_shuttle_family_179_var_03.png,space_shuttle,synthetic,synthetic_space_shuttle_family_179_var_03.jpg,synthetic::space_shuttle::family_179
C:\Users\enzoo\PycharmProjects\orbitshield-CV\orbitshield-acv\dataset\synthetic\space_shuttle\space_shuttle_family_179_var_04.png,space_shuttle,synthetic,synthetic_space_shuttle_family_179_var_04.jpg,synthetic::space_shuttle::family_179
C:\Users\enzoo\PycharmProjects\orbitshield-CV\orbitshield-acv\dataset\synthetic\space_shuttle\space_shuttle_family_179_var_05.png,space_shuttle,synthetic,synthetic_space_shuttle_family_179_var_05.jpg,synthetic::space_shuttle::family_179
C:\Users\enzoo\PycharmProjects\orbitshield-CV\orbitshield-acv\dataset\synthetic\space_shuttle\space_shuttle_family_180_var_01.png,space_shuttle,synthetic,synthetic_space_shuttle_family_180_var_01.jpg,synthetic::space_shuttle::family_180
C:\Users\enzoo\PycharmProjects\orbitshield-CV\orbitshield-acv\dataset\synthetic\space_shuttle\space_shuttle_family_180_var_02.png,space_shuttle,synthetic,synthetic_space_shuttle_family_180_var_02.jpg,synthetic::space_shuttle::family_180
C:\Users\enzoo\PycharmProjects\orbitshield-CV\orbitshield-acv\dataset\synthetic\space_shuttle\space_shuttle_family_180_var_03.png,space_shuttle,synthetic,synthetic_space_shuttle_family_180_var_03.jpg,synthetic::space_shuttle::family_180
C:\Users\enzoo\PycharmProjects\orbitshield-CV\orbitshield-acv\dataset\synthetic\space_shuttle\space_shuttle_family_180_var_04.png,space_shuttle,synthetic,synthetic_space_shuttle_family_180_var_04.jpg,synthetic::space_shuttle::family_180
C:\Users\enzoo\PycharmProjects\orbitshield-CV\orbitshield-acv\dataset\synthetic\space_shuttle\space_shuttle_family_180_var_05.png,space_shuttle,synthetic,synthetic_space_shuttle_family_180_var_05.jpg,synthetic::space_shuttle::family_180
